group,micro_id,micro_x,micro_y
G1,0001,432,1056
G1,0002,528,1056
G1,0003,624,1056
G1,0004,384,1104
G1,0005,480,1104
G1,0006,576,1104
G1,0007,672,1104
G1,0008,432,1152
G1,0009,528,1152
G1,0010,624,1152
G1,0011,384,1200
G1,0012,480,1200
G1,0013,576,1200
G1,0014,672,1200
G1,0015,432,1248
G1,0016,528,1248
G1,0017,624,1248
G1,0018,384,1296
G1,0019,480,1296
G1,0020,576,1296
G1,0021,672,1296
G1,0022,432,1344
G1,0023,528,1344
G1,0024,624,1344
G1,0025,384,1392
G1,0026,1536,960
G1,0027,1632,960
G1,0028,1488,1008
G1,0029,1584,1008
G1,0030,1680,1008
G1,0031,1536,1056
G1,0032,1632,1056
G1,0033,1488,1104
G1,0034,1584,1104
G1,0035,1680,1104
G1,0036,1536,1152
G1,0037,1632,1152
G1,0038,1488,1200
G1,0039,1584,1200
G1,0040,1680,1200
G1,0041,1536,1248
G1,0042,1632,1248
G1,0043,1488,1296
G1,0044,1584,1296
G1,0045,1680,1296
G1,0046,1536,1344
G1,0047,1632,1344
G1,0048,1488,1392
G1,0049,1584,1392
G1,0050,1680,1392
G1,0051,2640,1056
G1,0052,2736,1056
G1,0053,2832,1056
G1,0054,2592,1104
G1,0055,2688,1104
G1,0056,2784,1104
G1,0057,2880,1104
G1,0058,2640,1152
G1,0059,2736,1152
G1,0060,2832,1152
G1,0061,2592,1200
G1,0062,2688,1200
G1,0063,2784,1200
G1,0064,2880,1200
G1,0065,2640,1248
G1,0066,2736,1248
G1,0067,2832,1248
G1,0068,2592,1296
G1,0069,2688,1296
G1,0070,2784,1296
G1,0071,2880,1296
G1,0072,2640,1344
G1,0073,2736,1344
G1,0074,2832,1344
G1,0075,2592,1392
G1,0076,3696,1056
G1,0077,3792,1056
G1,0078,3888,1056
G1,0079,3984,1056
G1,0080,3744,1104
G1,0081,3840,1104
G1,0082,3936,1104
G1,0083,3696,1152
G1,0084,3792,1152
G1,0085,3888,1152
G1,0086,3984,1152
G1,0087,3744,1200
G1,0088,3840,1200
G1,0089,3936,1200
G1,0090,3696,1248
G1,0091,3792,1248
G1,0092,3888,1248
G1,0093,3984,1248
G1,0094,3744,1296
G1,0095,3840,1296
G1,0096,3936,1296
G1,0097,3696,1344
G1,0098,3792,1344
G1,0099,3888,1344
G1,0100,3984,1344
dummy,null_00001,0,0
dummy,null_00002,48,0
dummy,null_00003,96,0
dummy,null_00004,144,0
dummy,null_00005,192,0
dummy,null_00006,240,0
dummy,null_00007,288,0
dummy,null_00008,336,0
dummy,null_00009,384,0
dummy,null_00010,432,0
dummy,null_00011,480,0
dummy,null_00012,528,0
dummy,null_00013,576,0
dummy,null_00014,624,0
dummy,null_00015,672,0
dummy,null_00016,720,0
dummy,null_00017,768,0
dummy,null_00018,816,0
dummy,null_00019,864,0
dummy,null_00020,912,0
dummy,null_00021,960,0
dummy,null_00022,1008,0
dummy,null_00023,1056,0
dummy,null_00024,1104,0
dummy,null_00025,1152,0
dummy,null_00026,1200,0
dummy,null_00027,1248,0
dummy,null_00028,1296,0
dummy,null_00029,1344,0
dummy,null_00030,1392,0
dummy,null_00031,1440,0
dummy,null_00032,1488,0
dummy,null_00033,1536,0
dummy,null_00034,1584,0
dummy,null_00035,1632,0
dummy,null_00036,1680,0
dummy,null_00037,1728,0
dummy,null_00038,1776,0
dummy,null_00039,1824,0
dummy,null_00040,1872,0
dummy,null_00041,1920,0
dummy,null_00042,1968,0
dummy,null_00043,2016,0
dummy,null_00044,2064,0
dummy,null_00045,2112,0
dummy,null_00046,2160,0
dummy,null_00047,2208,0
dummy,null_00048,2256,0
dummy,null_00049,2304,0
dummy,null_00050,2352,0
dummy,null_00051,2400,0
dummy,null_00052,2448,0
dummy,null_00053,2496,0
dummy,null_00054,2544,0
dummy,null_00055,2592,0
dummy,null_00056,2640,0
dummy,null_00057,2688,0
dummy,null_00058,2736,0
dummy,null_00059,2784,0
dummy,null_00060,2832,0
dummy,null_00061,2880,0
dummy,null_00062,2928,0
dummy,null_00063,2976,0
dummy,null_00064,3024,0
dummy,null_00065,3072,0
dummy,null_00066,3120,0
dummy,null_00067,3168,0
dummy,null_00068,3216,0
dummy,null_00069,3264,0
dummy,null_00070,3312,0
dummy,null_00071,3360,0
dummy,null_00072,3408,0
dummy,null_00073,3456,0
dummy,null_00074,3504,0
dummy,null_00075,3552,0
dummy,null_00076,3600,0
dummy,null_00077,3648,0
dummy,null_00078,3696,0
dummy,null_00079,3744,0
dummy,null_00080,3792,0
dummy,null_00081,3840,0
dummy,null_00082,3888,0
dummy,null_00083,3936,0
dummy,null_00084,3984,0
dummy,null_00085,4032,0
dummy,null_00086,4080,0
dummy,null_00087,4128,0
dummy,null_00088,4176,0
dummy,null_00089,4224,0
dummy,null_00090,4272,0
dummy,null_00091,4320,0
dummy,null_00092,4368,0
dummy,null_00093,4416,0
dummy,null_00094,4464,0
dummy,null_00095,4512,0
dummy,null_00096,4560,0
dummy,null_00097,4608,0
dummy,null_00098,4656,0
dummy,null_00099,4704,0
dummy,null_00100,4752,0
dummy,null_00101,4800,0
dummy,null_00102,4848,0
dummy,null_00103,4896,0
dummy,null_00104,4944,0
dummy,null_00105,4992,0
dummy,null_00106,0,48
dummy,null_00107,48,48
dummy,null_00108,96,48
dummy,null_00109,144,48
dummy,null_00110,192,48
dummy,null_00111,240,48
dummy,null_00112,288,48
dummy,null_00113,336,48
dummy,null_00114,384,48
dummy,null_00115,432,48
dummy,null_00116,480,48
dummy,null_00117,528,48
dummy,null_00118,576,48
dummy,null_00119,624,48
dummy,null_00120,672,48
dummy,null_00121,720,48
dummy,null_00122,768,48
dummy,null_00123,816,48
dummy,null_00124,864,48
dummy,null_00125,912,48
dummy,null_00126,960,48
dummy,null_00127,1008,48
dummy,null_00128,1056,48
dummy,null_00129,1104,48
dummy,null_00130,1152,48
dummy,null_00131,1200,48
dummy,null_00132,1248,48
dummy,null_00133,1296,48
dummy,null_00134,1344,48
dummy,null_00135,1392,48
dummy,null_00136,1440,48
dummy,null_00137,1488,48
dummy,null_00138,1536,48
dummy,null_00139,1584,48
dummy,null_00140,1632,48
dummy,null_00141,1680,48
dummy,null_00142,1728,48
dummy,null_00143,1776,48
dummy,null_00144,1824,48
dummy,null_00145,1872,48
dummy,null_00146,1920,48
dummy,null_00147,1968,48
dummy,null_00148,2016,48
dummy,null_00149,2064,48
dummy,null_00150,2112,48
dummy,null_00151,2160,48
dummy,null_00152,2208,48
dummy,null_00153,2256,48
dummy,null_00154,2304,48
dummy,null_00155,2352,48
dummy,null_00156,2400,48
dummy,null_00157,2448,48
dummy,null_00158,2496,48
dummy,null_00159,2544,48
dummy,null_00160,2592,48
dummy,null_00161,2640,48
dummy,null_00162,2688,48
dummy,null_00163,2736,48
dummy,null_00164,2784,48
dummy,null_00165,2832,48
dummy,null_00166,2880,48
dummy,null_00167,2928,48
dummy,null_00168,2976,48
dummy,null_00169,3024,48
dummy,null_00170,3072,48
dummy,null_00171,3120,48
dummy,null_00172,3168,48
dummy,null_00173,3216,48
dummy,null_00174,3264,48
dummy,null_00175,3312,48
dummy,null_00176,3360,48
dummy,null_00177,3408,48
dummy,null_00178,3456,48
dummy,null_00179,3504,48
dummy,null_00180,3552,48
dummy,null_00181,3600,48
dummy,null_00182,3648,48
dummy,null_00183,3696,48
dummy,null_00184,3744,48
dummy,null_00185,3792,48
dummy,null_00186,3840,48
dummy,null_00187,3888,48
dummy,null_00188,3936,48
dummy,null_00189,3984,48
dummy,null_00190,4032,48
dummy,null_00191,4080,48
dummy,null_00192,4128,48
dummy,null_00193,4176,48
dummy,null_00194,4224,48
dummy,null_00195,4272,48
dummy,null_00196,4320,48
dummy,null_00197,4368,48
dummy,null_00198,4416,48
dummy,null_00199,4464,48
dummy,null_00200,4512,48
dummy,null_00201,4560,48
dummy,null_00202,4608,48
dummy,null_00203,4656,48
dummy,null_00204,4704,48
dummy,null_00205,4752,48
dummy,null_00206,4800,48
dummy,null_00207,4848,48
dummy,null_00208,4896,48
dummy,null_00209,4944,48
dummy,null_00210,4992,48
dummy,null_00211,0,96
dummy,null_00212,48,96
dummy,null_00213,96,96
dummy,null_00214,144,96
dummy,null_00215,192,96
dummy,null_00216,240,96
dummy,null_00217,288,96
dummy,null_00218,336,96
dummy,null_00219,384,96
dummy,null_00220,432,96
dummy,null_00221,480,96
dummy,null_00222,528,96
dummy,null_00223,576,96
dummy,null_00224,624,96
dummy,null_00225,672,96
dummy,null_00226,720,96
dummy,null_00227,768,96
dummy,null_00228,816,96
dummy,null_00229,864,96
dummy,null_00230,912,96
dummy,null_00231,960,96
dummy,null_00232,1008,96
dummy,null_00233,1056,96
dummy,null_00234,1104,96
dummy,null_00235,1152,96
dummy,null_00236,1200,96
dummy,null_00237,1248,96
dummy,null_00238,1296,96
dummy,null_00239,1344,96
dummy,null_00240,1392,96
dummy,null_00241,1440,96
dummy,null_00242,1488,96
dummy,null_00243,1536,96
dummy,null_00244,1584,96
dummy,null_00245,1632,96
dummy,null_00246,1680,96
dummy,null_00247,1728,96
dummy,null_00248,1776,96
dummy,null_00249,1824,96
dummy,null_00250,1872,96
dummy,null_00251,1920,96
dummy,null_00252,1968,96
dummy,null_00253,2016,96
dummy,null_00254,2064,96
dummy,null_00255,2112,96
dummy,null_00256,2160,96
dummy,null_00257,2208,96
dummy,null_00258,2256,96
dummy,null_00259,2304,96
dummy,null_00260,2352,96
dummy,null_00261,2400,96
dummy,null_00262,2448,96
dummy,null_00263,2496,96
dummy,null_00264,2544,96
dummy,null_00265,2592,96
dummy,null_00266,2640,96
dummy,null_00267,2688,96
dummy,null_00268,2736,96
dummy,null_00269,2784,96
dummy,null_00270,2832,96
dummy,null_00271,2880,96
dummy,null_00272,2928,96
dummy,null_00273,2976,96
dummy,null_00274,3024,96
dummy,null_00275,3072,96
dummy,null_00276,3120,96
dummy,null_00277,3168,96
dummy,null_00278,3216,96
dummy,null_00279,3264,96
dummy,null_00280,3312,96
dummy,null_00281,3360,96
dummy,null_00282,3408,96
dummy,null_00283,3456,96
dummy,null_00284,3504,96
dummy,null_00285,3552,96
dummy,null_00286,3600,96
dummy,null_00287,3648,96
dummy,null_00288,3696,96
dummy,null_00289,3744,96
dummy,null_00290,3792,96
dummy,null_00291,3840,96
dummy,null_00292,3888,96
dummy,null_00293,3936,96
dummy,null_00294,3984,96
dummy,null_00295,4032,96
dummy,null_00296,4080,96
dummy,null_00297,4128,96
dummy,null_00298,4176,96
dummy,null_00299,4224,96
dummy,null_00300,4272,96
dummy,null_00301,4320,96
dummy,null_00302,4368,96
dummy,null_00303,4416,96
dummy,null_00304,4464,96
dummy,null_00305,4512,96
dummy,null_00306,4560,96
dummy,null_00307,4608,96
dummy,null_00308,4656,96
dummy,null_00309,4704,96
dummy,null_00310,4752,96
dummy,null_00311,4800,96
dummy,null_00312,4848,96
dummy,null_00313,4896,96
dummy,null_00314,4944,96
dummy,null_00315,4992,96
dummy,null_00316,0,144
dummy,null_00317,48,144
dummy,null_00318,96,144
dummy,null_00319,144,144
dummy,null_00320,192,144
dummy,null_00321,240,144
dummy,null_00322,288,144
dummy,null_00323,336,144
dummy,null_00324,384,144
dummy,null_00325,432,144
dummy,null_00326,480,144
dummy,null_00327,528,144
dummy,null_00328,576,144
dummy,null_00329,624,144
dummy,null_00330,672,144
dummy,null_00331,720,144
dummy,null_00332,768,144
dummy,null_00333,816,144
dummy,null_00334,864,144
dummy,null_00335,912,144
dummy,null_00336,960,144
dummy,null_00337,1008,144
dummy,null_00338,1056,144
dummy,null_00339,1104,144
dummy,null_00340,1152,144
dummy,null_00341,1200,144
dummy,null_00342,1248,144
dummy,null_00343,1296,144
dummy,null_00344,1344,144
dummy,null_00345,1392,144
dummy,null_00346,1440,144
dummy,null_00347,1488,144
dummy,null_00348,1536,144
dummy,null_00349,1584,144
dummy,null_00350,1632,144
dummy,null_00351,1680,144
dummy,null_00352,1728,144
dummy,null_00353,1776,144
dummy,null_00354,1824,144
dummy,null_00355,1872,144
dummy,null_00356,1920,144
dummy,null_00357,1968,144
dummy,null_00358,2016,144
dummy,null_00359,2064,144
dummy,null_00360,2112,144
dummy,null_00361,2160,144
dummy,null_00362,2208,144
dummy,null_00363,2256,144
dummy,null_00364,2304,144
dummy,null_00365,2352,144
dummy,null_00366,2400,144
dummy,null_00367,2448,144
dummy,null_00368,2496,144
dummy,null_00369,2544,144
dummy,null_00370,2592,144
dummy,null_00371,2640,144
dummy,null_00372,2688,144
dummy,null_00373,2736,144
dummy,null_00374,2784,144
dummy,null_00375,2832,144
dummy,null_00376,2880,144
dummy,null_00377,2928,144
dummy,null_00378,2976,144
dummy,null_00379,3024,144
dummy,null_00380,3072,144
dummy,null_00381,3120,144
dummy,null_00382,3168,144
dummy,null_00383,3216,144
dummy,null_00384,3264,144
dummy,null_00385,3312,144
dummy,null_00386,3360,144
dummy,null_00387,3408,144
dummy,null_00388,3456,144
dummy,null_00389,3504,144
dummy,null_00390,3552,144
dummy,null_00391,3600,144
dummy,null_00392,3648,144
dummy,null_00393,3696,144
dummy,null_00394,3744,144
dummy,null_00395,3792,144
dummy,null_00396,3840,144
dummy,null_00397,3888,144
dummy,null_00398,3936,144
dummy,null_00399,3984,144
dummy,null_00400,4032,144
dummy,null_00401,4080,144
dummy,null_00402,4128,144
dummy,null_00403,4176,144
dummy,null_00404,4224,144
dummy,null_00405,4272,144
dummy,null_00406,4320,144
dummy,null_00407,4368,144
dummy,null_00408,4416,144
dummy,null_00409,4464,144
dummy,null_00410,4512,144
dummy,null_00411,4560,144
dummy,null_00412,4608,144
dummy,null_00413,4656,144
dummy,null_00414,4704,144
dummy,null_00415,4752,144
dummy,null_00416,4800,144
dummy,null_00417,4848,144
dummy,null_00418,4896,144
dummy,null_00419,4944,144
dummy,null_00420,4992,144
dummy,null_00421,0,192
dummy,null_00422,48,192
dummy,null_00423,96,192
dummy,null_00424,144,192
dummy,null_00425,192,192
dummy,null_00426,240,192
dummy,null_00427,288,192
dummy,null_00428,336,192
dummy,null_00429,384,192
dummy,null_00430,432,192
dummy,null_00431,480,192
dummy,null_00432,528,192
dummy,null_00433,576,192
dummy,null_00434,624,192
dummy,null_00435,672,192
dummy,null_00436,720,192
dummy,null_00437,768,192
dummy,null_00438,816,192
dummy,null_00439,864,192
dummy,null_00440,912,192
dummy,null_00441,960,192
dummy,null_00442,1008,192
dummy,null_00443,1056,192
dummy,null_00444,1104,192
dummy,null_00445,1152,192
dummy,null_00446,1200,192
dummy,null_00447,1248,192
dummy,null_00448,1296,192
dummy,null_00449,1344,192
dummy,null_00450,1392,192
dummy,null_00451,1440,192
dummy,null_00452,1488,192
dummy,null_00453,1536,192
dummy,null_00454,1584,192
dummy,null_00455,1632,192
dummy,null_00456,1680,192
dummy,null_00457,1728,192
dummy,null_00458,1776,192
dummy,null_00459,1824,192
dummy,null_00460,1872,192
dummy,null_00461,1920,192
dummy,null_00462,1968,192
dummy,null_00463,2016,192
dummy,null_00464,2064,192
dummy,null_00465,2112,192
dummy,null_00466,2160,192
dummy,null_00467,2208,192
dummy,null_00468,2256,192
dummy,null_00469,2304,192
dummy,null_00470,2352,192
dummy,null_00471,2400,192
dummy,null_00472,2448,192
dummy,null_00473,2496,192
dummy,null_00474,2544,192
dummy,null_00475,2592,192
dummy,null_00476,2640,192
dummy,null_00477,2688,192
dummy,null_00478,2736,192
dummy,null_00479,2784,192
dummy,null_00480,2832,192
dummy,null_00481,2880,192
dummy,null_00482,2928,192
dummy,null_00483,2976,192
dummy,null_00484,3024,192
dummy,null_00485,3072,192
dummy,null_00486,3120,192
dummy,null_00487,3168,192
dummy,null_00488,3216,192
dummy,null_00489,3264,192
dummy,null_00490,3312,192
dummy,null_00491,3360,192
dummy,null_00492,3408,192
dummy,null_00493,3456,192
dummy,null_00494,3504,192
dummy,null_00495,3552,192
dummy,null_00496,3600,192
dummy,null_00497,3648,192
dummy,null_00498,3696,192
dummy,null_00499,3744,192
dummy,null_00500,3792,192
dummy,null_00501,3840,192
dummy,null_00502,3888,192
dummy,null_00503,3936,192
dummy,null_00504,3984,192
dummy,null_00505,4032,192
dummy,null_00506,4080,192
dummy,null_00507,4128,192
dummy,null_00508,4176,192
dummy,null_00509,4224,192
dummy,null_00510,4272,192
dummy,null_00511,4320,192
dummy,null_00512,4368,192
dummy,null_00513,4416,192
dummy,null_00514,4464,192
dummy,null_00515,4512,192
dummy,null_00516,4560,192
dummy,null_00517,4608,192
dummy,null_00518,4656,192
dummy,null_00519,4704,192
dummy,null_00520,4752,192
dummy,null_00521,4800,192
dummy,null_00522,4848,192
dummy,null_00523,4896,192
dummy,null_00524,4944,192
dummy,null_00525,4992,192
dummy,null_00526,0,240
dummy,null_00527,48,240
dummy,null_00528,96,240
dummy,null_00529,144,240
dummy,null_00530,192,240
dummy,null_00531,240,240
dummy,null_00532,288,240
dummy,null_00533,336,240
dummy,null_00534,384,240
dummy,null_00535,432,240
dummy,null_00536,480,240
dummy,null_00537,528,240
dummy,null_00538,576,240
dummy,null_00539,624,240
dummy,null_00540,672,240
dummy,null_00541,720,240
dummy,null_00542,768,240
dummy,null_00543,816,240
dummy,null_00544,864,240
dummy,null_00545,912,240
dummy,null_00546,960,240
dummy,null_00547,1008,240
dummy,null_00548,1056,240
dummy,null_00549,1104,240
dummy,null_00550,1152,240
dummy,null_00551,1200,240
dummy,null_00552,1248,240
dummy,null_00553,1296,240
dummy,null_00554,1344,240
dummy,null_00555,1392,240
dummy,null_00556,1440,240
dummy,null_00557,1488,240
dummy,null_00558,1536,240
dummy,null_00559,1584,240
dummy,null_00560,1632,240
dummy,null_00561,1680,240
dummy,null_00562,1728,240
dummy,null_00563,1776,240
dummy,null_00564,1824,240
dummy,null_00565,1872,240
dummy,null_00566,1920,240
dummy,null_00567,1968,240
dummy,null_00568,2016,240
dummy,null_00569,2064,240
dummy,null_00570,2112,240
dummy,null_00571,2160,240
dummy,null_00572,2208,240
dummy,null_00573,2256,240
dummy,null_00574,2304,240
dummy,null_00575,2352,240
dummy,null_00576,2400,240
dummy,null_00577,2448,240
dummy,null_00578,2496,240
dummy,null_00579,2544,240
dummy,null_00580,2592,240
dummy,null_00581,2640,240
dummy,null_00582,2688,240
dummy,null_00583,2736,240
dummy,null_00584,2784,240
dummy,null_00585,2832,240
dummy,null_00586,2880,240
dummy,null_00587,2928,240
dummy,null_00588,2976,240
dummy,null_00589,3024,240
dummy,null_00590,3072,240
dummy,null_00591,3120,240
dummy,null_00592,3168,240
dummy,null_00593,3216,240
dummy,null_00594,3264,240
dummy,null_00595,3312,240
dummy,null_00596,3360,240
dummy,null_00597,3408,240
dummy,null_00598,3456,240
dummy,null_00599,3504,240
dummy,null_00600,3552,240
dummy,null_00601,3600,240
dummy,null_00602,3648,240
dummy,null_00603,3696,240
dummy,null_00604,3744,240
dummy,null_00605,3792,240
dummy,null_00606,3840,240
dummy,null_00607,3888,240
dummy,null_00608,3936,240
dummy,null_00609,3984,240
dummy,null_00610,4032,240
dummy,null_00611,4080,240
dummy,null_00612,4128,240
dummy,null_00613,4176,240
dummy,null_00614,4224,240
dummy,null_00615,4272,240
dummy,null_00616,4320,240
dummy,null_00617,4368,240
dummy,null_00618,4416,240
dummy,null_00619,4464,240
dummy,null_00620,4512,240
dummy,null_00621,4560,240
dummy,null_00622,4608,240
dummy,null_00623,4656,240
dummy,null_00624,4704,240
dummy,null_00625,4752,240
dummy,null_00626,4800,240
dummy,null_00627,4848,240
dummy,null_00628,4896,240
dummy,null_00629,4944,240
dummy,null_00630,4992,240
dummy,null_00631,0,288
dummy,null_00632,48,288
dummy,null_00633,96,288
dummy,null_00634,144,288
dummy,null_00635,192,288
dummy,null_00636,240,288
dummy,null_00637,288,288
dummy,null_00638,336,288
dummy,null_00639,384,288
dummy,null_00640,432,288
dummy,null_00641,480,288
dummy,null_00642,528,288
dummy,null_00643,576,288
dummy,null_00644,624,288
dummy,null_00645,672,288
dummy,null_00646,720,288
dummy,null_00647,768,288
dummy,null_00648,816,288
dummy,null_00649,864,288
dummy,null_00650,912,288
dummy,null_00651,960,288
dummy,null_00652,1008,288
dummy,null_00653,1056,288
dummy,null_00654,1104,288
dummy,null_00655,1152,288
dummy,null_00656,1200,288
dummy,null_00657,1248,288
dummy,null_00658,1296,288
dummy,null_00659,1344,288
dummy,null_00660,1392,288
dummy,null_00661,1440,288
dummy,null_00662,1488,288
dummy,null_00663,1536,288
dummy,null_00664,1584,288
dummy,null_00665,1632,288
dummy,null_00666,1680,288
dummy,null_00667,1728,288
dummy,null_00668,1776,288
dummy,null_00669,1824,288
dummy,null_00670,1872,288
dummy,null_00671,1920,288
dummy,null_00672,1968,288
dummy,null_00673,2016,288
dummy,null_00674,2064,288
dummy,null_00675,2112,288
dummy,null_00676,2160,288
dummy,null_00677,2208,288
dummy,null_00678,2256,288
dummy,null_00679,2304,288
dummy,null_00680,2352,288
dummy,null_00681,2400,288
dummy,null_00682,2448,288
dummy,null_00683,2496,288
dummy,null_00684,2544,288
dummy,null_00685,2592,288
dummy,null_00686,2640,288
dummy,null_00687,2688,288
dummy,null_00688,2736,288
dummy,null_00689,2784,288
dummy,null_00690,2832,288
dummy,null_00691,2880,288
dummy,null_00692,2928,288
dummy,null_00693,2976,288
dummy,null_00694,3024,288
dummy,null_00695,3072,288
dummy,null_00696,3120,288
dummy,null_00697,3168,288
dummy,null_00698,3216,288
dummy,null_00699,3264,288
dummy,null_00700,3312,288
dummy,null_00701,3360,288
dummy,null_00702,3408,288
dummy,null_00703,3456,288
dummy,null_00704,3504,288
dummy,null_00705,3552,288
dummy,null_00706,3600,288
dummy,null_00707,3648,288
dummy,null_00708,3696,288
dummy,null_00709,3744,288
dummy,null_00710,3792,288
dummy,null_00711,3840,288
dummy,null_00712,3888,288
dummy,null_00713,3936,288
dummy,null_00714,3984,288
dummy,null_00715,4032,288
dummy,null_00716,4080,288
dummy,null_00717,4128,288
dummy,null_00718,4176,288
dummy,null_00719,4224,288
dummy,null_00720,4272,288
dummy,null_00721,4320,288
dummy,null_00722,4368,288
dummy,null_00723,4416,288
dummy,null_00724,4464,288
dummy,null_00725,4512,288
dummy,null_00726,4560,288
dummy,null_00727,4608,288
dummy,null_00728,4656,288
dummy,null_00729,4704,288
dummy,null_00730,4752,288
dummy,null_00731,4800,288
dummy,null_00732,4848,288
dummy,null_00733,4896,288
dummy,null_00734,4944,288
dummy,null_00735,4992,288
dummy,null_00736,0,336
dummy,null_00737,48,336
dummy,null_00738,96,336
dummy,null_00739,144,336
dummy,null_00740,192,336
dummy,null_00741,240,336
dummy,null_00742,288,336
dummy,null_00743,336,336
dummy,null_00744,384,336
dummy,null_00745,432,336
dummy,null_00746,480,336
dummy,null_00747,528,336
dummy,null_00748,576,336
dummy,null_00749,624,336
dummy,null_00750,672,336
dummy,null_00751,720,336
dummy,null_00752,768,336
dummy,null_00753,816,336
dummy,null_00754,864,336
dummy,null_00755,912,336
dummy,null_00756,960,336
dummy,null_00757,1008,336
dummy,null_00758,1056,336
dummy,null_00759,1104,336
dummy,null_00760,1152,336
dummy,null_00761,1200,336
dummy,null_00762,1248,336
dummy,null_00763,1296,336
dummy,null_00764,1344,336
dummy,null_00765,1392,336
dummy,null_00766,1440,336
dummy,null_00767,1488,336
dummy,null_00768,1536,336
dummy,null_00769,1584,336
dummy,null_00770,1632,336
dummy,null_00771,1680,336
dummy,null_00772,1728,336
dummy,null_00773,1776,336
dummy,null_00774,1824,336
dummy,null_00775,1872,336
dummy,null_00776,1920,336
dummy,null_00777,1968,336
dummy,null_00778,2016,336
dummy,null_00779,2064,336
dummy,null_00780,2112,336
dummy,null_00781,2160,336
dummy,null_00782,2208,336
dummy,null_00783,2256,336
dummy,null_00784,2304,336
dummy,null_00785,2352,336
dummy,null_00786,2400,336
dummy,null_00787,2448,336
dummy,null_00788,2496,336
dummy,null_00789,2544,336
dummy,null_00790,2592,336
dummy,null_00791,2640,336
dummy,null_00792,2688,336
dummy,null_00793,2736,336
dummy,null_00794,2784,336
dummy,null_00795,2832,336
dummy,null_00796,2880,336
dummy,null_00797,2928,336
dummy,null_00798,2976,336
dummy,null_00799,3024,336
dummy,null_00800,3072,336
dummy,null_00801,3120,336
dummy,null_00802,3168,336
dummy,null_00803,3216,336
dummy,null_00804,3264,336
dummy,null_00805,3312,336
dummy,null_00806,3360,336
dummy,null_00807,3408,336
dummy,null_00808,3456,336
dummy,null_00809,3504,336
dummy,null_00810,3552,336
dummy,null_00811,3600,336
dummy,null_00812,3648,336
dummy,null_00813,3696,336
dummy,null_00814,3744,336
dummy,null_00815,3792,336
dummy,null_00816,3840,336
dummy,null_00817,3888,336
dummy,null_00818,3936,336
dummy,null_00819,3984,336
dummy,null_00820,4032,336
dummy,null_00821,4080,336
dummy,null_00822,4128,336
dummy,null_00823,4176,336
dummy,null_00824,4224,336
dummy,null_00825,4272,336
dummy,null_00826,4320,336
dummy,null_00827,4368,336
dummy,null_00828,4416,336
dummy,null_00829,4464,336
dummy,null_00830,4512,336
dummy,null_00831,4560,336
dummy,null_00832,4608,336
dummy,null_00833,4656,336
dummy,null_00834,4704,336
dummy,null_00835,4752,336
dummy,null_00836,4800,336
dummy,null_00837,4848,336
dummy,null_00838,4896,336
dummy,null_00839,4944,336
dummy,null_00840,4992,336
dummy,null_00841,0,384
dummy,null_00842,48,384
dummy,null_00843,96,384
dummy,null_00844,144,384
dummy,null_00845,192,384
dummy,null_00846,240,384
dummy,null_00847,288,384
dummy,null_00848,336,384
dummy,null_00849,384,384
dummy,null_00850,432,384
dummy,null_00851,480,384
dummy,null_00852,528,384
dummy,null_00853,576,384
dummy,null_00854,624,384
dummy,null_00855,672,384
dummy,null_00856,720,384
dummy,null_00857,768,384
dummy,null_00858,816,384
dummy,null_00859,864,384
dummy,null_00860,912,384
dummy,null_00861,960,384
dummy,null_00862,1008,384
dummy,null_00863,1056,384
dummy,null_00864,1104,384
dummy,null_00865,1152,384
dummy,null_00866,1200,384
dummy,null_00867,1248,384
dummy,null_00868,1296,384
dummy,null_00869,1344,384
dummy,null_00870,1392,384
dummy,null_00871,1440,384
dummy,null_00872,1488,384
dummy,null_00873,1536,384
dummy,null_00874,1584,384
dummy,null_00875,1632,384
dummy,null_00876,1680,384
dummy,null_00877,1728,384
dummy,null_00878,1776,384
dummy,null_00879,1824,384
dummy,null_00880,1872,384
dummy,null_00881,1920,384
dummy,null_00882,1968,384
dummy,null_00883,2016,384
dummy,null_00884,2064,384
dummy,null_00885,2112,384
dummy,null_00886,2160,384
dummy,null_00887,2208,384
dummy,null_00888,2256,384
dummy,null_00889,2304,384
dummy,null_00890,2352,384
dummy,null_00891,2400,384
dummy,null_00892,2448,384
dummy,null_00893,2496,384
dummy,null_00894,2544,384
dummy,null_00895,2592,384
dummy,null_00896,2640,384
dummy,null_00897,2688,384
dummy,null_00898,2736,384
dummy,null_00899,2784,384
dummy,null_00900,2832,384
dummy,null_00901,2880,384
dummy,null_00902,2928,384
dummy,null_00903,2976,384
dummy,null_00904,3024,384
dummy,null_00905,3072,384
dummy,null_00906,3120,384
dummy,null_00907,3168,384
dummy,null_00908,3216,384
dummy,null_00909,3264,384
dummy,null_00910,3312,384
dummy,null_00911,3360,384
dummy,null_00912,3408,384
dummy,null_00913,3456,384
dummy,null_00914,3504,384
dummy,null_00915,3552,384
dummy,null_00916,3600,384
dummy,null_00917,3648,384
dummy,null_00918,3696,384
dummy,null_00919,3744,384
dummy,null_00920,3792,384
dummy,null_00921,3840,384
dummy,null_00922,3888,384
dummy,null_00923,3936,384
dummy,null_00924,3984,384
dummy,null_00925,4032,384
dummy,null_00926,4080,384
dummy,null_00927,4128,384
dummy,null_00928,4176,384
dummy,null_00929,4224,384
dummy,null_00930,4272,384
dummy,null_00931,4320,384
dummy,null_00932,4368,384
dummy,null_00933,4416,384
dummy,null_00934,4464,384
dummy,null_00935,4512,384
dummy,null_00936,4560,384
dummy,null_00937,4608,384
dummy,null_00938,4656,384
dummy,null_00939,4704,384
dummy,null_00940,4752,384
dummy,null_00941,4800,384
dummy,null_00942,4848,384
dummy,null_00943,4896,384
dummy,null_00944,4944,384
dummy,null_00945,4992,384
dummy,null_00946,0,432
dummy,null_00947,48,432
dummy,null_00948,96,432
dummy,null_00949,144,432
dummy,null_00950,192,432
dummy,null_00951,240,432
dummy,null_00952,288,432
dummy,null_00953,336,432
dummy,null_00954,384,432
dummy,null_00955,432,432
dummy,null_00956,480,432
dummy,null_00957,528,432
dummy,null_00958,576,432
dummy,null_00959,624,432
dummy,null_00960,672,432
dummy,null_00961,720,432
dummy,null_00962,768,432
dummy,null_00963,816,432
dummy,null_00964,864,432
dummy,null_00965,912,432
dummy,null_00966,960,432
dummy,null_00967,1008,432
dummy,null_00968,1056,432
dummy,null_00969,1104,432
dummy,null_00970,1152,432
dummy,null_00971,1200,432
dummy,null_00972,1248,432
dummy,null_00973,1296,432
dummy,null_00974,1344,432
dummy,null_00975,1392,432
dummy,null_00976,1440,432
dummy,null_00977,1488,432
dummy,null_00978,1536,432
dummy,null_00979,1584,432
dummy,null_00980,1632,432
dummy,null_00981,1680,432
dummy,null_00982,1728,432
dummy,null_00983,1776,432
dummy,null_00984,1824,432
dummy,null_00985,1872,432
dummy,null_00986,1920,432
dummy,null_00987,1968,432
dummy,null_00988,2016,432
dummy,null_00989,2064,432
dummy,null_00990,2112,432
dummy,null_00991,2160,432
dummy,null_00992,2208,432
dummy,null_00993,2256,432
dummy,null_00994,2304,432
dummy,null_00995,2352,432
dummy,null_00996,2400,432
dummy,null_00997,2448,432
dummy,null_00998,2496,432
dummy,null_00999,2544,432
dummy,null_01000,2592,432
dummy,null_01001,2640,432
dummy,null_01002,2688,432
dummy,null_01003,2736,432
dummy,null_01004,2784,432
dummy,null_01005,2832,432
dummy,null_01006,2880,432
dummy,null_01007,2928,432
dummy,null_01008,2976,432
dummy,null_01009,3024,432
dummy,null_01010,3072,432
dummy,null_01011,3120,432
dummy,null_01012,3168,432
dummy,null_01013,3216,432
dummy,null_01014,3264,432
dummy,null_01015,3312,432
dummy,null_01016,3360,432
dummy,null_01017,3408,432
dummy,null_01018,3456,432
dummy,null_01019,3504,432
dummy,null_01020,3552,432
dummy,null_01021,3600,432
dummy,null_01022,3648,432
dummy,null_01023,3696,432
dummy,null_01024,3744,432
dummy,null_01025,3792,432
dummy,null_01026,3840,432
dummy,null_01027,3888,432
dummy,null_01028,3936,432
dummy,null_01029,3984,432
dummy,null_01030,4032,432
dummy,null_01031,4080,432
dummy,null_01032,4128,432
dummy,null_01033,4176,432
dummy,null_01034,4224,432
dummy,null_01035,4272,432
dummy,null_01036,4320,432
dummy,null_01037,4368,432
dummy,null_01038,4416,432
dummy,null_01039,4464,432
dummy,null_01040,4512,432
dummy,null_01041,4560,432
dummy,null_01042,4608,432
dummy,null_01043,4656,432
dummy,null_01044,4704,432
dummy,null_01045,4752,432
dummy,null_01046,4800,432
dummy,null_01047,4848,432
dummy,null_01048,4896,432
dummy,null_01049,4944,432
dummy,null_01050,4992,432
dummy,null_01051,0,480
dummy,null_01052,48,480
dummy,null_01053,96,480
dummy,null_01054,144,480
dummy,null_01055,192,480
dummy,null_01056,240,480
dummy,null_01057,288,480
dummy,null_01058,336,480
dummy,null_01059,384,480
dummy,null_01060,432,480
dummy,null_01061,480,480
dummy,null_01062,528,480
dummy,null_01063,576,480
dummy,null_01064,624,480
dummy,null_01065,672,480
dummy,null_01066,720,480
dummy,null_01067,768,480
dummy,null_01068,816,480
dummy,null_01069,864,480
dummy,null_01070,912,480
dummy,null_01071,960,480
dummy,null_01072,1008,480
dummy,null_01073,1056,480
dummy,null_01074,1104,480
dummy,null_01075,1152,480
dummy,null_01076,1200,480
dummy,null_01077,1248,480
dummy,null_01078,1296,480
dummy,null_01079,1344,480
dummy,null_01080,1392,480
dummy,null_01081,1440,480
dummy,null_01082,1488,480
dummy,null_01083,1536,480
dummy,null_01084,1584,480
dummy,null_01085,1632,480
dummy,null_01086,1680,480
dummy,null_01087,1728,480
dummy,null_01088,1776,480
dummy,null_01089,1824,480
dummy,null_01090,1872,480
dummy,null_01091,1920,480
dummy,null_01092,1968,480
dummy,null_01093,2016,480
dummy,null_01094,2064,480
dummy,null_01095,2112,480
dummy,null_01096,2160,480
dummy,null_01097,2208,480
dummy,null_01098,2256,480
dummy,null_01099,2304,480
dummy,null_01100,2352,480
dummy,null_01101,2400,480
dummy,null_01102,2448,480
dummy,null_01103,2496,480
dummy,null_01104,2544,480
dummy,null_01105,2592,480
dummy,null_01106,2640,480
dummy,null_01107,2688,480
dummy,null_01108,2736,480
dummy,null_01109,2784,480
dummy,null_01110,2832,480
dummy,null_01111,2880,480
dummy,null_01112,2928,480
dummy,null_01113,2976,480
dummy,null_01114,3024,480
dummy,null_01115,3072,480
dummy,null_01116,3120,480
dummy,null_01117,3168,480
dummy,null_01118,3216,480
dummy,null_01119,3264,480
dummy,null_01120,3312,480
dummy,null_01121,3360,480
dummy,null_01122,3408,480
dummy,null_01123,3456,480
dummy,null_01124,3504,480
dummy,null_01125,3552,480
dummy,null_01126,3600,480
dummy,null_01127,3648,480
dummy,null_01128,3696,480
dummy,null_01129,3744,480
dummy,null_01130,3792,480
dummy,null_01131,3840,480
dummy,null_01132,3888,480
dummy,null_01133,3936,480
dummy,null_01134,3984,480
dummy,null_01135,4032,480
dummy,null_01136,4080,480
dummy,null_01137,4128,480
dummy,null_01138,4176,480
dummy,null_01139,4224,480
dummy,null_01140,4272,480
dummy,null_01141,4320,480
dummy,null_01142,4368,480
dummy,null_01143,4416,480
dummy,null_01144,4464,480
dummy,null_01145,4512,480
dummy,null_01146,4560,480
dummy,null_01147,4608,480
dummy,null_01148,4656,480
dummy,null_01149,4704,480
dummy,null_01150,4752,480
dummy,null_01151,4800,480
dummy,null_01152,4848,480
dummy,null_01153,4896,480
dummy,null_01154,4944,480
dummy,null_01155,4992,480
dummy,null_01156,0,528
dummy,null_01157,48,528
dummy,null_01158,96,528
dummy,null_01159,144,528
dummy,null_01160,192,528
dummy,null_01161,240,528
dummy,null_01162,288,528
dummy,null_01163,336,528
dummy,null_01164,384,528
dummy,null_01165,432,528
dummy,null_01166,480,528
dummy,null_01167,528,528
dummy,null_01168,576,528
dummy,null_01169,624,528
dummy,null_01170,672,528
dummy,null_01171,720,528
dummy,null_01172,768,528
dummy,null_01173,816,528
dummy,null_01174,864,528
dummy,null_01175,912,528
dummy,null_01176,960,528
dummy,null_01177,1008,528
dummy,null_01178,1056,528
dummy,null_01179,1104,528
dummy,null_01180,1152,528
dummy,null_01181,1200,528
dummy,null_01182,1248,528
dummy,null_01183,1296,528
dummy,null_01184,1344,528
dummy,null_01185,1392,528
dummy,null_01186,1440,528
dummy,null_01187,1488,528
dummy,null_01188,1536,528
dummy,null_01189,1584,528
dummy,null_01190,1632,528
dummy,null_01191,1680,528
dummy,null_01192,1728,528
dummy,null_01193,1776,528
dummy,null_01194,1824,528
dummy,null_01195,1872,528
dummy,null_01196,1920,528
dummy,null_01197,1968,528
dummy,null_01198,2016,528
dummy,null_01199,2064,528
dummy,null_01200,2112,528
dummy,null_01201,2160,528
dummy,null_01202,2208,528
dummy,null_01203,2256,528
dummy,null_01204,2304,528
dummy,null_01205,2352,528
dummy,null_01206,2400,528
dummy,null_01207,2448,528
dummy,null_01208,2496,528
dummy,null_01209,2544,528
dummy,null_01210,2592,528
dummy,null_01211,2640,528
dummy,null_01212,2688,528
dummy,null_01213,2736,528
dummy,null_01214,2784,528
dummy,null_01215,2832,528
dummy,null_01216,2880,528
dummy,null_01217,2928,528
dummy,null_01218,2976,528
dummy,null_01219,3024,528
dummy,null_01220,3072,528
dummy,null_01221,3120,528
dummy,null_01222,3168,528
dummy,null_01223,3216,528
dummy,null_01224,3264,528
dummy,null_01225,3312,528
dummy,null_01226,3360,528
dummy,null_01227,3408,528
dummy,null_01228,3456,528
dummy,null_01229,3504,528
dummy,null_01230,3552,528
dummy,null_01231,3600,528
dummy,null_01232,3648,528
dummy,null_01233,3696,528
dummy,null_01234,3744,528
dummy,null_01235,3792,528
dummy,null_01236,3840,528
dummy,null_01237,3888,528
dummy,null_01238,3936,528
dummy,null_01239,3984,528
dummy,null_01240,4032,528
dummy,null_01241,4080,528
dummy,null_01242,4128,528
dummy,null_01243,4176,528
dummy,null_01244,4224,528
dummy,null_01245,4272,528
dummy,null_01246,4320,528
dummy,null_01247,4368,528
dummy,null_01248,4416,528
dummy,null_01249,4464,528
dummy,null_01250,4512,528
dummy,null_01251,4560,528
dummy,null_01252,4608,528
dummy,null_01253,4656,528
dummy,null_01254,4704,528
dummy,null_01255,4752,528
dummy,null_01256,4800,528
dummy,null_01257,4848,528
dummy,null_01258,4896,528
dummy,null_01259,4944,528
dummy,null_01260,4992,528
dummy,null_01261,0,576
dummy,null_01262,48,576
dummy,null_01263,96,576
dummy,null_01264,144,576
dummy,null_01265,192,576
dummy,null_01266,240,576
dummy,null_01267,288,576
dummy,null_01268,336,576
dummy,null_01269,384,576
dummy,null_01270,432,576
dummy,null_01271,480,576
dummy,null_01272,528,576
dummy,null_01273,576,576
dummy,null_01274,624,576
dummy,null_01275,672,576
dummy,null_01276,720,576
dummy,null_01277,768,576
dummy,null_01278,816,576
dummy,null_01279,864,576
dummy,null_01280,912,576
dummy,null_01281,960,576
dummy,null_01282,1008,576
dummy,null_01283,1056,576
dummy,null_01284,1104,576
dummy,null_01285,1152,576
dummy,null_01286,1200,576
dummy,null_01287,1248,576
dummy,null_01288,1296,576
dummy,null_01289,1344,576
dummy,null_01290,1392,576
dummy,null_01291,1440,576
dummy,null_01292,1488,576
dummy,null_01293,1536,576
dummy,null_01294,1584,576
dummy,null_01295,1632,576
dummy,null_01296,1680,576
dummy,null_01297,1728,576
dummy,null_01298,1776,576
dummy,null_01299,1824,576
dummy,null_01300,1872,576
dummy,null_01301,1920,576
dummy,null_01302,1968,576
dummy,null_01303,2016,576
dummy,null_01304,2064,576
dummy,null_01305,2112,576
dummy,null_01306,2160,576
dummy,null_01307,2208,576
dummy,null_01308,2256,576
dummy,null_01309,2304,576
dummy,null_01310,2352,576
dummy,null_01311,2400,576
dummy,null_01312,2448,576
dummy,null_01313,2496,576
dummy,null_01314,2544,576
dummy,null_01315,2592,576
dummy,null_01316,2640,576
dummy,null_01317,2688,576
dummy,null_01318,2736,576
dummy,null_01319,2784,576
dummy,null_01320,2832,576
dummy,null_01321,2880,576
dummy,null_01322,2928,576
dummy,null_01323,2976,576
dummy,null_01324,3024,576
dummy,null_01325,3072,576
dummy,null_01326,3120,576
dummy,null_01327,3168,576
dummy,null_01328,3216,576
dummy,null_01329,3264,576
dummy,null_01330,3312,576
dummy,null_01331,3360,576
dummy,null_01332,3408,576
dummy,null_01333,3456,576
dummy,null_01334,3504,576
dummy,null_01335,3552,576
dummy,null_01336,3600,576
dummy,null_01337,3648,576
dummy,null_01338,3696,576
dummy,null_01339,3744,576
dummy,null_01340,3792,576
dummy,null_01341,3840,576
dummy,null_01342,3888,576
dummy,null_01343,3936,576
dummy,null_01344,3984,576
dummy,null_01345,4032,576
dummy,null_01346,4080,576
dummy,null_01347,4128,576
dummy,null_01348,4176,576
dummy,null_01349,4224,576
dummy,null_01350,4272,576
dummy,null_01351,4320,576
dummy,null_01352,4368,576
dummy,null_01353,4416,576
dummy,null_01354,4464,576
dummy,null_01355,4512,576
dummy,null_01356,4560,576
dummy,null_01357,4608,576
dummy,null_01358,4656,576
dummy,null_01359,4704,576
dummy,null_01360,4752,576
dummy,null_01361,4800,576
dummy,null_01362,4848,576
dummy,null_01363,4896,576
dummy,null_01364,4944,576
dummy,null_01365,4992,576
dummy,null_01366,0,624
dummy,null_01367,48,624
dummy,null_01368,96,624
dummy,null_01369,144,624
dummy,null_01370,192,624
dummy,null_01371,240,624
dummy,null_01372,288,624
dummy,null_01373,336,624
dummy,null_01374,384,624
dummy,null_01375,432,624
dummy,null_01376,480,624
dummy,null_01377,528,624
dummy,null_01378,576,624
dummy,null_01379,624,624
dummy,null_01380,672,624
dummy,null_01381,720,624
dummy,null_01382,768,624
dummy,null_01383,816,624
dummy,null_01384,864,624
dummy,null_01385,912,624
dummy,null_01386,960,624
dummy,null_01387,1008,624
dummy,null_01388,1056,624
dummy,null_01389,1104,624
dummy,null_01390,1152,624
dummy,null_01391,1200,624
dummy,null_01392,1248,624
dummy,null_01393,1296,624
dummy,null_01394,1344,624
dummy,null_01395,1392,624
dummy,null_01396,1440,624
dummy,null_01397,1488,624
dummy,null_01398,1536,624
dummy,null_01399,1584,624
dummy,null_01400,1632,624
dummy,null_01401,1680,624
dummy,null_01402,1728,624
dummy,null_01403,1776,624
dummy,null_01404,1824,624
dummy,null_01405,1872,624
dummy,null_01406,1920,624
dummy,null_01407,1968,624
dummy,null_01408,2016,624
dummy,null_01409,2064,624
dummy,null_01410,2112,624
dummy,null_01411,2160,624
dummy,null_01412,2208,624
dummy,null_01413,2256,624
dummy,null_01414,2304,624
dummy,null_01415,2352,624
dummy,null_01416,2400,624
dummy,null_01417,2448,624
dummy,null_01418,2496,624
dummy,null_01419,2544,624
dummy,null_01420,2592,624
dummy,null_01421,2640,624
dummy,null_01422,2688,624
dummy,null_01423,2736,624
dummy,null_01424,2784,624
dummy,null_01425,2832,624
dummy,null_01426,2880,624
dummy,null_01427,2928,624
dummy,null_01428,2976,624
dummy,null_01429,3024,624
dummy,null_01430,3072,624
dummy,null_01431,3120,624
dummy,null_01432,3168,624
dummy,null_01433,3216,624
dummy,null_01434,3264,624
dummy,null_01435,3312,624
dummy,null_01436,3360,624
dummy,null_01437,3408,624
dummy,null_01438,3456,624
dummy,null_01439,3504,624
dummy,null_01440,3552,624
dummy,null_01441,3600,624
dummy,null_01442,3648,624
dummy,null_01443,3696,624
dummy,null_01444,3744,624
dummy,null_01445,3792,624
dummy,null_01446,3840,624
dummy,null_01447,3888,624
dummy,null_01448,3936,624
dummy,null_01449,3984,624
dummy,null_01450,4032,624
dummy,null_01451,4080,624
dummy,null_01452,4128,624
dummy,null_01453,4176,624
dummy,null_01454,4224,624
dummy,null_01455,4272,624
dummy,null_01456,4320,624
dummy,null_01457,4368,624
dummy,null_01458,4416,624
dummy,null_01459,4464,624
dummy,null_01460,4512,624
dummy,null_01461,4560,624
dummy,null_01462,4608,624
dummy,null_01463,4656,624
dummy,null_01464,4704,624
dummy,null_01465,4752,624
dummy,null_01466,4800,624
dummy,null_01467,4848,624
dummy,null_01468,4896,624
dummy,null_01469,4944,624
dummy,null_01470,4992,624
dummy,null_01471,0,672
dummy,null_01472,48,672
dummy,null_01473,96,672
dummy,null_01474,144,672
dummy,null_01475,192,672
dummy,null_01476,240,672
dummy,null_01477,288,672
dummy,null_01478,336,672
dummy,null_01479,384,672
dummy,null_01480,432,672
dummy,null_01481,480,672
dummy,null_01482,528,672
dummy,null_01483,576,672
dummy,null_01484,624,672
dummy,null_01485,672,672
dummy,null_01486,720,672
dummy,null_01487,768,672
dummy,null_01488,816,672
dummy,null_01489,864,672
dummy,null_01490,912,672
dummy,null_01491,960,672
dummy,null_01492,1008,672
dummy,null_01493,1056,672
dummy,null_01494,1104,672
dummy,null_01495,1152,672
dummy,null_01496,1200,672
dummy,null_01497,1248,672
dummy,null_01498,1296,672
dummy,null_01499,1344,672
dummy,null_01500,1392,672
dummy,null_01501,1440,672
dummy,null_01502,1488,672
dummy,null_01503,1536,672
dummy,null_01504,1584,672
dummy,null_01505,1632,672
dummy,null_01506,1680,672
dummy,null_01507,1728,672
dummy,null_01508,1776,672
dummy,null_01509,1824,672
dummy,null_01510,1872,672
dummy,null_01511,1920,672
dummy,null_01512,1968,672
dummy,null_01513,2016,672
dummy,null_01514,2064,672
dummy,null_01515,2112,672
dummy,null_01516,2160,672
dummy,null_01517,2208,672
dummy,null_01518,2256,672
dummy,null_01519,2304,672
dummy,null_01520,2352,672
dummy,null_01521,2400,672
dummy,null_01522,2448,672
dummy,null_01523,2496,672
dummy,null_01524,2544,672
dummy,null_01525,2592,672
dummy,null_01526,2640,672
dummy,null_01527,2688,672
dummy,null_01528,2736,672
dummy,null_01529,2784,672
dummy,null_01530,2832,672
dummy,null_01531,2880,672
dummy,null_01532,2928,672
dummy,null_01533,2976,672
dummy,null_01534,3024,672
dummy,null_01535,3072,672
dummy,null_01536,3120,672
dummy,null_01537,3168,672
dummy,null_01538,3216,672
dummy,null_01539,3264,672
dummy,null_01540,3312,672
dummy,null_01541,3360,672
dummy,null_01542,3408,672
dummy,null_01543,3456,672
dummy,null_01544,3504,672
dummy,null_01545,3552,672
dummy,null_01546,3600,672
dummy,null_01547,3648,672
dummy,null_01548,3696,672
dummy,null_01549,3744,672
dummy,null_01550,3792,672
dummy,null_01551,3840,672
dummy,null_01552,3888,672
dummy,null_01553,3936,672
dummy,null_01554,3984,672
dummy,null_01555,4032,672
dummy,null_01556,4080,672
dummy,null_01557,4128,672
dummy,null_01558,4176,672
dummy,null_01559,4224,672
dummy,null_01560,4272,672
dummy,null_01561,4320,672
dummy,null_01562,4368,672
dummy,null_01563,4416,672
dummy,null_01564,4464,672
dummy,null_01565,4512,672
dummy,null_01566,4560,672
dummy,null_01567,4608,672
dummy,null_01568,4656,672
dummy,null_01569,4704,672
dummy,null_01570,4752,672
dummy,null_01571,4800,672
dummy,null_01572,4848,672
dummy,null_01573,4896,672
dummy,null_01574,4944,672
dummy,null_01575,4992,672
dummy,null_01576,0,720
dummy,null_01577,48,720
dummy,null_01578,96,720
dummy,null_01579,144,720
dummy,null_01580,192,720
dummy,null_01581,240,720
dummy,null_01582,288,720
dummy,null_01583,336,720
dummy,null_01584,384,720
dummy,null_01585,432,720
dummy,null_01586,480,720
dummy,null_01587,528,720
dummy,null_01588,576,720
dummy,null_01589,624,720
dummy,null_01590,672,720
dummy,null_01591,720,720
dummy,null_01592,768,720
dummy,null_01593,816,720
dummy,null_01594,864,720
dummy,null_01595,912,720
dummy,null_01596,960,720
dummy,null_01597,1008,720
dummy,null_01598,1056,720
dummy,null_01599,1104,720
dummy,null_01600,1152,720
dummy,null_01601,1200,720
dummy,null_01602,1248,720
dummy,null_01603,1296,720
dummy,null_01604,1344,720
dummy,null_01605,1392,720
dummy,null_01606,1440,720
dummy,null_01607,1488,720
dummy,null_01608,1536,720
dummy,null_01609,1584,720
dummy,null_01610,1632,720
dummy,null_01611,1680,720
dummy,null_01612,1728,720
dummy,null_01613,1776,720
dummy,null_01614,1824,720
dummy,null_01615,1872,720
dummy,null_01616,1920,720
dummy,null_01617,1968,720
dummy,null_01618,2016,720
dummy,null_01619,2064,720
dummy,null_01620,2112,720
dummy,null_01621,2160,720
dummy,null_01622,2208,720
dummy,null_01623,2256,720
dummy,null_01624,2304,720
dummy,null_01625,2352,720
dummy,null_01626,2400,720
dummy,null_01627,2448,720
dummy,null_01628,2496,720
dummy,null_01629,2544,720
dummy,null_01630,2592,720
dummy,null_01631,2640,720
dummy,null_01632,2688,720
dummy,null_01633,2736,720
dummy,null_01634,2784,720
dummy,null_01635,2832,720
dummy,null_01636,2880,720
dummy,null_01637,2928,720
dummy,null_01638,2976,720
dummy,null_01639,3024,720
dummy,null_01640,3072,720
dummy,null_01641,3120,720
dummy,null_01642,3168,720
dummy,null_01643,3216,720
dummy,null_01644,3264,720
dummy,null_01645,3312,720
dummy,null_01646,3360,720
dummy,null_01647,3408,720
dummy,null_01648,3456,720
dummy,null_01649,3504,720
dummy,null_01650,3552,720
dummy,null_01651,3600,720
dummy,null_01652,3648,720
dummy,null_01653,3696,720
dummy,null_01654,3744,720
dummy,null_01655,3792,720
dummy,null_01656,3840,720
dummy,null_01657,3888,720
dummy,null_01658,3936,720
dummy,null_01659,3984,720
dummy,null_01660,4032,720
dummy,null_01661,4080,720
dummy,null_01662,4128,720
dummy,null_01663,4176,720
dummy,null_01664,4224,720
dummy,null_01665,4272,720
dummy,null_01666,4320,720
dummy,null_01667,4368,720
dummy,null_01668,4416,720
dummy,null_01669,4464,720
dummy,null_01670,4512,720
dummy,null_01671,4560,720
dummy,null_01672,4608,720
dummy,null_01673,4656,720
dummy,null_01674,4704,720
dummy,null_01675,4752,720
dummy,null_01676,4800,720
dummy,null_01677,4848,720
dummy,null_01678,4896,720
dummy,null_01679,4944,720
dummy,null_01680,4992,720
dummy,null_01681,0,768
dummy,null_01682,48,768
dummy,null_01683,96,768
dummy,null_01684,144,768
dummy,null_01685,192,768
dummy,null_01686,240,768
dummy,null_01687,288,768
dummy,null_01688,336,768
dummy,null_01689,384,768
dummy,null_01690,432,768
dummy,null_01691,480,768
dummy,null_01692,528,768
dummy,null_01693,576,768
dummy,null_01694,624,768
dummy,null_01695,672,768
dummy,null_01696,720,768
dummy,null_01697,768,768
dummy,null_01698,816,768
dummy,null_01699,864,768
dummy,null_01700,912,768
dummy,null_01701,960,768
dummy,null_01702,1008,768
dummy,null_01703,1056,768
dummy,null_01704,1104,768
dummy,null_01705,1152,768
dummy,null_01706,1200,768
dummy,null_01707,1248,768
dummy,null_01708,1296,768
dummy,null_01709,1344,768
dummy,null_01710,1392,768
dummy,null_01711,1440,768
dummy,null_01712,1488,768
dummy,null_01713,1536,768
dummy,null_01714,1584,768
dummy,null_01715,1632,768
dummy,null_01716,1680,768
dummy,null_01717,1728,768
dummy,null_01718,1776,768
dummy,null_01719,1824,768
dummy,null_01720,1872,768
dummy,null_01721,1920,768
dummy,null_01722,1968,768
dummy,null_01723,2016,768
dummy,null_01724,2064,768
dummy,null_01725,2112,768
dummy,null_01726,2160,768
dummy,null_01727,2208,768
dummy,null_01728,2256,768
dummy,null_01729,2304,768
dummy,null_01730,2352,768
dummy,null_01731,2400,768
dummy,null_01732,2448,768
dummy,null_01733,2496,768
dummy,null_01734,2544,768
dummy,null_01735,2592,768
dummy,null_01736,2640,768
dummy,null_01737,2688,768
dummy,null_01738,2736,768
dummy,null_01739,2784,768
dummy,null_01740,2832,768
dummy,null_01741,2880,768
dummy,null_01742,2928,768
dummy,null_01743,2976,768
dummy,null_01744,3024,768
dummy,null_01745,3072,768
dummy,null_01746,3120,768
dummy,null_01747,3168,768
dummy,null_01748,3216,768
dummy,null_01749,3264,768
dummy,null_01750,3312,768
dummy,null_01751,3360,768
dummy,null_01752,3408,768
dummy,null_01753,3456,768
dummy,null_01754,3504,768
dummy,null_01755,3552,768
dummy,null_01756,3600,768
dummy,null_01757,3648,768
dummy,null_01758,3696,768
dummy,null_01759,3744,768
dummy,null_01760,3792,768
dummy,null_01761,3840,768
dummy,null_01762,3888,768
dummy,null_01763,3936,768
dummy,null_01764,3984,768
dummy,null_01765,4032,768
dummy,null_01766,4080,768
dummy,null_01767,4128,768
dummy,null_01768,4176,768
dummy,null_01769,4224,768
dummy,null_01770,4272,768
dummy,null_01771,4320,768
dummy,null_01772,4368,768
dummy,null_01773,4416,768
dummy,null_01774,4464,768
dummy,null_01775,4512,768
dummy,null_01776,4560,768
dummy,null_01777,4608,768
dummy,null_01778,4656,768
dummy,null_01779,4704,768
dummy,null_01780,4752,768
dummy,null_01781,4800,768
dummy,null_01782,4848,768
dummy,null_01783,4896,768
dummy,null_01784,4944,768
dummy,null_01785,4992,768
dummy,null_01786,0,816
dummy,null_01787,48,816
dummy,null_01788,96,816
dummy,null_01789,144,816
dummy,null_01790,192,816
dummy,null_01791,240,816
dummy,null_01792,288,816
dummy,null_01793,336,816
dummy,null_01794,384,816
dummy,null_01795,432,816
dummy,null_01796,480,816
dummy,null_01797,528,816
dummy,null_01798,576,816
dummy,null_01799,624,816
dummy,null_01800,672,816
dummy,null_01801,720,816
dummy,null_01802,768,816
dummy,null_01803,816,816
dummy,null_01804,864,816
dummy,null_01805,912,816
dummy,null_01806,960,816
dummy,null_01807,1008,816
dummy,null_01808,1056,816
dummy,null_01809,1104,816
dummy,null_01810,1152,816
dummy,null_01811,1200,816
dummy,null_01812,1248,816
dummy,null_01813,1296,816
dummy,null_01814,1344,816
dummy,null_01815,1392,816
dummy,null_01816,1440,816
dummy,null_01817,1488,816
dummy,null_01818,1536,816
dummy,null_01819,1584,816
dummy,null_01820,1632,816
dummy,null_01821,1680,816
dummy,null_01822,1728,816
dummy,null_01823,1776,816
dummy,null_01824,1824,816
dummy,null_01825,1872,816
dummy,null_01826,1920,816
dummy,null_01827,1968,816
dummy,null_01828,2016,816
dummy,null_01829,2064,816
dummy,null_01830,2112,816
dummy,null_01831,2160,816
dummy,null_01832,2208,816
dummy,null_01833,2256,816
dummy,null_01834,2304,816
dummy,null_01835,2352,816
dummy,null_01836,2400,816
dummy,null_01837,2448,816
dummy,null_01838,2496,816
dummy,null_01839,2544,816
dummy,null_01840,2592,816
dummy,null_01841,2640,816
dummy,null_01842,2688,816
dummy,null_01843,2736,816
dummy,null_01844,2784,816
dummy,null_01845,2832,816
dummy,null_01846,2880,816
dummy,null_01847,2928,816
dummy,null_01848,2976,816
dummy,null_01849,3024,816
dummy,null_01850,3072,816
dummy,null_01851,3120,816
dummy,null_01852,3168,816
dummy,null_01853,3216,816
dummy,null_01854,3264,816
dummy,null_01855,3312,816
dummy,null_01856,3360,816
dummy,null_01857,3408,816
dummy,null_01858,3456,816
dummy,null_01859,3504,816
dummy,null_01860,3552,816
dummy,null_01861,3600,816
dummy,null_01862,3648,816
dummy,null_01863,3696,816
dummy,null_01864,3744,816
dummy,null_01865,3792,816
dummy,null_01866,3840,816
dummy,null_01867,3888,816
dummy,null_01868,3936,816
dummy,null_01869,3984,816
dummy,null_01870,4032,816
dummy,null_01871,4080,816
dummy,null_01872,4128,816
dummy,null_01873,4176,816
dummy,null_01874,4224,816
dummy,null_01875,4272,816
dummy,null_01876,4320,816
dummy,null_01877,4368,816
dummy,null_01878,4416,816
dummy,null_01879,4464,816
dummy,null_01880,4512,816
dummy,null_01881,4560,816
dummy,null_01882,4608,816
dummy,null_01883,4656,816
dummy,null_01884,4704,816
dummy,null_01885,4752,816
dummy,null_01886,4800,816
dummy,null_01887,4848,816
dummy,null_01888,4896,816
dummy,null_01889,4944,816
dummy,null_01890,4992,816
dummy,null_01891,0,864
dummy,null_01892,48,864
dummy,null_01893,96,864
dummy,null_01894,144,864
dummy,null_01895,192,864
dummy,null_01896,240,864
dummy,null_01897,288,864
dummy,null_01898,336,864
dummy,null_01899,384,864
dummy,null_01900,432,864
dummy,null_01901,480,864
dummy,null_01902,528,864
dummy,null_01903,576,864
dummy,null_01904,624,864
dummy,null_01905,672,864
dummy,null_01906,720,864
dummy,null_01907,768,864
dummy,null_01908,816,864
dummy,null_01909,864,864
dummy,null_01910,912,864
dummy,null_01911,960,864
dummy,null_01912,1008,864
dummy,null_01913,1056,864
dummy,null_01914,1104,864
dummy,null_01915,1152,864
dummy,null_01916,1200,864
dummy,null_01917,1248,864
dummy,null_01918,1296,864
dummy,null_01919,1344,864
dummy,null_01920,1392,864
dummy,null_01921,1440,864
dummy,null_01922,1488,864
dummy,null_01923,1536,864
dummy,null_01924,1584,864
dummy,null_01925,1632,864
dummy,null_01926,1680,864
dummy,null_01927,1728,864
dummy,null_01928,1776,864
dummy,null_01929,1824,864
dummy,null_01930,1872,864
dummy,null_01931,1920,864
dummy,null_01932,1968,864
dummy,null_01933,2016,864
dummy,null_01934,2064,864
dummy,null_01935,2112,864
dummy,null_01936,2160,864
dummy,null_01937,2208,864
dummy,null_01938,2256,864
dummy,null_01939,2304,864
dummy,null_01940,2352,864
dummy,null_01941,2400,864
dummy,null_01942,2448,864
dummy,null_01943,2496,864
dummy,null_01944,2544,864
dummy,null_01945,2592,864
dummy,null_01946,2640,864
dummy,null_01947,2688,864
dummy,null_01948,2736,864
dummy,null_01949,2784,864
dummy,null_01950,2832,864
dummy,null_01951,2880,864
dummy,null_01952,2928,864
dummy,null_01953,2976,864
dummy,null_01954,3024,864
dummy,null_01955,3072,864
dummy,null_01956,3120,864
dummy,null_01957,3168,864
dummy,null_01958,3216,864
dummy,null_01959,3264,864
dummy,null_01960,3312,864
dummy,null_01961,3360,864
dummy,null_01962,3408,864
dummy,null_01963,3456,864
dummy,null_01964,3504,864
dummy,null_01965,3552,864
dummy,null_01966,3600,864
dummy,null_01967,3648,864
dummy,null_01968,3696,864
dummy,null_01969,3744,864
dummy,null_01970,3792,864
dummy,null_01971,3840,864
dummy,null_01972,3888,864
dummy,null_01973,3936,864
dummy,null_01974,3984,864
dummy,null_01975,4032,864
dummy,null_01976,4080,864
dummy,null_01977,4128,864
dummy,null_01978,4176,864
dummy,null_01979,4224,864
dummy,null_01980,4272,864
dummy,null_01981,4320,864
dummy,null_01982,4368,864
dummy,null_01983,4416,864
dummy,null_01984,4464,864
dummy,null_01985,4512,864
dummy,null_01986,4560,864
dummy,null_01987,4608,864
dummy,null_01988,4656,864
dummy,null_01989,4704,864
dummy,null_01990,4752,864
dummy,null_01991,4800,864
dummy,null_01992,4848,864
dummy,null_01993,4896,864
dummy,null_01994,4944,864
dummy,null_01995,4992,864
dummy,null_01996,0,912
dummy,null_01997,48,912
dummy,null_01998,96,912
dummy,null_01999,144,912
dummy,null_02000,192,912
dummy,null_02001,240,912
dummy,null_02002,288,912
dummy,null_02003,336,912
dummy,null_02004,384,912
dummy,null_02005,432,912
dummy,null_02006,480,912
dummy,null_02007,528,912
dummy,null_02008,576,912
dummy,null_02009,624,912
dummy,null_02010,672,912
dummy,null_02011,720,912
dummy,null_02012,768,912
dummy,null_02013,816,912
dummy,null_02014,864,912
dummy,null_02015,912,912
dummy,null_02016,960,912
dummy,null_02017,1008,912
dummy,null_02018,1056,912
dummy,null_02019,1104,912
dummy,null_02020,1152,912
dummy,null_02021,1200,912
dummy,null_02022,1248,912
dummy,null_02023,1296,912
dummy,null_02024,1344,912
dummy,null_02025,1392,912
dummy,null_02026,1440,912
dummy,null_02027,1488,912
dummy,null_02028,1536,912
dummy,null_02029,1584,912
dummy,null_02030,1632,912
dummy,null_02031,1680,912
dummy,null_02032,1728,912
dummy,null_02033,1776,912
dummy,null_02034,1824,912
dummy,null_02035,1872,912
dummy,null_02036,1920,912
dummy,null_02037,1968,912
dummy,null_02038,2016,912
dummy,null_02039,2064,912
dummy,null_02040,2112,912
dummy,null_02041,2160,912
dummy,null_02042,2208,912
dummy,null_02043,2256,912
dummy,null_02044,2304,912
dummy,null_02045,2352,912
dummy,null_02046,2400,912
dummy,null_02047,2448,912
dummy,null_02048,2496,912
dummy,null_02049,2544,912
dummy,null_02050,2592,912
dummy,null_02051,2640,912
dummy,null_02052,2688,912
dummy,null_02053,2736,912
dummy,null_02054,2784,912
dummy,null_02055,2832,912
dummy,null_02056,2880,912
dummy,null_02057,2928,912
dummy,null_02058,2976,912
dummy,null_02059,3024,912
dummy,null_02060,3072,912
dummy,null_02061,3120,912
dummy,null_02062,3168,912
dummy,null_02063,3216,912
dummy,null_02064,3264,912
dummy,null_02065,3312,912
dummy,null_02066,3360,912
dummy,null_02067,3408,912
dummy,null_02068,3456,912
dummy,null_02069,3504,912
dummy,null_02070,3552,912
dummy,null_02071,3600,912
dummy,null_02072,3648,912
dummy,null_02073,3696,912
dummy,null_02074,3744,912
dummy,null_02075,3792,912
dummy,null_02076,3840,912
dummy,null_02077,3888,912
dummy,null_02078,3936,912
dummy,null_02079,3984,912
dummy,null_02080,4032,912
dummy,null_02081,4080,912
dummy,null_02082,4128,912
dummy,null_02083,4176,912
dummy,null_02084,4224,912
dummy,null_02085,4272,912
dummy,null_02086,4320,912
dummy,null_02087,4368,912
dummy,null_02088,4416,912
dummy,null_02089,4464,912
dummy,null_02090,4512,912
dummy,null_02091,4560,912
dummy,null_02092,4608,912
dummy,null_02093,4656,912
dummy,null_02094,4704,912
dummy,null_02095,4752,912
dummy,null_02096,4800,912
dummy,null_02097,4848,912
dummy,null_02098,4896,912
dummy,null_02099,4944,912
dummy,null_02100,4992,912
dummy,null_02101,0,960
dummy,null_02102,48,960
dummy,null_02103,96,960
dummy,null_02104,144,960
dummy,null_02105,192,960
dummy,null_02106,240,960
dummy,null_02107,288,960
dummy,null_02108,336,960
dummy,null_02109,384,960
dummy,null_02110,432,960
dummy,null_02111,480,960
dummy,null_02112,528,960
dummy,null_02113,576,960
dummy,null_02114,624,960
dummy,null_02115,672,960
dummy,null_02116,720,960
dummy,null_02117,768,960
dummy,null_02118,816,960
dummy,null_02119,864,960
dummy,null_02120,912,960
dummy,null_02121,960,960
dummy,null_02122,1008,960
dummy,null_02123,1056,960
dummy,null_02124,1104,960
dummy,null_02125,1152,960
dummy,null_02126,1200,960
dummy,null_02127,1248,960
dummy,null_02128,1296,960
dummy,null_02129,1344,960
dummy,null_02130,1392,960
dummy,null_02131,1440,960
dummy,null_02132,1488,960
dummy,null_02133,1584,960
dummy,null_02134,1680,960
dummy,null_02135,1728,960
dummy,null_02136,1776,960
dummy,null_02137,1824,960
dummy,null_02138,1872,960
dummy,null_02139,1920,960
dummy,null_02140,1968,960
dummy,null_02141,2016,960
dummy,null_02142,2064,960
dummy,null_02143,2112,960
dummy,null_02144,2160,960
dummy,null_02145,2208,960
dummy,null_02146,2256,960
dummy,null_02147,2304,960
dummy,null_02148,2352,960
dummy,null_02149,2400,960
dummy,null_02150,2448,960
dummy,null_02151,2496,960
dummy,null_02152,2544,960
dummy,null_02153,2592,960
dummy,null_02154,2640,960
dummy,null_02155,2688,960
dummy,null_02156,2736,960
dummy,null_02157,2784,960
dummy,null_02158,2832,960
dummy,null_02159,2880,960
dummy,null_02160,2928,960
dummy,null_02161,2976,960
dummy,null_02162,3024,960
dummy,null_02163,3072,960
dummy,null_02164,3120,960
dummy,null_02165,3168,960
dummy,null_02166,3216,960
dummy,null_02167,3264,960
dummy,null_02168,3312,960
dummy,null_02169,3360,960
dummy,null_02170,3408,960
dummy,null_02171,3456,960
dummy,null_02172,3504,960
dummy,null_02173,3552,960
dummy,null_02174,3600,960
dummy,null_02175,3648,960
dummy,null_02176,3696,960
dummy,null_02177,3744,960
dummy,null_02178,3792,960
dummy,null_02179,3840,960
dummy,null_02180,3888,960
dummy,null_02181,3936,960
dummy,null_02182,3984,960
dummy,null_02183,4032,960
dummy,null_02184,4080,960
dummy,null_02185,4128,960
dummy,null_02186,4176,960
dummy,null_02187,4224,960
dummy,null_02188,4272,960
dummy,null_02189,4320,960
dummy,null_02190,4368,960
dummy,null_02191,4416,960
dummy,null_02192,4464,960
dummy,null_02193,4512,960
dummy,null_02194,4560,960
dummy,null_02195,4608,960
dummy,null_02196,4656,960
dummy,null_02197,4704,960
dummy,null_02198,4752,960
dummy,null_02199,4800,960
dummy,null_02200,4848,960
dummy,null_02201,4896,960
dummy,null_02202,4944,960
dummy,null_02203,4992,960
dummy,null_02204,0,1008
dummy,null_02205,48,1008
dummy,null_02206,96,1008
dummy,null_02207,144,1008
dummy,null_02208,192,1008
dummy,null_02209,240,1008
dummy,null_02210,288,1008
dummy,null_02211,336,1008
dummy,null_02212,384,1008
dummy,null_02213,432,1008
dummy,null_02214,480,1008
dummy,null_02215,528,1008
dummy,null_02216,576,1008
dummy,null_02217,624,1008
dummy,null_02218,672,1008
dummy,null_02219,720,1008
dummy,null_02220,768,1008
dummy,null_02221,816,1008
dummy,null_02222,864,1008
dummy,null_02223,912,1008
dummy,null_02224,960,1008
dummy,null_02225,1008,1008
dummy,null_02226,1056,1008
dummy,null_02227,1104,1008
dummy,null_02228,1152,1008
dummy,null_02229,1200,1008
dummy,null_02230,1248,1008
dummy,null_02231,1296,1008
dummy,null_02232,1344,1008
dummy,null_02233,1392,1008
dummy,null_02234,1440,1008
dummy,null_02235,1536,1008
dummy,null_02236,1632,1008
dummy,null_02237,1728,1008
dummy,null_02238,1776,1008
dummy,null_02239,1824,1008
dummy,null_02240,1872,1008
dummy,null_02241,1920,1008
dummy,null_02242,1968,1008
dummy,null_02243,2016,1008
dummy,null_02244,2064,1008
dummy,null_02245,2112,1008
dummy,null_02246,2160,1008
dummy,null_02247,2208,1008
dummy,null_02248,2256,1008
dummy,null_02249,2304,1008
dummy,null_02250,2352,1008
dummy,null_02251,2400,1008
dummy,null_02252,2448,1008
dummy,null_02253,2496,1008
dummy,null_02254,2544,1008
dummy,null_02255,2592,1008
dummy,null_02256,2640,1008
dummy,null_02257,2688,1008
dummy,null_02258,2736,1008
dummy,null_02259,2784,1008
dummy,null_02260,2832,1008
dummy,null_02261,2880,1008
dummy,null_02262,2928,1008
dummy,null_02263,2976,1008
dummy,null_02264,3024,1008
dummy,null_02265,3072,1008
dummy,null_02266,3120,1008
dummy,null_02267,3168,1008
dummy,null_02268,3216,1008
dummy,null_02269,3264,1008
dummy,null_02270,3312,1008
dummy,null_02271,3360,1008
dummy,null_02272,3408,1008
dummy,null_02273,3456,1008
dummy,null_02274,3504,1008
dummy,null_02275,3552,1008
dummy,null_02276,3600,1008
dummy,null_02277,3648,1008
dummy,null_02278,3696,1008
dummy,null_02279,3744,1008
dummy,null_02280,3792,1008
dummy,null_02281,3840,1008
dummy,null_02282,3888,1008
dummy,null_02283,3936,1008
dummy,null_02284,3984,1008
dummy,null_02285,4032,1008
dummy,null_02286,4080,1008
dummy,null_02287,4128,1008
dummy,null_02288,4176,1008
dummy,null_02289,4224,1008
dummy,null_02290,4272,1008
dummy,null_02291,4320,1008
dummy,null_02292,4368,1008
dummy,null_02293,4416,1008
dummy,null_02294,4464,1008
dummy,null_02295,4512,1008
dummy,null_02296,4560,1008
dummy,null_02297,4608,1008
dummy,null_02298,4656,1008
dummy,null_02299,4704,1008
dummy,null_02300,4752,1008
dummy,null_02301,4800,1008
dummy,null_02302,4848,1008
dummy,null_02303,4896,1008
dummy,null_02304,4944,1008
dummy,null_02305,4992,1008
dummy,null_02306,0,1056
dummy,null_02307,48,1056
dummy,null_02308,96,1056
dummy,null_02309,144,1056
dummy,null_02310,192,1056
dummy,null_02311,240,1056
dummy,null_02312,288,1056
dummy,null_02313,336,1056
dummy,null_02314,384,1056
dummy,null_02315,480,1056
dummy,null_02316,576,1056
dummy,null_02317,672,1056
dummy,null_02318,720,1056
dummy,null_02319,768,1056
dummy,null_02320,816,1056
dummy,null_02321,864,1056
dummy,null_02322,912,1056
dummy,null_02323,960,1056
dummy,null_02324,1008,1056
dummy,null_02325,1056,1056
dummy,null_02326,1104,1056
dummy,null_02327,1152,1056
dummy,null_02328,1200,1056
dummy,null_02329,1248,1056
dummy,null_02330,1296,1056
dummy,null_02331,1344,1056
dummy,null_02332,1392,1056
dummy,null_02333,1440,1056
dummy,null_02334,1488,1056
dummy,null_02335,1584,1056
dummy,null_02336,1680,1056
dummy,null_02337,1728,1056
dummy,null_02338,1776,1056
dummy,null_02339,1824,1056
dummy,null_02340,1872,1056
dummy,null_02341,1920,1056
dummy,null_02342,1968,1056
dummy,null_02343,2016,1056
dummy,null_02344,2064,1056
dummy,null_02345,2112,1056
dummy,null_02346,2160,1056
dummy,null_02347,2208,1056
dummy,null_02348,2256,1056
dummy,null_02349,2304,1056
dummy,null_02350,2352,1056
dummy,null_02351,2400,1056
dummy,null_02352,2448,1056
dummy,null_02353,2496,1056
dummy,null_02354,2544,1056
dummy,null_02355,2592,1056
dummy,null_02356,2688,1056
dummy,null_02357,2784,1056
dummy,null_02358,2880,1056
dummy,null_02359,2928,1056
dummy,null_02360,2976,1056
dummy,null_02361,3024,1056
dummy,null_02362,3072,1056
dummy,null_02363,3120,1056
dummy,null_02364,3168,1056
dummy,null_02365,3216,1056
dummy,null_02366,3264,1056
dummy,null_02367,3312,1056
dummy,null_02368,3360,1056
dummy,null_02369,3408,1056
dummy,null_02370,3456,1056
dummy,null_02371,3504,1056
dummy,null_02372,3552,1056
dummy,null_02373,3600,1056
dummy,null_02374,3648,1056
dummy,null_02375,3744,1056
dummy,null_02376,3840,1056
dummy,null_02377,3936,1056
dummy,null_02378,4032,1056
dummy,null_02379,4080,1056
dummy,null_02380,4128,1056
dummy,null_02381,4176,1056
dummy,null_02382,4224,1056
dummy,null_02383,4272,1056
dummy,null_02384,4320,1056
dummy,null_02385,4368,1056
dummy,null_02386,4416,1056
dummy,null_02387,4464,1056
dummy,null_02388,4512,1056
dummy,null_02389,4560,1056
dummy,null_02390,4608,1056
dummy,null_02391,4656,1056
dummy,null_02392,4704,1056
dummy,null_02393,4752,1056
dummy,null_02394,4800,1056
dummy,null_02395,4848,1056
dummy,null_02396,4896,1056
dummy,null_02397,4944,1056
dummy,null_02398,4992,1056
dummy,null_02399,0,1104
dummy,null_02400,48,1104
dummy,null_02401,96,1104
dummy,null_02402,144,1104
dummy,null_02403,192,1104
dummy,null_02404,240,1104
dummy,null_02405,288,1104
dummy,null_02406,336,1104
dummy,null_02407,432,1104
dummy,null_02408,528,1104
dummy,null_02409,624,1104
dummy,null_02410,720,1104
dummy,null_02411,768,1104
dummy,null_02412,816,1104
dummy,null_02413,864,1104
dummy,null_02414,912,1104
dummy,null_02415,960,1104
dummy,null_02416,1008,1104
dummy,null_02417,1056,1104
dummy,null_02418,1104,1104
dummy,null_02419,1152,1104
dummy,null_02420,1200,1104
dummy,null_02421,1248,1104
dummy,null_02422,1296,1104
dummy,null_02423,1344,1104
dummy,null_02424,1392,1104
dummy,null_02425,1440,1104
dummy,null_02426,1536,1104
dummy,null_02427,1632,1104
dummy,null_02428,1728,1104
dummy,null_02429,1776,1104
dummy,null_02430,1824,1104
dummy,null_02431,1872,1104
dummy,null_02432,1920,1104
dummy,null_02433,1968,1104
dummy,null_02434,2016,1104
dummy,null_02435,2064,1104
dummy,null_02436,2112,1104
dummy,null_02437,2160,1104
dummy,null_02438,2208,1104
dummy,null_02439,2256,1104
dummy,null_02440,2304,1104
dummy,null_02441,2352,1104
dummy,null_02442,2400,1104
dummy,null_02443,2448,1104
dummy,null_02444,2496,1104
dummy,null_02445,2544,1104
dummy,null_02446,2640,1104
dummy,null_02447,2736,1104
dummy,null_02448,2832,1104
dummy,null_02449,2928,1104
dummy,null_02450,2976,1104
dummy,null_02451,3024,1104
dummy,null_02452,3072,1104
dummy,null_02453,3120,1104
dummy,null_02454,3168,1104
dummy,null_02455,3216,1104
dummy,null_02456,3264,1104
dummy,null_02457,3312,1104
dummy,null_02458,3360,1104
dummy,null_02459,3408,1104
dummy,null_02460,3456,1104
dummy,null_02461,3504,1104
dummy,null_02462,3552,1104
dummy,null_02463,3600,1104
dummy,null_02464,3648,1104
dummy,null_02465,3696,1104
dummy,null_02466,3792,1104
dummy,null_02467,3888,1104
dummy,null_02468,3984,1104
dummy,null_02469,4032,1104
dummy,null_02470,4080,1104
dummy,null_02471,4128,1104
dummy,null_02472,4176,1104
dummy,null_02473,4224,1104
dummy,null_02474,4272,1104
dummy,null_02475,4320,1104
dummy,null_02476,4368,1104
dummy,null_02477,4416,1104
dummy,null_02478,4464,1104
dummy,null_02479,4512,1104
dummy,null_02480,4560,1104
dummy,null_02481,4608,1104
dummy,null_02482,4656,1104
dummy,null_02483,4704,1104
dummy,null_02484,4752,1104
dummy,null_02485,4800,1104
dummy,null_02486,4848,1104
dummy,null_02487,4896,1104
dummy,null_02488,4944,1104
dummy,null_02489,4992,1104
dummy,null_02490,0,1152
dummy,null_02491,48,1152
dummy,null_02492,96,1152
dummy,null_02493,144,1152
dummy,null_02494,192,1152
dummy,null_02495,240,1152
dummy,null_02496,288,1152
dummy,null_02497,336,1152
dummy,null_02498,384,1152
dummy,null_02499,480,1152
dummy,null_02500,576,1152
dummy,null_02501,672,1152
dummy,null_02502,720,1152
dummy,null_02503,768,1152
dummy,null_02504,816,1152
dummy,null_02505,864,1152
dummy,null_02506,912,1152
dummy,null_02507,960,1152
dummy,null_02508,1008,1152
dummy,null_02509,1056,1152
dummy,null_02510,1104,1152
dummy,null_02511,1152,1152
dummy,null_02512,1200,1152
dummy,null_02513,1248,1152
dummy,null_02514,1296,1152
dummy,null_02515,1344,1152
dummy,null_02516,1392,1152
dummy,null_02517,1440,1152
dummy,null_02518,1488,1152
dummy,null_02519,1584,1152
dummy,null_02520,1680,1152
dummy,null_02521,1728,1152
dummy,null_02522,1776,1152
dummy,null_02523,1824,1152
dummy,null_02524,1872,1152
dummy,null_02525,1920,1152
dummy,null_02526,1968,1152
dummy,null_02527,2016,1152
dummy,null_02528,2064,1152
dummy,null_02529,2112,1152
dummy,null_02530,2160,1152
dummy,null_02531,2208,1152
dummy,null_02532,2256,1152
dummy,null_02533,2304,1152
dummy,null_02534,2352,1152
dummy,null_02535,2400,1152
dummy,null_02536,2448,1152
dummy,null_02537,2496,1152
dummy,null_02538,2544,1152
dummy,null_02539,2592,1152
dummy,null_02540,2688,1152
dummy,null_02541,2784,1152
dummy,null_02542,2880,1152
dummy,null_02543,2928,1152
dummy,null_02544,2976,1152
dummy,null_02545,3024,1152
dummy,null_02546,3072,1152
dummy,null_02547,3120,1152
dummy,null_02548,3168,1152
dummy,null_02549,3216,1152
dummy,null_02550,3264,1152
dummy,null_02551,3312,1152
dummy,null_02552,3360,1152
dummy,null_02553,3408,1152
dummy,null_02554,3456,1152
dummy,null_02555,3504,1152
dummy,null_02556,3552,1152
dummy,null_02557,3600,1152
dummy,null_02558,3648,1152
dummy,null_02559,3744,1152
dummy,null_02560,3840,1152
dummy,null_02561,3936,1152
dummy,null_02562,4032,1152
dummy,null_02563,4080,1152
dummy,null_02564,4128,1152
dummy,null_02565,4176,1152
dummy,null_02566,4224,1152
dummy,null_02567,4272,1152
dummy,null_02568,4320,1152
dummy,null_02569,4368,1152
dummy,null_02570,4416,1152
dummy,null_02571,4464,1152
dummy,null_02572,4512,1152
dummy,null_02573,4560,1152
dummy,null_02574,4608,1152
dummy,null_02575,4656,1152
dummy,null_02576,4704,1152
dummy,null_02577,4752,1152
dummy,null_02578,4800,1152
dummy,null_02579,4848,1152
dummy,null_02580,4896,1152
dummy,null_02581,4944,1152
dummy,null_02582,4992,1152
dummy,null_02583,0,1200
dummy,null_02584,48,1200
dummy,null_02585,96,1200
dummy,null_02586,144,1200
dummy,null_02587,192,1200
dummy,null_02588,240,1200
dummy,null_02589,288,1200
dummy,null_02590,336,1200
dummy,null_02591,432,1200
dummy,null_02592,528,1200
dummy,null_02593,624,1200
dummy,null_02594,720,1200
dummy,null_02595,768,1200
dummy,null_02596,816,1200
dummy,null_02597,864,1200
dummy,null_02598,912,1200
dummy,null_02599,960,1200
dummy,null_02600,1008,1200
dummy,null_02601,1056,1200
dummy,null_02602,1104,1200
dummy,null_02603,1152,1200
dummy,null_02604,1200,1200
dummy,null_02605,1248,1200
dummy,null_02606,1296,1200
dummy,null_02607,1344,1200
dummy,null_02608,1392,1200
dummy,null_02609,1440,1200
dummy,null_02610,1536,1200
dummy,null_02611,1632,1200
dummy,null_02612,1728,1200
dummy,null_02613,1776,1200
dummy,null_02614,1824,1200
dummy,null_02615,1872,1200
dummy,null_02616,1920,1200
dummy,null_02617,1968,1200
dummy,null_02618,2016,1200
dummy,null_02619,2064,1200
dummy,null_02620,2112,1200
dummy,null_02621,2160,1200
dummy,null_02622,2208,1200
dummy,null_02623,2256,1200
dummy,null_02624,2304,1200
dummy,null_02625,2352,1200
dummy,null_02626,2400,1200
dummy,null_02627,2448,1200
dummy,null_02628,2496,1200
dummy,null_02629,2544,1200
dummy,null_02630,2640,1200
dummy,null_02631,2736,1200
dummy,null_02632,2832,1200
dummy,null_02633,2928,1200
dummy,null_02634,2976,1200
dummy,null_02635,3024,1200
dummy,null_02636,3072,1200
dummy,null_02637,3120,1200
dummy,null_02638,3168,1200
dummy,null_02639,3216,1200
dummy,null_02640,3264,1200
dummy,null_02641,3312,1200
dummy,null_02642,3360,1200
dummy,null_02643,3408,1200
dummy,null_02644,3456,1200
dummy,null_02645,3504,1200
dummy,null_02646,3552,1200
dummy,null_02647,3600,1200
dummy,null_02648,3648,1200
dummy,null_02649,3696,1200
dummy,null_02650,3792,1200
dummy,null_02651,3888,1200
dummy,null_02652,3984,1200
dummy,null_02653,4032,1200
dummy,null_02654,4080,1200
dummy,null_02655,4128,1200
dummy,null_02656,4176,1200
dummy,null_02657,4224,1200
dummy,null_02658,4272,1200
dummy,null_02659,4320,1200
dummy,null_02660,4368,1200
dummy,null_02661,4416,1200
dummy,null_02662,4464,1200
dummy,null_02663,4512,1200
dummy,null_02664,4560,1200
dummy,null_02665,4608,1200
dummy,null_02666,4656,1200
dummy,null_02667,4704,1200
dummy,null_02668,4752,1200
dummy,null_02669,4800,1200
dummy,null_02670,4848,1200
dummy,null_02671,4896,1200
dummy,null_02672,4944,1200
dummy,null_02673,4992,1200
dummy,null_02674,0,1248
dummy,null_02675,48,1248
dummy,null_02676,96,1248
dummy,null_02677,144,1248
dummy,null_02678,192,1248
dummy,null_02679,240,1248
dummy,null_02680,288,1248
dummy,null_02681,336,1248
dummy,null_02682,384,1248
dummy,null_02683,480,1248
dummy,null_02684,576,1248
dummy,null_02685,672,1248
dummy,null_02686,720,1248
dummy,null_02687,768,1248
dummy,null_02688,816,1248
dummy,null_02689,864,1248
dummy,null_02690,912,1248
dummy,null_02691,960,1248
dummy,null_02692,1008,1248
dummy,null_02693,1056,1248
dummy,null_02694,1104,1248
dummy,null_02695,1152,1248
dummy,null_02696,1200,1248
dummy,null_02697,1248,1248
dummy,null_02698,1296,1248
dummy,null_02699,1344,1248
dummy,null_02700,1392,1248
dummy,null_02701,1440,1248
dummy,null_02702,1488,1248
dummy,null_02703,1584,1248
dummy,null_02704,1680,1248
dummy,null_02705,1728,1248
dummy,null_02706,1776,1248
dummy,null_02707,1824,1248
dummy,null_02708,1872,1248
dummy,null_02709,1920,1248
dummy,null_02710,1968,1248
dummy,null_02711,2016,1248
dummy,null_02712,2064,1248
dummy,null_02713,2112,1248
dummy,null_02714,2160,1248
dummy,null_02715,2208,1248
dummy,null_02716,2256,1248
dummy,null_02717,2304,1248
dummy,null_02718,2352,1248
dummy,null_02719,2400,1248
dummy,null_02720,2448,1248
dummy,null_02721,2496,1248
dummy,null_02722,2544,1248
dummy,null_02723,2592,1248
dummy,null_02724,2688,1248
dummy,null_02725,2784,1248
dummy,null_02726,2880,1248
dummy,null_02727,2928,1248
dummy,null_02728,2976,1248
dummy,null_02729,3024,1248
dummy,null_02730,3072,1248
dummy,null_02731,3120,1248
dummy,null_02732,3168,1248
dummy,null_02733,3216,1248
dummy,null_02734,3264,1248
dummy,null_02735,3312,1248
dummy,null_02736,3360,1248
dummy,null_02737,3408,1248
dummy,null_02738,3456,1248
dummy,null_02739,3504,1248
dummy,null_02740,3552,1248
dummy,null_02741,3600,1248
dummy,null_02742,3648,1248
dummy,null_02743,3744,1248
dummy,null_02744,3840,1248
dummy,null_02745,3936,1248
dummy,null_02746,4032,1248
dummy,null_02747,4080,1248
dummy,null_02748,4128,1248
dummy,null_02749,4176,1248
dummy,null_02750,4224,1248
dummy,null_02751,4272,1248
dummy,null_02752,4320,1248
dummy,null_02753,4368,1248
dummy,null_02754,4416,1248
dummy,null_02755,4464,1248
dummy,null_02756,4512,1248
dummy,null_02757,4560,1248
dummy,null_02758,4608,1248
dummy,null_02759,4656,1248
dummy,null_02760,4704,1248
dummy,null_02761,4752,1248
dummy,null_02762,4800,1248
dummy,null_02763,4848,1248
dummy,null_02764,4896,1248
dummy,null_02765,4944,1248
dummy,null_02766,4992,1248
dummy,null_02767,0,1296
dummy,null_02768,48,1296
dummy,null_02769,96,1296
dummy,null_02770,144,1296
dummy,null_02771,192,1296
dummy,null_02772,240,1296
dummy,null_02773,288,1296
dummy,null_02774,336,1296
dummy,null_02775,432,1296
dummy,null_02776,528,1296
dummy,null_02777,624,1296
dummy,null_02778,720,1296
dummy,null_02779,768,1296
dummy,null_02780,816,1296
dummy,null_02781,864,1296
dummy,null_02782,912,1296
dummy,null_02783,960,1296
dummy,null_02784,1008,1296
dummy,null_02785,1056,1296
dummy,null_02786,1104,1296
dummy,null_02787,1152,1296
dummy,null_02788,1200,1296
dummy,null_02789,1248,1296
dummy,null_02790,1296,1296
dummy,null_02791,1344,1296
dummy,null_02792,1392,1296
dummy,null_02793,1440,1296
dummy,null_02794,1536,1296
dummy,null_02795,1632,1296
dummy,null_02796,1728,1296
dummy,null_02797,1776,1296
dummy,null_02798,1824,1296
dummy,null_02799,1872,1296
dummy,null_02800,1920,1296
dummy,null_02801,1968,1296
dummy,null_02802,2016,1296
dummy,null_02803,2064,1296
dummy,null_02804,2112,1296
dummy,null_02805,2160,1296
dummy,null_02806,2208,1296
dummy,null_02807,2256,1296
dummy,null_02808,2304,1296
dummy,null_02809,2352,1296
dummy,null_02810,2400,1296
dummy,null_02811,2448,1296
dummy,null_02812,2496,1296
dummy,null_02813,2544,1296
dummy,null_02814,2640,1296
dummy,null_02815,2736,1296
dummy,null_02816,2832,1296
dummy,null_02817,2928,1296
dummy,null_02818,2976,1296
dummy,null_02819,3024,1296
dummy,null_02820,3072,1296
dummy,null_02821,3120,1296
dummy,null_02822,3168,1296
dummy,null_02823,3216,1296
dummy,null_02824,3264,1296
dummy,null_02825,3312,1296
dummy,null_02826,3360,1296
dummy,null_02827,3408,1296
dummy,null_02828,3456,1296
dummy,null_02829,3504,1296
dummy,null_02830,3552,1296
dummy,null_02831,3600,1296
dummy,null_02832,3648,1296
dummy,null_02833,3696,1296
dummy,null_02834,3792,1296
dummy,null_02835,3888,1296
dummy,null_02836,3984,1296
dummy,null_02837,4032,1296
dummy,null_02838,4080,1296
dummy,null_02839,4128,1296
dummy,null_02840,4176,1296
dummy,null_02841,4224,1296
dummy,null_02842,4272,1296
dummy,null_02843,4320,1296
dummy,null_02844,4368,1296
dummy,null_02845,4416,1296
dummy,null_02846,4464,1296
dummy,null_02847,4512,1296
dummy,null_02848,4560,1296
dummy,null_02849,4608,1296
dummy,null_02850,4656,1296
dummy,null_02851,4704,1296
dummy,null_02852,4752,1296
dummy,null_02853,4800,1296
dummy,null_02854,4848,1296
dummy,null_02855,4896,1296
dummy,null_02856,4944,1296
dummy,null_02857,4992,1296
dummy,null_02858,0,1344
dummy,null_02859,48,1344
dummy,null_02860,96,1344
dummy,null_02861,144,1344
dummy,null_02862,192,1344
dummy,null_02863,240,1344
dummy,null_02864,288,1344
dummy,null_02865,336,1344
dummy,null_02866,384,1344
dummy,null_02867,480,1344
dummy,null_02868,576,1344
dummy,null_02869,672,1344
dummy,null_02870,720,1344
dummy,null_02871,768,1344
dummy,null_02872,816,1344
dummy,null_02873,864,1344
dummy,null_02874,912,1344
dummy,null_02875,960,1344
dummy,null_02876,1008,1344
dummy,null_02877,1056,1344
dummy,null_02878,1104,1344
dummy,null_02879,1152,1344
dummy,null_02880,1200,1344
dummy,null_02881,1248,1344
dummy,null_02882,1296,1344
dummy,null_02883,1344,1344
dummy,null_02884,1392,1344
dummy,null_02885,1440,1344
dummy,null_02886,1488,1344
dummy,null_02887,1584,1344
dummy,null_02888,1680,1344
dummy,null_02889,1728,1344
dummy,null_02890,1776,1344
dummy,null_02891,1824,1344
dummy,null_02892,1872,1344
dummy,null_02893,1920,1344
dummy,null_02894,1968,1344
dummy,null_02895,2016,1344
dummy,null_02896,2064,1344
dummy,null_02897,2112,1344
dummy,null_02898,2160,1344
dummy,null_02899,2208,1344
dummy,null_02900,2256,1344
dummy,null_02901,2304,1344
dummy,null_02902,2352,1344
dummy,null_02903,2400,1344
dummy,null_02904,2448,1344
dummy,null_02905,2496,1344
dummy,null_02906,2544,1344
dummy,null_02907,2592,1344
dummy,null_02908,2688,1344
dummy,null_02909,2784,1344
dummy,null_02910,2880,1344
dummy,null_02911,2928,1344
dummy,null_02912,2976,1344
dummy,null_02913,3024,1344
dummy,null_02914,3072,1344
dummy,null_02915,3120,1344
dummy,null_02916,3168,1344
dummy,null_02917,3216,1344
dummy,null_02918,3264,1344
dummy,null_02919,3312,1344
dummy,null_02920,3360,1344
dummy,null_02921,3408,1344
dummy,null_02922,3456,1344
dummy,null_02923,3504,1344
dummy,null_02924,3552,1344
dummy,null_02925,3600,1344
dummy,null_02926,3648,1344
dummy,null_02927,3744,1344
dummy,null_02928,3840,1344
dummy,null_02929,3936,1344
dummy,null_02930,4032,1344
dummy,null_02931,4080,1344
dummy,null_02932,4128,1344
dummy,null_02933,4176,1344
dummy,null_02934,4224,1344
dummy,null_02935,4272,1344
dummy,null_02936,4320,1344
dummy,null_02937,4368,1344
dummy,null_02938,4416,1344
dummy,null_02939,4464,1344
dummy,null_02940,4512,1344
dummy,null_02941,4560,1344
dummy,null_02942,4608,1344
dummy,null_02943,4656,1344
dummy,null_02944,4704,1344
dummy,null_02945,4752,1344
dummy,null_02946,4800,1344
dummy,null_02947,4848,1344
dummy,null_02948,4896,1344
dummy,null_02949,4944,1344
dummy,null_02950,4992,1344
dummy,null_02951,0,1392
dummy,null_02952,48,1392
dummy,null_02953,96,1392
dummy,null_02954,144,1392
dummy,null_02955,192,1392
dummy,null_02956,240,1392
dummy,null_02957,288,1392
dummy,null_02958,336,1392
dummy,null_02959,432,1392
dummy,null_02960,480,1392
dummy,null_02961,528,1392
dummy,null_02962,576,1392
dummy,null_02963,624,1392
dummy,null_02964,672,1392
dummy,null_02965,720,1392
dummy,null_02966,768,1392
dummy,null_02967,816,1392
dummy,null_02968,864,1392
dummy,null_02969,912,1392
dummy,null_02970,960,1392
dummy,null_02971,1008,1392
dummy,null_02972,1056,1392
dummy,null_02973,1104,1392
dummy,null_02974,1152,1392
dummy,null_02975,1200,1392
dummy,null_02976,1248,1392
dummy,null_02977,1296,1392
dummy,null_02978,1344,1392
dummy,null_02979,1392,1392
dummy,null_02980,1440,1392
dummy,null_02981,1536,1392
dummy,null_02982,1632,1392
dummy,null_02983,1728,1392
dummy,null_02984,1776,1392
dummy,null_02985,1824,1392
dummy,null_02986,1872,1392
dummy,null_02987,1920,1392
dummy,null_02988,1968,1392
dummy,null_02989,2016,1392
dummy,null_02990,2064,1392
dummy,null_02991,2112,1392
dummy,null_02992,2160,1392
dummy,null_02993,2208,1392
dummy,null_02994,2256,1392
dummy,null_02995,2304,1392
dummy,null_02996,2352,1392
dummy,null_02997,2400,1392
dummy,null_02998,2448,1392
dummy,null_02999,2496,1392
dummy,null_03000,2544,1392
dummy,null_03001,2640,1392
dummy,null_03002,2688,1392
dummy,null_03003,2736,1392
dummy,null_03004,2784,1392
dummy,null_03005,2832,1392
dummy,null_03006,2880,1392
dummy,null_03007,2928,1392
dummy,null_03008,2976,1392
dummy,null_03009,3024,1392
dummy,null_03010,3072,1392
dummy,null_03011,3120,1392
dummy,null_03012,3168,1392
dummy,null_03013,3216,1392
dummy,null_03014,3264,1392
dummy,null_03015,3312,1392
dummy,null_03016,3360,1392
dummy,null_03017,3408,1392
dummy,null_03018,3456,1392
dummy,null_03019,3504,1392
dummy,null_03020,3552,1392
dummy,null_03021,3600,1392
dummy,null_03022,3648,1392
dummy,null_03023,3696,1392
dummy,null_03024,3744,1392
dummy,null_03025,3792,1392
dummy,null_03026,3840,1392
dummy,null_03027,3888,1392
dummy,null_03028,3936,1392
dummy,null_03029,3984,1392
dummy,null_03030,4032,1392
dummy,null_03031,4080,1392
dummy,null_03032,4128,1392
dummy,null_03033,4176,1392
dummy,null_03034,4224,1392
dummy,null_03035,4272,1392
dummy,null_03036,4320,1392
dummy,null_03037,4368,1392
dummy,null_03038,4416,1392
dummy,null_03039,4464,1392
dummy,null_03040,4512,1392
dummy,null_03041,4560,1392
dummy,null_03042,4608,1392
dummy,null_03043,4656,1392
dummy,null_03044,4704,1392
dummy,null_03045,4752,1392
dummy,null_03046,4800,1392
dummy,null_03047,4848,1392
dummy,null_03048,4896,1392
dummy,null_03049,4944,1392
dummy,null_03050,4992,1392
dummy,null_03051,0,1440
dummy,null_03052,48,1440
dummy,null_03053,96,1440
dummy,null_03054,144,1440
dummy,null_03055,192,1440
dummy,null_03056,240,1440
dummy,null_03057,288,1440
dummy,null_03058,336,1440
dummy,null_03059,384,1440
dummy,null_03060,432,1440
dummy,null_03061,480,1440
dummy,null_03062,528,1440
dummy,null_03063,576,1440
dummy,null_03064,624,1440
dummy,null_03065,672,1440
dummy,null_03066,720,1440
dummy,null_03067,768,1440
dummy,null_03068,816,1440
dummy,null_03069,864,1440
dummy,null_03070,912,1440
dummy,null_03071,960,1440
dummy,null_03072,1008,1440
dummy,null_03073,1056,1440
dummy,null_03074,1104,1440
dummy,null_03075,1152,1440
dummy,null_03076,1200,1440
dummy,null_03077,1248,1440
dummy,null_03078,1296,1440
dummy,null_03079,1344,1440
dummy,null_03080,1392,1440
dummy,null_03081,1440,1440
dummy,null_03082,1488,1440
dummy,null_03083,1536,1440
dummy,null_03084,1584,1440
dummy,null_03085,1632,1440
dummy,null_03086,1680,1440
dummy,null_03087,1728,1440
dummy,null_03088,1776,1440
dummy,null_03089,1824,1440
dummy,null_03090,1872,1440
dummy,null_03091,1920,1440
dummy,null_03092,1968,1440
dummy,null_03093,2016,1440
dummy,null_03094,2064,1440
dummy,null_03095,2112,1440
dummy,null_03096,2160,1440
dummy,null_03097,2208,1440
dummy,null_03098,2256,1440
dummy,null_03099,2304,1440
dummy,null_03100,2352,1440
dummy,null_03101,2400,1440
dummy,null_03102,2448,1440
dummy,null_03103,2496,1440
dummy,null_03104,2544,1440
dummy,null_03105,2592,1440
dummy,null_03106,2640,1440
dummy,null_03107,2688,1440
dummy,null_03108,2736,1440
dummy,null_03109,2784,1440
dummy,null_03110,2832,1440
dummy,null_03111,2880,1440
dummy,null_03112,2928,1440
dummy,null_03113,2976,1440
dummy,null_03114,3024,1440
dummy,null_03115,3072,1440
dummy,null_03116,3120,1440
dummy,null_03117,3168,1440
dummy,null_03118,3216,1440
dummy,null_03119,3264,1440
dummy,null_03120,3312,1440
dummy,null_03121,3360,1440
dummy,null_03122,3408,1440
dummy,null_03123,3456,1440
dummy,null_03124,3504,1440
dummy,null_03125,3552,1440
dummy,null_03126,3600,1440
dummy,null_03127,3648,1440
dummy,null_03128,3696,1440
dummy,null_03129,3744,1440
dummy,null_03130,3792,1440
dummy,null_03131,3840,1440
dummy,null_03132,3888,1440
dummy,null_03133,3936,1440
dummy,null_03134,3984,1440
dummy,null_03135,4032,1440
dummy,null_03136,4080,1440
dummy,null_03137,4128,1440
dummy,null_03138,4176,1440
dummy,null_03139,4224,1440
dummy,null_03140,4272,1440
dummy,null_03141,4320,1440
dummy,null_03142,4368,1440
dummy,null_03143,4416,1440
dummy,null_03144,4464,1440
dummy,null_03145,4512,1440
dummy,null_03146,4560,1440
dummy,null_03147,4608,1440
dummy,null_03148,4656,1440
dummy,null_03149,4704,1440
dummy,null_03150,4752,1440
dummy,null_03151,4800,1440
dummy,null_03152,4848,1440
dummy,null_03153,4896,1440
dummy,null_03154,4944,1440
dummy,null_03155,4992,1440
dummy,null_03156,0,1488
dummy,null_03157,48,1488
dummy,null_03158,96,1488
dummy,null_03159,144,1488
dummy,null_03160,192,1488
dummy,null_03161,240,1488
dummy,null_03162,288,1488
dummy,null_03163,336,1488
dummy,null_03164,384,1488
dummy,null_03165,432,1488
dummy,null_03166,480,1488
dummy,null_03167,528,1488
dummy,null_03168,576,1488
dummy,null_03169,624,1488
dummy,null_03170,672,1488
dummy,null_03171,720,1488
dummy,null_03172,768,1488
dummy,null_03173,816,1488
dummy,null_03174,864,1488
dummy,null_03175,912,1488
dummy,null_03176,960,1488
dummy,null_03177,1008,1488
dummy,null_03178,1056,1488
dummy,null_03179,1104,1488
dummy,null_03180,1152,1488
dummy,null_03181,1200,1488
dummy,null_03182,1248,1488
dummy,null_03183,1296,1488
dummy,null_03184,1344,1488
dummy,null_03185,1392,1488
dummy,null_03186,1440,1488
dummy,null_03187,1488,1488
dummy,null_03188,1536,1488
dummy,null_03189,1584,1488
dummy,null_03190,1632,1488
dummy,null_03191,1680,1488
dummy,null_03192,1728,1488
dummy,null_03193,1776,1488
dummy,null_03194,1824,1488
dummy,null_03195,1872,1488
dummy,null_03196,1920,1488
dummy,null_03197,1968,1488
dummy,null_03198,2016,1488
dummy,null_03199,2064,1488
dummy,null_03200,2112,1488
dummy,null_03201,2160,1488
dummy,null_03202,2208,1488
dummy,null_03203,2256,1488
dummy,null_03204,2304,1488
dummy,null_03205,2352,1488
dummy,null_03206,2400,1488
dummy,null_03207,2448,1488
dummy,null_03208,2496,1488
dummy,null_03209,2544,1488
dummy,null_03210,2592,1488
dummy,null_03211,2640,1488
dummy,null_03212,2688,1488
dummy,null_03213,2736,1488
dummy,null_03214,2784,1488
dummy,null_03215,2832,1488
dummy,null_03216,2880,1488
dummy,null_03217,2928,1488
dummy,null_03218,2976,1488
dummy,null_03219,3024,1488
dummy,null_03220,3072,1488
dummy,null_03221,3120,1488
dummy,null_03222,3168,1488
dummy,null_03223,3216,1488
dummy,null_03224,3264,1488
dummy,null_03225,3312,1488
dummy,null_03226,3360,1488
dummy,null_03227,3408,1488
dummy,null_03228,3456,1488
dummy,null_03229,3504,1488
dummy,null_03230,3552,1488
dummy,null_03231,3600,1488
dummy,null_03232,3648,1488
dummy,null_03233,3696,1488
dummy,null_03234,3744,1488
dummy,null_03235,3792,1488
dummy,null_03236,3840,1488
dummy,null_03237,3888,1488
dummy,null_03238,3936,1488
dummy,null_03239,3984,1488
dummy,null_03240,4032,1488
dummy,null_03241,4080,1488
dummy,null_03242,4128,1488
dummy,null_03243,4176,1488
dummy,null_03244,4224,1488
dummy,null_03245,4272,1488
dummy,null_03246,4320,1488
dummy,null_03247,4368,1488
dummy,null_03248,4416,1488
dummy,null_03249,4464,1488
dummy,null_03250,4512,1488
dummy,null_03251,4560,1488
dummy,null_03252,4608,1488
dummy,null_03253,4656,1488
dummy,null_03254,4704,1488
dummy,null_03255,4752,1488
dummy,null_03256,4800,1488
dummy,null_03257,4848,1488
dummy,null_03258,4896,1488
dummy,null_03259,4944,1488
dummy,null_03260,4992,1488
dummy,null_03261,0,1536
dummy,null_03262,48,1536
dummy,null_03263,96,1536
dummy,null_03264,144,1536
dummy,null_03265,192,1536
dummy,null_03266,240,1536
dummy,null_03267,288,1536
dummy,null_03268,336,1536
dummy,null_03269,384,1536
dummy,null_03270,432,1536
dummy,null_03271,480,1536
dummy,null_03272,528,1536
dummy,null_03273,576,1536
dummy,null_03274,624,1536
dummy,null_03275,672,1536
dummy,null_03276,720,1536
dummy,null_03277,768,1536
dummy,null_03278,816,1536
dummy,null_03279,864,1536
dummy,null_03280,912,1536
dummy,null_03281,960,1536
dummy,null_03282,1008,1536
dummy,null_03283,1056,1536
dummy,null_03284,1104,1536
dummy,null_03285,1152,1536
dummy,null_03286,1200,1536
dummy,null_03287,1248,1536
dummy,null_03288,1296,1536
dummy,null_03289,1344,1536
dummy,null_03290,1392,1536
dummy,null_03291,1440,1536
dummy,null_03292,1488,1536
dummy,null_03293,1536,1536
dummy,null_03294,1584,1536
dummy,null_03295,1632,1536
dummy,null_03296,1680,1536
dummy,null_03297,1728,1536
dummy,null_03298,1776,1536
dummy,null_03299,1824,1536
dummy,null_03300,1872,1536
dummy,null_03301,1920,1536
dummy,null_03302,1968,1536
dummy,null_03303,2016,1536
dummy,null_03304,2064,1536
dummy,null_03305,2112,1536
dummy,null_03306,2160,1536
dummy,null_03307,2208,1536
dummy,null_03308,2256,1536
dummy,null_03309,2304,1536
dummy,null_03310,2352,1536
dummy,null_03311,2400,1536
dummy,null_03312,2448,1536
dummy,null_03313,2496,1536
dummy,null_03314,2544,1536
dummy,null_03315,2592,1536
dummy,null_03316,2640,1536
dummy,null_03317,2688,1536
dummy,null_03318,2736,1536
dummy,null_03319,2784,1536
dummy,null_03320,2832,1536
dummy,null_03321,2880,1536
dummy,null_03322,2928,1536
dummy,null_03323,2976,1536
dummy,null_03324,3024,1536
dummy,null_03325,3072,1536
dummy,null_03326,3120,1536
dummy,null_03327,3168,1536
dummy,null_03328,3216,1536
dummy,null_03329,3264,1536
dummy,null_03330,3312,1536
dummy,null_03331,3360,1536
dummy,null_03332,3408,1536
dummy,null_03333,3456,1536
dummy,null_03334,3504,1536
dummy,null_03335,3552,1536
dummy,null_03336,3600,1536
dummy,null_03337,3648,1536
dummy,null_03338,3696,1536
dummy,null_03339,3744,1536
dummy,null_03340,3792,1536
dummy,null_03341,3840,1536
dummy,null_03342,3888,1536
dummy,null_03343,3936,1536
dummy,null_03344,3984,1536
dummy,null_03345,4032,1536
dummy,null_03346,4080,1536
dummy,null_03347,4128,1536
dummy,null_03348,4176,1536
dummy,null_03349,4224,1536
dummy,null_03350,4272,1536
dummy,null_03351,4320,1536
dummy,null_03352,4368,1536
dummy,null_03353,4416,1536
dummy,null_03354,4464,1536
dummy,null_03355,4512,1536
dummy,null_03356,4560,1536
dummy,null_03357,4608,1536
dummy,null_03358,4656,1536
dummy,null_03359,4704,1536
dummy,null_03360,4752,1536
dummy,null_03361,4800,1536
dummy,null_03362,4848,1536
dummy,null_03363,4896,1536
dummy,null_03364,4944,1536
dummy,null_03365,4992,1536
dummy,null_03366,0,1584
dummy,null_03367,48,1584
dummy,null_03368,96,1584
dummy,null_03369,144,1584
dummy,null_03370,192,1584
dummy,null_03371,240,1584
dummy,null_03372,288,1584
dummy,null_03373,336,1584
dummy,null_03374,384,1584
dummy,null_03375,432,1584
dummy,null_03376,480,1584
dummy,null_03377,528,1584
dummy,null_03378,576,1584
dummy,null_03379,624,1584
dummy,null_03380,672,1584
dummy,null_03381,720,1584
dummy,null_03382,768,1584
dummy,null_03383,816,1584
dummy,null_03384,864,1584
dummy,null_03385,912,1584
dummy,null_03386,960,1584
dummy,null_03387,1008,1584
dummy,null_03388,1056,1584
dummy,null_03389,1104,1584
dummy,null_03390,1152,1584
dummy,null_03391,1200,1584
dummy,null_03392,1248,1584
dummy,null_03393,1296,1584
dummy,null_03394,1344,1584
dummy,null_03395,1392,1584
dummy,null_03396,1440,1584
dummy,null_03397,1488,1584
dummy,null_03398,1536,1584
dummy,null_03399,1584,1584
dummy,null_03400,1632,1584
dummy,null_03401,1680,1584
dummy,null_03402,1728,1584
dummy,null_03403,1776,1584
dummy,null_03404,1824,1584
dummy,null_03405,1872,1584
dummy,null_03406,1920,1584
dummy,null_03407,1968,1584
dummy,null_03408,2016,1584
dummy,null_03409,2064,1584
dummy,null_03410,2112,1584
dummy,null_03411,2160,1584
dummy,null_03412,2208,1584
dummy,null_03413,2256,1584
dummy,null_03414,2304,1584
dummy,null_03415,2352,1584
dummy,null_03416,2400,1584
dummy,null_03417,2448,1584
dummy,null_03418,2496,1584
dummy,null_03419,2544,1584
dummy,null_03420,2592,1584
dummy,null_03421,2640,1584
dummy,null_03422,2688,1584
dummy,null_03423,2736,1584
dummy,null_03424,2784,1584
dummy,null_03425,2832,1584
dummy,null_03426,2880,1584
dummy,null_03427,2928,1584
dummy,null_03428,2976,1584
dummy,null_03429,3024,1584
dummy,null_03430,3072,1584
dummy,null_03431,3120,1584
dummy,null_03432,3168,1584
dummy,null_03433,3216,1584
dummy,null_03434,3264,1584
dummy,null_03435,3312,1584
dummy,null_03436,3360,1584
dummy,null_03437,3408,1584
dummy,null_03438,3456,1584
dummy,null_03439,3504,1584
dummy,null_03440,3552,1584
dummy,null_03441,3600,1584
dummy,null_03442,3648,1584
dummy,null_03443,3696,1584
dummy,null_03444,3744,1584
dummy,null_03445,3792,1584
dummy,null_03446,3840,1584
dummy,null_03447,3888,1584
dummy,null_03448,3936,1584
dummy,null_03449,3984,1584
dummy,null_03450,4032,1584
dummy,null_03451,4080,1584
dummy,null_03452,4128,1584
dummy,null_03453,4176,1584
dummy,null_03454,4224,1584
dummy,null_03455,4272,1584
dummy,null_03456,4320,1584
dummy,null_03457,4368,1584
dummy,null_03458,4416,1584
dummy,null_03459,4464,1584
dummy,null_03460,4512,1584
dummy,null_03461,4560,1584
dummy,null_03462,4608,1584
dummy,null_03463,4656,1584
dummy,null_03464,4704,1584
dummy,null_03465,4752,1584
dummy,null_03466,4800,1584
dummy,null_03467,4848,1584
dummy,null_03468,4896,1584
dummy,null_03469,4944,1584
dummy,null_03470,4992,1584
dummy,null_03471,0,1632
dummy,null_03472,48,1632
dummy,null_03473,96,1632
dummy,null_03474,144,1632
dummy,null_03475,192,1632
dummy,null_03476,240,1632
dummy,null_03477,288,1632
dummy,null_03478,336,1632
dummy,null_03479,384,1632
dummy,null_03480,432,1632
dummy,null_03481,480,1632
dummy,null_03482,528,1632
dummy,null_03483,576,1632
dummy,null_03484,624,1632
dummy,null_03485,672,1632
dummy,null_03486,720,1632
dummy,null_03487,768,1632
dummy,null_03488,816,1632
dummy,null_03489,864,1632
dummy,null_03490,912,1632
dummy,null_03491,960,1632
dummy,null_03492,1008,1632
dummy,null_03493,1056,1632
dummy,null_03494,1104,1632
dummy,null_03495,1152,1632
dummy,null_03496,1200,1632
dummy,null_03497,1248,1632
dummy,null_03498,1296,1632
dummy,null_03499,1344,1632
dummy,null_03500,1392,1632
dummy,null_03501,1440,1632
dummy,null_03502,1488,1632
dummy,null_03503,1536,1632
dummy,null_03504,1584,1632
dummy,null_03505,1632,1632
dummy,null_03506,1680,1632
dummy,null_03507,1728,1632
dummy,null_03508,1776,1632
dummy,null_03509,1824,1632
dummy,null_03510,1872,1632
dummy,null_03511,1920,1632
dummy,null_03512,1968,1632
dummy,null_03513,2016,1632
dummy,null_03514,2064,1632
dummy,null_03515,2112,1632
dummy,null_03516,2160,1632
dummy,null_03517,2208,1632
dummy,null_03518,2256,1632
dummy,null_03519,2304,1632
dummy,null_03520,2352,1632
dummy,null_03521,2400,1632
dummy,null_03522,2448,1632
dummy,null_03523,2496,1632
dummy,null_03524,2544,1632
dummy,null_03525,2592,1632
dummy,null_03526,2640,1632
dummy,null_03527,2688,1632
dummy,null_03528,2736,1632
dummy,null_03529,2784,1632
dummy,null_03530,2832,1632
dummy,null_03531,2880,1632
dummy,null_03532,2928,1632
dummy,null_03533,2976,1632
dummy,null_03534,3024,1632
dummy,null_03535,3072,1632
dummy,null_03536,3120,1632
dummy,null_03537,3168,1632
dummy,null_03538,3216,1632
dummy,null_03539,3264,1632
dummy,null_03540,3312,1632
dummy,null_03541,3360,1632
dummy,null_03542,3408,1632
dummy,null_03543,3456,1632
dummy,null_03544,3504,1632
dummy,null_03545,3552,1632
dummy,null_03546,3600,1632
dummy,null_03547,3648,1632
dummy,null_03548,3696,1632
dummy,null_03549,3744,1632
dummy,null_03550,3792,1632
dummy,null_03551,3840,1632
dummy,null_03552,3888,1632
dummy,null_03553,3936,1632
dummy,null_03554,3984,1632
dummy,null_03555,4032,1632
dummy,null_03556,4080,1632
dummy,null_03557,4128,1632
dummy,null_03558,4176,1632
dummy,null_03559,4224,1632
dummy,null_03560,4272,1632
dummy,null_03561,4320,1632
dummy,null_03562,4368,1632
dummy,null_03563,4416,1632
dummy,null_03564,4464,1632
dummy,null_03565,4512,1632
dummy,null_03566,4560,1632
dummy,null_03567,4608,1632
dummy,null_03568,4656,1632
dummy,null_03569,4704,1632
dummy,null_03570,4752,1632
dummy,null_03571,4800,1632
dummy,null_03572,4848,1632
dummy,null_03573,4896,1632
dummy,null_03574,4944,1632
dummy,null_03575,4992,1632
dummy,null_03576,0,1680
dummy,null_03577,48,1680
dummy,null_03578,96,1680
dummy,null_03579,144,1680
dummy,null_03580,192,1680
dummy,null_03581,240,1680
dummy,null_03582,288,1680
dummy,null_03583,336,1680
dummy,null_03584,384,1680
dummy,null_03585,432,1680
dummy,null_03586,480,1680
dummy,null_03587,528,1680
dummy,null_03588,576,1680
dummy,null_03589,624,1680
dummy,null_03590,672,1680
dummy,null_03591,720,1680
dummy,null_03592,768,1680
dummy,null_03593,816,1680
dummy,null_03594,864,1680
dummy,null_03595,912,1680
dummy,null_03596,960,1680
dummy,null_03597,1008,1680
dummy,null_03598,1056,1680
dummy,null_03599,1104,1680
dummy,null_03600,1152,1680
dummy,null_03601,1200,1680
dummy,null_03602,1248,1680
dummy,null_03603,1296,1680
dummy,null_03604,1344,1680
dummy,null_03605,1392,1680
dummy,null_03606,1440,1680
dummy,null_03607,1488,1680
dummy,null_03608,1536,1680
dummy,null_03609,1584,1680
dummy,null_03610,1632,1680
dummy,null_03611,1680,1680
dummy,null_03612,1728,1680
dummy,null_03613,1776,1680
dummy,null_03614,1824,1680
dummy,null_03615,1872,1680
dummy,null_03616,1920,1680
dummy,null_03617,1968,1680
dummy,null_03618,2016,1680
dummy,null_03619,2064,1680
dummy,null_03620,2112,1680
dummy,null_03621,2160,1680
dummy,null_03622,2208,1680
dummy,null_03623,2256,1680
dummy,null_03624,2304,1680
dummy,null_03625,2352,1680
dummy,null_03626,2400,1680
dummy,null_03627,2448,1680
dummy,null_03628,2496,1680
dummy,null_03629,2544,1680
dummy,null_03630,2592,1680
dummy,null_03631,2640,1680
dummy,null_03632,2688,1680
dummy,null_03633,2736,1680
dummy,null_03634,2784,1680
dummy,null_03635,2832,1680
dummy,null_03636,2880,1680
dummy,null_03637,2928,1680
dummy,null_03638,2976,1680
dummy,null_03639,3024,1680
dummy,null_03640,3072,1680
dummy,null_03641,3120,1680
dummy,null_03642,3168,1680
dummy,null_03643,3216,1680
dummy,null_03644,3264,1680
dummy,null_03645,3312,1680
dummy,null_03646,3360,1680
dummy,null_03647,3408,1680
dummy,null_03648,3456,1680
dummy,null_03649,3504,1680
dummy,null_03650,3552,1680
dummy,null_03651,3600,1680
dummy,null_03652,3648,1680
dummy,null_03653,3696,1680
dummy,null_03654,3744,1680
dummy,null_03655,3792,1680
dummy,null_03656,3840,1680
dummy,null_03657,3888,1680
dummy,null_03658,3936,1680
dummy,null_03659,3984,1680
dummy,null_03660,4032,1680
dummy,null_03661,4080,1680
dummy,null_03662,4128,1680
dummy,null_03663,4176,1680
dummy,null_03664,4224,1680
dummy,null_03665,4272,1680
dummy,null_03666,4320,1680
dummy,null_03667,4368,1680
dummy,null_03668,4416,1680
dummy,null_03669,4464,1680
dummy,null_03670,4512,1680
dummy,null_03671,4560,1680
dummy,null_03672,4608,1680
dummy,null_03673,4656,1680
dummy,null_03674,4704,1680
dummy,null_03675,4752,1680
dummy,null_03676,4800,1680
dummy,null_03677,4848,1680
dummy,null_03678,4896,1680
dummy,null_03679,4944,1680
dummy,null_03680,4992,1680
dummy,null_03681,0,1728
dummy,null_03682,48,1728
dummy,null_03683,96,1728
dummy,null_03684,144,1728
dummy,null_03685,192,1728
dummy,null_03686,240,1728
dummy,null_03687,288,1728
dummy,null_03688,336,1728
dummy,null_03689,384,1728
dummy,null_03690,432,1728
dummy,null_03691,480,1728
dummy,null_03692,528,1728
dummy,null_03693,576,1728
dummy,null_03694,624,1728
dummy,null_03695,672,1728
dummy,null_03696,720,1728
dummy,null_03697,768,1728
dummy,null_03698,816,1728
dummy,null_03699,864,1728
dummy,null_03700,912,1728
dummy,null_03701,960,1728
dummy,null_03702,1008,1728
dummy,null_03703,1056,1728
dummy,null_03704,1104,1728
dummy,null_03705,1152,1728
dummy,null_03706,1200,1728
dummy,null_03707,1248,1728
dummy,null_03708,1296,1728
dummy,null_03709,1344,1728
dummy,null_03710,1392,1728
dummy,null_03711,1440,1728
dummy,null_03712,1488,1728
dummy,null_03713,1536,1728
dummy,null_03714,1584,1728
dummy,null_03715,1632,1728
dummy,null_03716,1680,1728
dummy,null_03717,1728,1728
dummy,null_03718,1776,1728
dummy,null_03719,1824,1728
dummy,null_03720,1872,1728
dummy,null_03721,1920,1728
dummy,null_03722,1968,1728
dummy,null_03723,2016,1728
dummy,null_03724,2064,1728
dummy,null_03725,2112,1728
dummy,null_03726,2160,1728
dummy,null_03727,2208,1728
dummy,null_03728,2256,1728
dummy,null_03729,2304,1728
dummy,null_03730,2352,1728
dummy,null_03731,2400,1728
dummy,null_03732,2448,1728
dummy,null_03733,2496,1728
dummy,null_03734,2544,1728
dummy,null_03735,2592,1728
dummy,null_03736,2640,1728
dummy,null_03737,2688,1728
dummy,null_03738,2736,1728
dummy,null_03739,2784,1728
dummy,null_03740,2832,1728
dummy,null_03741,2880,1728
dummy,null_03742,2928,1728
dummy,null_03743,2976,1728
dummy,null_03744,3024,1728
dummy,null_03745,3072,1728
dummy,null_03746,3120,1728
dummy,null_03747,3168,1728
dummy,null_03748,3216,1728
dummy,null_03749,3264,1728
dummy,null_03750,3312,1728
dummy,null_03751,3360,1728
dummy,null_03752,3408,1728
dummy,null_03753,3456,1728
dummy,null_03754,3504,1728
dummy,null_03755,3552,1728
dummy,null_03756,3600,1728
dummy,null_03757,3648,1728
dummy,null_03758,3696,1728
dummy,null_03759,3744,1728
dummy,null_03760,3792,1728
dummy,null_03761,3840,1728
dummy,null_03762,3888,1728
dummy,null_03763,3936,1728
dummy,null_03764,3984,1728
dummy,null_03765,4032,1728
dummy,null_03766,4080,1728
dummy,null_03767,4128,1728
dummy,null_03768,4176,1728
dummy,null_03769,4224,1728
dummy,null_03770,4272,1728
dummy,null_03771,4320,1728
dummy,null_03772,4368,1728
dummy,null_03773,4416,1728
dummy,null_03774,4464,1728
dummy,null_03775,4512,1728
dummy,null_03776,4560,1728
dummy,null_03777,4608,1728
dummy,null_03778,4656,1728
dummy,null_03779,4704,1728
dummy,null_03780,4752,1728
dummy,null_03781,4800,1728
dummy,null_03782,4848,1728
dummy,null_03783,4896,1728
dummy,null_03784,4944,1728
dummy,null_03785,4992,1728
dummy,null_03786,0,1776
dummy,null_03787,48,1776
dummy,null_03788,96,1776
dummy,null_03789,144,1776
dummy,null_03790,192,1776
dummy,null_03791,240,1776
dummy,null_03792,288,1776
dummy,null_03793,336,1776
dummy,null_03794,384,1776
dummy,null_03795,432,1776
dummy,null_03796,480,1776
dummy,null_03797,528,1776
dummy,null_03798,576,1776
dummy,null_03799,624,1776
dummy,null_03800,672,1776
dummy,null_03801,720,1776
dummy,null_03802,768,1776
dummy,null_03803,816,1776
dummy,null_03804,864,1776
dummy,null_03805,912,1776
dummy,null_03806,960,1776
dummy,null_03807,1008,1776
dummy,null_03808,1056,1776
dummy,null_03809,1104,1776
dummy,null_03810,1152,1776
dummy,null_03811,1200,1776
dummy,null_03812,1248,1776
dummy,null_03813,1296,1776
dummy,null_03814,1344,1776
dummy,null_03815,1392,1776
dummy,null_03816,1440,1776
dummy,null_03817,1488,1776
dummy,null_03818,1536,1776
dummy,null_03819,1584,1776
dummy,null_03820,1632,1776
dummy,null_03821,1680,1776
dummy,null_03822,1728,1776
dummy,null_03823,1776,1776
dummy,null_03824,1824,1776
dummy,null_03825,1872,1776
dummy,null_03826,1920,1776
dummy,null_03827,1968,1776
dummy,null_03828,2016,1776
dummy,null_03829,2064,1776
dummy,null_03830,2112,1776
dummy,null_03831,2160,1776
dummy,null_03832,2208,1776
dummy,null_03833,2256,1776
dummy,null_03834,2304,1776
dummy,null_03835,2352,1776
dummy,null_03836,2400,1776
dummy,null_03837,2448,1776
dummy,null_03838,2496,1776
dummy,null_03839,2544,1776
dummy,null_03840,2592,1776
dummy,null_03841,2640,1776
dummy,null_03842,2688,1776
dummy,null_03843,2736,1776
dummy,null_03844,2784,1776
dummy,null_03845,2832,1776
dummy,null_03846,2880,1776
dummy,null_03847,2928,1776
dummy,null_03848,2976,1776
dummy,null_03849,3024,1776
dummy,null_03850,3072,1776
dummy,null_03851,3120,1776
dummy,null_03852,3168,1776
dummy,null_03853,3216,1776
dummy,null_03854,3264,1776
dummy,null_03855,3312,1776
dummy,null_03856,3360,1776
dummy,null_03857,3408,1776
dummy,null_03858,3456,1776
dummy,null_03859,3504,1776
dummy,null_03860,3552,1776
dummy,null_03861,3600,1776
dummy,null_03862,3648,1776
dummy,null_03863,3696,1776
dummy,null_03864,3744,1776
dummy,null_03865,3792,1776
dummy,null_03866,3840,1776
dummy,null_03867,3888,1776
dummy,null_03868,3936,1776
dummy,null_03869,3984,1776
dummy,null_03870,4032,1776
dummy,null_03871,4080,1776
dummy,null_03872,4128,1776
dummy,null_03873,4176,1776
dummy,null_03874,4224,1776
dummy,null_03875,4272,1776
dummy,null_03876,4320,1776
dummy,null_03877,4368,1776
dummy,null_03878,4416,1776
dummy,null_03879,4464,1776
dummy,null_03880,4512,1776
dummy,null_03881,4560,1776
dummy,null_03882,4608,1776
dummy,null_03883,4656,1776
dummy,null_03884,4704,1776
dummy,null_03885,4752,1776
dummy,null_03886,4800,1776
dummy,null_03887,4848,1776
dummy,null_03888,4896,1776
dummy,null_03889,4944,1776
dummy,null_03890,4992,1776
dummy,null_03891,0,1824
dummy,null_03892,48,1824
dummy,null_03893,96,1824
dummy,null_03894,144,1824
dummy,null_03895,192,1824
dummy,null_03896,240,1824
dummy,null_03897,288,1824
dummy,null_03898,336,1824
dummy,null_03899,384,1824
dummy,null_03900,432,1824
dummy,null_03901,480,1824
dummy,null_03902,528,1824
dummy,null_03903,576,1824
dummy,null_03904,624,1824
dummy,null_03905,672,1824
dummy,null_03906,720,1824
dummy,null_03907,768,1824
dummy,null_03908,816,1824
dummy,null_03909,864,1824
dummy,null_03910,912,1824
dummy,null_03911,960,1824
dummy,null_03912,1008,1824
dummy,null_03913,1056,1824
dummy,null_03914,1104,1824
dummy,null_03915,1152,1824
dummy,null_03916,1200,1824
dummy,null_03917,1248,1824
dummy,null_03918,1296,1824
dummy,null_03919,1344,1824
dummy,null_03920,1392,1824
dummy,null_03921,1440,1824
dummy,null_03922,1488,1824
dummy,null_03923,1536,1824
dummy,null_03924,1584,1824
dummy,null_03925,1632,1824
dummy,null_03926,1680,1824
dummy,null_03927,1728,1824
dummy,null_03928,1776,1824
dummy,null_03929,1824,1824
dummy,null_03930,1872,1824
dummy,null_03931,1920,1824
dummy,null_03932,1968,1824
dummy,null_03933,2016,1824
dummy,null_03934,2064,1824
dummy,null_03935,2112,1824
dummy,null_03936,2160,1824
dummy,null_03937,2208,1824
dummy,null_03938,2256,1824
dummy,null_03939,2304,1824
dummy,null_03940,2352,1824
dummy,null_03941,2400,1824
dummy,null_03942,2448,1824
dummy,null_03943,2496,1824
dummy,null_03944,2544,1824
dummy,null_03945,2592,1824
dummy,null_03946,2640,1824
dummy,null_03947,2688,1824
dummy,null_03948,2736,1824
dummy,null_03949,2784,1824
dummy,null_03950,2832,1824
dummy,null_03951,2880,1824
dummy,null_03952,2928,1824
dummy,null_03953,2976,1824
dummy,null_03954,3024,1824
dummy,null_03955,3072,1824
dummy,null_03956,3120,1824
dummy,null_03957,3168,1824
dummy,null_03958,3216,1824
dummy,null_03959,3264,1824
dummy,null_03960,3312,1824
dummy,null_03961,3360,1824
dummy,null_03962,3408,1824
dummy,null_03963,3456,1824
dummy,null_03964,3504,1824
dummy,null_03965,3552,1824
dummy,null_03966,3600,1824
dummy,null_03967,3648,1824
dummy,null_03968,3696,1824
dummy,null_03969,3744,1824
dummy,null_03970,3792,1824
dummy,null_03971,3840,1824
dummy,null_03972,3888,1824
dummy,null_03973,3936,1824
dummy,null_03974,3984,1824
dummy,null_03975,4032,1824
dummy,null_03976,4080,1824
dummy,null_03977,4128,1824
dummy,null_03978,4176,1824
dummy,null_03979,4224,1824
dummy,null_03980,4272,1824
dummy,null_03981,4320,1824
dummy,null_03982,4368,1824
dummy,null_03983,4416,1824
dummy,null_03984,4464,1824
dummy,null_03985,4512,1824
dummy,null_03986,4560,1824
dummy,null_03987,4608,1824
dummy,null_03988,4656,1824
dummy,null_03989,4704,1824
dummy,null_03990,4752,1824
dummy,null_03991,4800,1824
dummy,null_03992,4848,1824
dummy,null_03993,4896,1824
dummy,null_03994,4944,1824
dummy,null_03995,4992,1824
dummy,null_03996,0,1872
dummy,null_03997,48,1872
dummy,null_03998,96,1872
dummy,null_03999,144,1872
dummy,null_04000,192,1872
dummy,null_04001,240,1872
dummy,null_04002,288,1872
dummy,null_04003,336,1872
dummy,null_04004,384,1872
dummy,null_04005,432,1872
dummy,null_04006,480,1872
dummy,null_04007,528,1872
dummy,null_04008,576,1872
dummy,null_04009,624,1872
dummy,null_04010,672,1872
dummy,null_04011,720,1872
dummy,null_04012,768,1872
dummy,null_04013,816,1872
dummy,null_04014,864,1872
dummy,null_04015,912,1872
dummy,null_04016,960,1872
dummy,null_04017,1008,1872
dummy,null_04018,1056,1872
dummy,null_04019,1104,1872
dummy,null_04020,1152,1872
dummy,null_04021,1200,1872
dummy,null_04022,1248,1872
dummy,null_04023,1296,1872
dummy,null_04024,1344,1872
dummy,null_04025,1392,1872
dummy,null_04026,1440,1872
dummy,null_04027,1488,1872
dummy,null_04028,1536,1872
dummy,null_04029,1584,1872
dummy,null_04030,1632,1872
dummy,null_04031,1680,1872
dummy,null_04032,1728,1872
dummy,null_04033,1776,1872
dummy,null_04034,1824,1872
dummy,null_04035,1872,1872
dummy,null_04036,1920,1872
dummy,null_04037,1968,1872
dummy,null_04038,2016,1872
dummy,null_04039,2064,1872
dummy,null_04040,2112,1872
dummy,null_04041,2160,1872
dummy,null_04042,2208,1872
dummy,null_04043,2256,1872
dummy,null_04044,2304,1872
dummy,null_04045,2352,1872
dummy,null_04046,2400,1872
dummy,null_04047,2448,1872
dummy,null_04048,2496,1872
dummy,null_04049,2544,1872
dummy,null_04050,2592,1872
dummy,null_04051,2640,1872
dummy,null_04052,2688,1872
dummy,null_04053,2736,1872
dummy,null_04054,2784,1872
dummy,null_04055,2832,1872
dummy,null_04056,2880,1872
dummy,null_04057,2928,1872
dummy,null_04058,2976,1872
dummy,null_04059,3024,1872
dummy,null_04060,3072,1872
dummy,null_04061,3120,1872
dummy,null_04062,3168,1872
dummy,null_04063,3216,1872
dummy,null_04064,3264,1872
dummy,null_04065,3312,1872
dummy,null_04066,3360,1872
dummy,null_04067,3408,1872
dummy,null_04068,3456,1872
dummy,null_04069,3504,1872
dummy,null_04070,3552,1872
dummy,null_04071,3600,1872
dummy,null_04072,3648,1872
dummy,null_04073,3696,1872
dummy,null_04074,3744,1872
dummy,null_04075,3792,1872
dummy,null_04076,3840,1872
dummy,null_04077,3888,1872
dummy,null_04078,3936,1872
dummy,null_04079,3984,1872
dummy,null_04080,4032,1872
dummy,null_04081,4080,1872
dummy,null_04082,4128,1872
dummy,null_04083,4176,1872
dummy,null_04084,4224,1872
dummy,null_04085,4272,1872
dummy,null_04086,4320,1872
dummy,null_04087,4368,1872
dummy,null_04088,4416,1872
dummy,null_04089,4464,1872
dummy,null_04090,4512,1872
dummy,null_04091,4560,1872
dummy,null_04092,4608,1872
dummy,null_04093,4656,1872
dummy,null_04094,4704,1872
dummy,null_04095,4752,1872
dummy,null_04096,4800,1872
dummy,null_04097,4848,1872
dummy,null_04098,4896,1872
dummy,null_04099,4944,1872
dummy,null_04100,4992,1872
dummy,null_04101,0,1920
dummy,null_04102,48,1920
dummy,null_04103,96,1920
dummy,null_04104,144,1920
dummy,null_04105,192,1920
dummy,null_04106,240,1920
dummy,null_04107,288,1920
dummy,null_04108,336,1920
dummy,null_04109,384,1920
dummy,null_04110,432,1920
dummy,null_04111,480,1920
dummy,null_04112,528,1920
dummy,null_04113,576,1920
dummy,null_04114,624,1920
dummy,null_04115,672,1920
dummy,null_04116,720,1920
dummy,null_04117,768,1920
dummy,null_04118,816,1920
dummy,null_04119,864,1920
dummy,null_04120,912,1920
dummy,null_04121,960,1920
dummy,null_04122,1008,1920
dummy,null_04123,1056,1920
dummy,null_04124,1104,1920
dummy,null_04125,1152,1920
dummy,null_04126,1200,1920
dummy,null_04127,1248,1920
dummy,null_04128,1296,1920
dummy,null_04129,1344,1920
dummy,null_04130,1392,1920
dummy,null_04131,1440,1920
dummy,null_04132,1488,1920
dummy,null_04133,1536,1920
dummy,null_04134,1584,1920
dummy,null_04135,1632,1920
dummy,null_04136,1680,1920
dummy,null_04137,1728,1920
dummy,null_04138,1776,1920
dummy,null_04139,1824,1920
dummy,null_04140,1872,1920
dummy,null_04141,1920,1920
dummy,null_04142,1968,1920
dummy,null_04143,2016,1920
dummy,null_04144,2064,1920
dummy,null_04145,2112,1920
dummy,null_04146,2160,1920
dummy,null_04147,2208,1920
dummy,null_04148,2256,1920
dummy,null_04149,2304,1920
dummy,null_04150,2352,1920
dummy,null_04151,2400,1920
dummy,null_04152,2448,1920
dummy,null_04153,2496,1920
dummy,null_04154,2544,1920
dummy,null_04155,2592,1920
dummy,null_04156,2640,1920
dummy,null_04157,2688,1920
dummy,null_04158,2736,1920
dummy,null_04159,2784,1920
dummy,null_04160,2832,1920
dummy,null_04161,2880,1920
dummy,null_04162,2928,1920
dummy,null_04163,2976,1920
dummy,null_04164,3024,1920
dummy,null_04165,3072,1920
dummy,null_04166,3120,1920
dummy,null_04167,3168,1920
dummy,null_04168,3216,1920
dummy,null_04169,3264,1920
dummy,null_04170,3312,1920
dummy,null_04171,3360,1920
dummy,null_04172,3408,1920
dummy,null_04173,3456,1920
dummy,null_04174,3504,1920
dummy,null_04175,3552,1920
dummy,null_04176,3600,1920
dummy,null_04177,3648,1920
dummy,null_04178,3696,1920
dummy,null_04179,3744,1920
dummy,null_04180,3792,1920
dummy,null_04181,3840,1920
dummy,null_04182,3888,1920
dummy,null_04183,3936,1920
dummy,null_04184,3984,1920
dummy,null_04185,4032,1920
dummy,null_04186,4080,1920
dummy,null_04187,4128,1920
dummy,null_04188,4176,1920
dummy,null_04189,4224,1920
dummy,null_04190,4272,1920
dummy,null_04191,4320,1920
dummy,null_04192,4368,1920
dummy,null_04193,4416,1920
dummy,null_04194,4464,1920
dummy,null_04195,4512,1920
dummy,null_04196,4560,1920
dummy,null_04197,4608,1920
dummy,null_04198,4656,1920
dummy,null_04199,4704,1920
dummy,null_04200,4752,1920
dummy,null_04201,4800,1920
dummy,null_04202,4848,1920
dummy,null_04203,4896,1920
dummy,null_04204,4944,1920
dummy,null_04205,4992,1920
dummy,null_04206,0,1968
dummy,null_04207,48,1968
dummy,null_04208,96,1968
dummy,null_04209,144,1968
dummy,null_04210,192,1968
dummy,null_04211,240,1968
dummy,null_04212,288,1968
dummy,null_04213,336,1968
dummy,null_04214,384,1968
dummy,null_04215,432,1968
dummy,null_04216,480,1968
dummy,null_04217,528,1968
dummy,null_04218,576,1968
dummy,null_04219,624,1968
dummy,null_04220,672,1968
dummy,null_04221,720,1968
dummy,null_04222,768,1968
dummy,null_04223,816,1968
dummy,null_04224,864,1968
dummy,null_04225,912,1968
dummy,null_04226,960,1968
dummy,null_04227,1008,1968
dummy,null_04228,1056,1968
dummy,null_04229,1104,1968
dummy,null_04230,1152,1968
dummy,null_04231,1200,1968
dummy,null_04232,1248,1968
dummy,null_04233,1296,1968
dummy,null_04234,1344,1968
dummy,null_04235,1392,1968
dummy,null_04236,1440,1968
dummy,null_04237,1488,1968
dummy,null_04238,1536,1968
dummy,null_04239,1584,1968
dummy,null_04240,1632,1968
dummy,null_04241,1680,1968
dummy,null_04242,1728,1968
dummy,null_04243,1776,1968
dummy,null_04244,1824,1968
dummy,null_04245,1872,1968
dummy,null_04246,1920,1968
dummy,null_04247,1968,1968
dummy,null_04248,2016,1968
dummy,null_04249,2064,1968
dummy,null_04250,2112,1968
dummy,null_04251,2160,1968
dummy,null_04252,2208,1968
dummy,null_04253,2256,1968
dummy,null_04254,2304,1968
dummy,null_04255,2352,1968
dummy,null_04256,2400,1968
dummy,null_04257,2448,1968
dummy,null_04258,2496,1968
dummy,null_04259,2544,1968
dummy,null_04260,2592,1968
dummy,null_04261,2640,1968
dummy,null_04262,2688,1968
dummy,null_04263,2736,1968
dummy,null_04264,2784,1968
dummy,null_04265,2832,1968
dummy,null_04266,2880,1968
dummy,null_04267,2928,1968
dummy,null_04268,2976,1968
dummy,null_04269,3024,1968
dummy,null_04270,3072,1968
dummy,null_04271,3120,1968
dummy,null_04272,3168,1968
dummy,null_04273,3216,1968
dummy,null_04274,3264,1968
dummy,null_04275,3312,1968
dummy,null_04276,3360,1968
dummy,null_04277,3408,1968
dummy,null_04278,3456,1968
dummy,null_04279,3504,1968
dummy,null_04280,3552,1968
dummy,null_04281,3600,1968
dummy,null_04282,3648,1968
dummy,null_04283,3696,1968
dummy,null_04284,3744,1968
dummy,null_04285,3792,1968
dummy,null_04286,3840,1968
dummy,null_04287,3888,1968
dummy,null_04288,3936,1968
dummy,null_04289,3984,1968
dummy,null_04290,4032,1968
dummy,null_04291,4080,1968
dummy,null_04292,4128,1968
dummy,null_04293,4176,1968
dummy,null_04294,4224,1968
dummy,null_04295,4272,1968
dummy,null_04296,4320,1968
dummy,null_04297,4368,1968
dummy,null_04298,4416,1968
dummy,null_04299,4464,1968
dummy,null_04300,4512,1968
dummy,null_04301,4560,1968
dummy,null_04302,4608,1968
dummy,null_04303,4656,1968
dummy,null_04304,4704,1968
dummy,null_04305,4752,1968
dummy,null_04306,4800,1968
dummy,null_04307,4848,1968
dummy,null_04308,4896,1968
dummy,null_04309,4944,1968
dummy,null_04310,4992,1968
dummy,null_04311,0,2016
dummy,null_04312,48,2016
dummy,null_04313,96,2016
dummy,null_04314,144,2016
dummy,null_04315,192,2016
dummy,null_04316,240,2016
dummy,null_04317,288,2016
dummy,null_04318,336,2016
dummy,null_04319,384,2016
dummy,null_04320,432,2016
dummy,null_04321,480,2016
dummy,null_04322,528,2016
dummy,null_04323,576,2016
dummy,null_04324,624,2016
dummy,null_04325,672,2016
dummy,null_04326,720,2016
dummy,null_04327,768,2016
dummy,null_04328,816,2016
dummy,null_04329,864,2016
dummy,null_04330,912,2016
dummy,null_04331,960,2016
dummy,null_04332,1008,2016
dummy,null_04333,1056,2016
dummy,null_04334,1104,2016
dummy,null_04335,1152,2016
dummy,null_04336,1200,2016
dummy,null_04337,1248,2016
dummy,null_04338,1296,2016
dummy,null_04339,1344,2016
dummy,null_04340,1392,2016
dummy,null_04341,1440,2016
dummy,null_04342,1488,2016
dummy,null_04343,1536,2016
dummy,null_04344,1584,2016
dummy,null_04345,1632,2016
dummy,null_04346,1680,2016
dummy,null_04347,1728,2016
dummy,null_04348,1776,2016
dummy,null_04349,1824,2016
dummy,null_04350,1872,2016
dummy,null_04351,1920,2016
dummy,null_04352,1968,2016
dummy,null_04353,2016,2016
dummy,null_04354,2064,2016
dummy,null_04355,2112,2016
dummy,null_04356,2160,2016
dummy,null_04357,2208,2016
dummy,null_04358,2256,2016
dummy,null_04359,2304,2016
dummy,null_04360,2352,2016
dummy,null_04361,2400,2016
dummy,null_04362,2448,2016
dummy,null_04363,2496,2016
dummy,null_04364,2544,2016
dummy,null_04365,2592,2016
dummy,null_04366,2640,2016
dummy,null_04367,2688,2016
dummy,null_04368,2736,2016
dummy,null_04369,2784,2016
dummy,null_04370,2832,2016
dummy,null_04371,2880,2016
dummy,null_04372,2928,2016
dummy,null_04373,2976,2016
dummy,null_04374,3024,2016
dummy,null_04375,3072,2016
dummy,null_04376,3120,2016
dummy,null_04377,3168,2016
dummy,null_04378,3216,2016
dummy,null_04379,3264,2016
dummy,null_04380,3312,2016
dummy,null_04381,3360,2016
dummy,null_04382,3408,2016
dummy,null_04383,3456,2016
dummy,null_04384,3504,2016
dummy,null_04385,3552,2016
dummy,null_04386,3600,2016
dummy,null_04387,3648,2016
dummy,null_04388,3696,2016
dummy,null_04389,3744,2016
dummy,null_04390,3792,2016
dummy,null_04391,3840,2016
dummy,null_04392,3888,2016
dummy,null_04393,3936,2016
dummy,null_04394,3984,2016
dummy,null_04395,4032,2016
dummy,null_04396,4080,2016
dummy,null_04397,4128,2016
dummy,null_04398,4176,2016
dummy,null_04399,4224,2016
dummy,null_04400,4272,2016
dummy,null_04401,4320,2016
dummy,null_04402,4368,2016
dummy,null_04403,4416,2016
dummy,null_04404,4464,2016
dummy,null_04405,4512,2016
dummy,null_04406,4560,2016
dummy,null_04407,4608,2016
dummy,null_04408,4656,2016
dummy,null_04409,4704,2016
dummy,null_04410,4752,2016
dummy,null_04411,4800,2016
dummy,null_04412,4848,2016
dummy,null_04413,4896,2016
dummy,null_04414,4944,2016
dummy,null_04415,4992,2016
dummy,null_04416,0,2064
dummy,null_04417,48,2064
dummy,null_04418,96,2064
dummy,null_04419,144,2064
dummy,null_04420,192,2064
dummy,null_04421,240,2064
dummy,null_04422,288,2064
dummy,null_04423,336,2064
dummy,null_04424,384,2064
dummy,null_04425,432,2064
dummy,null_04426,480,2064
dummy,null_04427,528,2064
dummy,null_04428,576,2064
dummy,null_04429,624,2064
dummy,null_04430,672,2064
dummy,null_04431,720,2064
dummy,null_04432,768,2064
dummy,null_04433,816,2064
dummy,null_04434,864,2064
dummy,null_04435,912,2064
dummy,null_04436,960,2064
dummy,null_04437,1008,2064
dummy,null_04438,1056,2064
dummy,null_04439,1104,2064
dummy,null_04440,1152,2064
dummy,null_04441,1200,2064
dummy,null_04442,1248,2064
dummy,null_04443,1296,2064
dummy,null_04444,1344,2064
dummy,null_04445,1392,2064
dummy,null_04446,1440,2064
dummy,null_04447,1488,2064
dummy,null_04448,1536,2064
dummy,null_04449,1584,2064
dummy,null_04450,1632,2064
dummy,null_04451,1680,2064
dummy,null_04452,1728,2064
dummy,null_04453,1776,2064
dummy,null_04454,1824,2064
dummy,null_04455,1872,2064
dummy,null_04456,1920,2064
dummy,null_04457,1968,2064
dummy,null_04458,2016,2064
dummy,null_04459,2064,2064
dummy,null_04460,2112,2064
dummy,null_04461,2160,2064
dummy,null_04462,2208,2064
dummy,null_04463,2256,2064
dummy,null_04464,2304,2064
dummy,null_04465,2352,2064
dummy,null_04466,2400,2064
dummy,null_04467,2448,2064
dummy,null_04468,2496,2064
dummy,null_04469,2544,2064
dummy,null_04470,2592,2064
dummy,null_04471,2640,2064
dummy,null_04472,2688,2064
dummy,null_04473,2736,2064
dummy,null_04474,2784,2064
dummy,null_04475,2832,2064
dummy,null_04476,2880,2064
dummy,null_04477,2928,2064
dummy,null_04478,2976,2064
dummy,null_04479,3024,2064
dummy,null_04480,3072,2064
dummy,null_04481,3120,2064
dummy,null_04482,3168,2064
dummy,null_04483,3216,2064
dummy,null_04484,3264,2064
dummy,null_04485,3312,2064
dummy,null_04486,3360,2064
dummy,null_04487,3408,2064
dummy,null_04488,3456,2064
dummy,null_04489,3504,2064
dummy,null_04490,3552,2064
dummy,null_04491,3600,2064
dummy,null_04492,3648,2064
dummy,null_04493,3696,2064
dummy,null_04494,3744,2064
dummy,null_04495,3792,2064
dummy,null_04496,3840,2064
dummy,null_04497,3888,2064
dummy,null_04498,3936,2064
dummy,null_04499,3984,2064
dummy,null_04500,4032,2064
dummy,null_04501,4080,2064
dummy,null_04502,4128,2064
dummy,null_04503,4176,2064
dummy,null_04504,4224,2064
dummy,null_04505,4272,2064
dummy,null_04506,4320,2064
dummy,null_04507,4368,2064
dummy,null_04508,4416,2064
dummy,null_04509,4464,2064
dummy,null_04510,4512,2064
dummy,null_04511,4560,2064
dummy,null_04512,4608,2064
dummy,null_04513,4656,2064
dummy,null_04514,4704,2064
dummy,null_04515,4752,2064
dummy,null_04516,4800,2064
dummy,null_04517,4848,2064
dummy,null_04518,4896,2064
dummy,null_04519,4944,2064
dummy,null_04520,4992,2064
dummy,null_04521,0,2112
dummy,null_04522,48,2112
dummy,null_04523,96,2112
dummy,null_04524,144,2112
dummy,null_04525,192,2112
dummy,null_04526,240,2112
dummy,null_04527,288,2112
dummy,null_04528,336,2112
dummy,null_04529,384,2112
dummy,null_04530,432,2112
dummy,null_04531,480,2112
dummy,null_04532,528,2112
dummy,null_04533,576,2112
dummy,null_04534,624,2112
dummy,null_04535,672,2112
dummy,null_04536,720,2112
dummy,null_04537,768,2112
dummy,null_04538,816,2112
dummy,null_04539,864,2112
dummy,null_04540,912,2112
dummy,null_04541,960,2112
dummy,null_04542,1008,2112
dummy,null_04543,1056,2112
dummy,null_04544,1104,2112
dummy,null_04545,1152,2112
dummy,null_04546,1200,2112
dummy,null_04547,1248,2112
dummy,null_04548,1296,2112
dummy,null_04549,1344,2112
dummy,null_04550,1392,2112
dummy,null_04551,1440,2112
dummy,null_04552,1488,2112
dummy,null_04553,1536,2112
dummy,null_04554,1584,2112
dummy,null_04555,1632,2112
dummy,null_04556,1680,2112
dummy,null_04557,1728,2112
dummy,null_04558,1776,2112
dummy,null_04559,1824,2112
dummy,null_04560,1872,2112
dummy,null_04561,1920,2112
dummy,null_04562,1968,2112
dummy,null_04563,2016,2112
dummy,null_04564,2064,2112
dummy,null_04565,2112,2112
dummy,null_04566,2160,2112
dummy,null_04567,2208,2112
dummy,null_04568,2256,2112
dummy,null_04569,2304,2112
dummy,null_04570,2352,2112
dummy,null_04571,2400,2112
dummy,null_04572,2448,2112
dummy,null_04573,2496,2112
dummy,null_04574,2544,2112
dummy,null_04575,2592,2112
dummy,null_04576,2640,2112
dummy,null_04577,2688,2112
dummy,null_04578,2736,2112
dummy,null_04579,2784,2112
dummy,null_04580,2832,2112
dummy,null_04581,2880,2112
dummy,null_04582,2928,2112
dummy,null_04583,2976,2112
dummy,null_04584,3024,2112
dummy,null_04585,3072,2112
dummy,null_04586,3120,2112
dummy,null_04587,3168,2112
dummy,null_04588,3216,2112
dummy,null_04589,3264,2112
dummy,null_04590,3312,2112
dummy,null_04591,3360,2112
dummy,null_04592,3408,2112
dummy,null_04593,3456,2112
dummy,null_04594,3504,2112
dummy,null_04595,3552,2112
dummy,null_04596,3600,2112
dummy,null_04597,3648,2112
dummy,null_04598,3696,2112
dummy,null_04599,3744,2112
dummy,null_04600,3792,2112
dummy,null_04601,3840,2112
dummy,null_04602,3888,2112
dummy,null_04603,3936,2112
dummy,null_04604,3984,2112
dummy,null_04605,4032,2112
dummy,null_04606,4080,2112
dummy,null_04607,4128,2112
dummy,null_04608,4176,2112
dummy,null_04609,4224,2112
dummy,null_04610,4272,2112
dummy,null_04611,4320,2112
dummy,null_04612,4368,2112
dummy,null_04613,4416,2112
dummy,null_04614,4464,2112
dummy,null_04615,4512,2112
dummy,null_04616,4560,2112
dummy,null_04617,4608,2112
dummy,null_04618,4656,2112
dummy,null_04619,4704,2112
dummy,null_04620,4752,2112
dummy,null_04621,4800,2112
dummy,null_04622,4848,2112
dummy,null_04623,4896,2112
dummy,null_04624,4944,2112
dummy,null_04625,4992,2112
dummy,null_04626,0,2160
dummy,null_04627,48,2160
dummy,null_04628,96,2160
dummy,null_04629,144,2160
dummy,null_04630,192,2160
dummy,null_04631,240,2160
dummy,null_04632,288,2160
dummy,null_04633,336,2160
dummy,null_04634,384,2160
dummy,null_04635,432,2160
dummy,null_04636,480,2160
dummy,null_04637,528,2160
dummy,null_04638,576,2160
dummy,null_04639,624,2160
dummy,null_04640,672,2160
dummy,null_04641,720,2160
dummy,null_04642,768,2160
dummy,null_04643,816,2160
dummy,null_04644,864,2160
dummy,null_04645,912,2160
dummy,null_04646,960,2160
dummy,null_04647,1008,2160
dummy,null_04648,1056,2160
dummy,null_04649,1104,2160
dummy,null_04650,1152,2160
dummy,null_04651,1200,2160
dummy,null_04652,1248,2160
dummy,null_04653,1296,2160
dummy,null_04654,1344,2160
dummy,null_04655,1392,2160
dummy,null_04656,1440,2160
dummy,null_04657,1488,2160
dummy,null_04658,1536,2160
dummy,null_04659,1584,2160
dummy,null_04660,1632,2160
dummy,null_04661,1680,2160
dummy,null_04662,1728,2160
dummy,null_04663,1776,2160
dummy,null_04664,1824,2160
dummy,null_04665,1872,2160
dummy,null_04666,1920,2160
dummy,null_04667,1968,2160
dummy,null_04668,2016,2160
dummy,null_04669,2064,2160
dummy,null_04670,2112,2160
dummy,null_04671,2160,2160
dummy,null_04672,2208,2160
dummy,null_04673,2256,2160
dummy,null_04674,2304,2160
dummy,null_04675,2352,2160
dummy,null_04676,2400,2160
dummy,null_04677,2448,2160
dummy,null_04678,2496,2160
dummy,null_04679,2544,2160
dummy,null_04680,2592,2160
dummy,null_04681,2640,2160
dummy,null_04682,2688,2160
dummy,null_04683,2736,2160
dummy,null_04684,2784,2160
dummy,null_04685,2832,2160
dummy,null_04686,2880,2160
dummy,null_04687,2928,2160
dummy,null_04688,2976,2160
dummy,null_04689,3024,2160
dummy,null_04690,3072,2160
dummy,null_04691,3120,2160
dummy,null_04692,3168,2160
dummy,null_04693,3216,2160
dummy,null_04694,3264,2160
dummy,null_04695,3312,2160
dummy,null_04696,3360,2160
dummy,null_04697,3408,2160
dummy,null_04698,3456,2160
dummy,null_04699,3504,2160
dummy,null_04700,3552,2160
dummy,null_04701,3600,2160
dummy,null_04702,3648,2160
dummy,null_04703,3696,2160
dummy,null_04704,3744,2160
dummy,null_04705,3792,2160
dummy,null_04706,3840,2160
dummy,null_04707,3888,2160
dummy,null_04708,3936,2160
dummy,null_04709,3984,2160
dummy,null_04710,4032,2160
dummy,null_04711,4080,2160
dummy,null_04712,4128,2160
dummy,null_04713,4176,2160
dummy,null_04714,4224,2160
dummy,null_04715,4272,2160
dummy,null_04716,4320,2160
dummy,null_04717,4368,2160
dummy,null_04718,4416,2160
dummy,null_04719,4464,2160
dummy,null_04720,4512,2160
dummy,null_04721,4560,2160
dummy,null_04722,4608,2160
dummy,null_04723,4656,2160
dummy,null_04724,4704,2160
dummy,null_04725,4752,2160
dummy,null_04726,4800,2160
dummy,null_04727,4848,2160
dummy,null_04728,4896,2160
dummy,null_04729,4944,2160
dummy,null_04730,4992,2160
dummy,null_04731,0,2208
dummy,null_04732,48,2208
dummy,null_04733,96,2208
dummy,null_04734,144,2208
dummy,null_04735,192,2208
dummy,null_04736,240,2208
dummy,null_04737,288,2208
dummy,null_04738,336,2208
dummy,null_04739,384,2208
dummy,null_04740,432,2208
dummy,null_04741,480,2208
dummy,null_04742,528,2208
dummy,null_04743,576,2208
dummy,null_04744,624,2208
dummy,null_04745,672,2208
dummy,null_04746,720,2208
dummy,null_04747,768,2208
dummy,null_04748,816,2208
dummy,null_04749,864,2208
dummy,null_04750,912,2208
dummy,null_04751,960,2208
dummy,null_04752,1008,2208
dummy,null_04753,1056,2208
dummy,null_04754,1104,2208
dummy,null_04755,1152,2208
dummy,null_04756,1200,2208
dummy,null_04757,1248,2208
dummy,null_04758,1296,2208
dummy,null_04759,1344,2208
dummy,null_04760,1392,2208
dummy,null_04761,1440,2208
dummy,null_04762,1488,2208
dummy,null_04763,1536,2208
dummy,null_04764,1584,2208
dummy,null_04765,1632,2208
dummy,null_04766,1680,2208
dummy,null_04767,1728,2208
dummy,null_04768,1776,2208
dummy,null_04769,1824,2208
dummy,null_04770,1872,2208
dummy,null_04771,1920,2208
dummy,null_04772,1968,2208
dummy,null_04773,2016,2208
dummy,null_04774,2064,2208
dummy,null_04775,2112,2208
dummy,null_04776,2160,2208
dummy,null_04777,2208,2208
dummy,null_04778,2256,2208
dummy,null_04779,2304,2208
dummy,null_04780,2352,2208
dummy,null_04781,2400,2208
dummy,null_04782,2448,2208
dummy,null_04783,2496,2208
dummy,null_04784,2544,2208
dummy,null_04785,2592,2208
dummy,null_04786,2640,2208
dummy,null_04787,2688,2208
dummy,null_04788,2736,2208
dummy,null_04789,2784,2208
dummy,null_04790,2832,2208
dummy,null_04791,2880,2208
dummy,null_04792,2928,2208
dummy,null_04793,2976,2208
dummy,null_04794,3024,2208
dummy,null_04795,3072,2208
dummy,null_04796,3120,2208
dummy,null_04797,3168,2208
dummy,null_04798,3216,2208
dummy,null_04799,3264,2208
dummy,null_04800,3312,2208
dummy,null_04801,3360,2208
dummy,null_04802,3408,2208
dummy,null_04803,3456,2208
dummy,null_04804,3504,2208
dummy,null_04805,3552,2208
dummy,null_04806,3600,2208
dummy,null_04807,3648,2208
dummy,null_04808,3696,2208
dummy,null_04809,3744,2208
dummy,null_04810,3792,2208
dummy,null_04811,3840,2208
dummy,null_04812,3888,2208
dummy,null_04813,3936,2208
dummy,null_04814,3984,2208
dummy,null_04815,4032,2208
dummy,null_04816,4080,2208
dummy,null_04817,4128,2208
dummy,null_04818,4176,2208
dummy,null_04819,4224,2208
dummy,null_04820,4272,2208
dummy,null_04821,4320,2208
dummy,null_04822,4368,2208
dummy,null_04823,4416,2208
dummy,null_04824,4464,2208
dummy,null_04825,4512,2208
dummy,null_04826,4560,2208
dummy,null_04827,4608,2208
dummy,null_04828,4656,2208
dummy,null_04829,4704,2208
dummy,null_04830,4752,2208
dummy,null_04831,4800,2208
dummy,null_04832,4848,2208
dummy,null_04833,4896,2208
dummy,null_04834,4944,2208
dummy,null_04835,4992,2208
dummy,null_04836,0,2256
dummy,null_04837,48,2256
dummy,null_04838,96,2256
dummy,null_04839,144,2256
dummy,null_04840,192,2256
dummy,null_04841,240,2256
dummy,null_04842,288,2256
dummy,null_04843,336,2256
dummy,null_04844,384,2256
dummy,null_04845,432,2256
dummy,null_04846,480,2256
dummy,null_04847,528,2256
dummy,null_04848,576,2256
dummy,null_04849,624,2256
dummy,null_04850,672,2256
dummy,null_04851,720,2256
dummy,null_04852,768,2256
dummy,null_04853,816,2256
dummy,null_04854,864,2256
dummy,null_04855,912,2256
dummy,null_04856,960,2256
dummy,null_04857,1008,2256
dummy,null_04858,1056,2256
dummy,null_04859,1104,2256
dummy,null_04860,1152,2256
dummy,null_04861,1200,2256
dummy,null_04862,1248,2256
dummy,null_04863,1296,2256
dummy,null_04864,1344,2256
dummy,null_04865,1392,2256
dummy,null_04866,1440,2256
dummy,null_04867,1488,2256
dummy,null_04868,1536,2256
dummy,null_04869,1584,2256
dummy,null_04870,1632,2256
dummy,null_04871,1680,2256
dummy,null_04872,1728,2256
dummy,null_04873,1776,2256
dummy,null_04874,1824,2256
dummy,null_04875,1872,2256
dummy,null_04876,1920,2256
dummy,null_04877,1968,2256
dummy,null_04878,2016,2256
dummy,null_04879,2064,2256
dummy,null_04880,2112,2256
dummy,null_04881,2160,2256
dummy,null_04882,2208,2256
dummy,null_04883,2256,2256
dummy,null_04884,2304,2256
dummy,null_04885,2352,2256
dummy,null_04886,2400,2256
dummy,null_04887,2448,2256
dummy,null_04888,2496,2256
dummy,null_04889,2544,2256
dummy,null_04890,2592,2256
dummy,null_04891,2640,2256
dummy,null_04892,2688,2256
dummy,null_04893,2736,2256
dummy,null_04894,2784,2256
dummy,null_04895,2832,2256
dummy,null_04896,2880,2256
dummy,null_04897,2928,2256
dummy,null_04898,2976,2256
dummy,null_04899,3024,2256
dummy,null_04900,3072,2256
dummy,null_04901,3120,2256
dummy,null_04902,3168,2256
dummy,null_04903,3216,2256
dummy,null_04904,3264,2256
dummy,null_04905,3312,2256
dummy,null_04906,3360,2256
dummy,null_04907,3408,2256
dummy,null_04908,3456,2256
dummy,null_04909,3504,2256
dummy,null_04910,3552,2256
dummy,null_04911,3600,2256
dummy,null_04912,3648,2256
dummy,null_04913,3696,2256
dummy,null_04914,3744,2256
dummy,null_04915,3792,2256
dummy,null_04916,3840,2256
dummy,null_04917,3888,2256
dummy,null_04918,3936,2256
dummy,null_04919,3984,2256
dummy,null_04920,4032,2256
dummy,null_04921,4080,2256
dummy,null_04922,4128,2256
dummy,null_04923,4176,2256
dummy,null_04924,4224,2256
dummy,null_04925,4272,2256
dummy,null_04926,4320,2256
dummy,null_04927,4368,2256
dummy,null_04928,4416,2256
dummy,null_04929,4464,2256
dummy,null_04930,4512,2256
dummy,null_04931,4560,2256
dummy,null_04932,4608,2256
dummy,null_04933,4656,2256
dummy,null_04934,4704,2256
dummy,null_04935,4752,2256
dummy,null_04936,4800,2256
dummy,null_04937,4848,2256
dummy,null_04938,4896,2256
dummy,null_04939,4944,2256
dummy,null_04940,4992,2256
dummy,null_04941,0,2304
dummy,null_04942,48,2304
dummy,null_04943,96,2304
dummy,null_04944,144,2304
dummy,null_04945,192,2304
dummy,null_04946,240,2304
dummy,null_04947,288,2304
dummy,null_04948,336,2304
dummy,null_04949,384,2304
dummy,null_04950,432,2304
dummy,null_04951,480,2304
dummy,null_04952,528,2304
dummy,null_04953,576,2304
dummy,null_04954,624,2304
dummy,null_04955,672,2304
dummy,null_04956,720,2304
dummy,null_04957,768,2304
dummy,null_04958,816,2304
dummy,null_04959,864,2304
dummy,null_04960,912,2304
dummy,null_04961,960,2304
dummy,null_04962,1008,2304
dummy,null_04963,1056,2304
dummy,null_04964,1104,2304
dummy,null_04965,1152,2304
dummy,null_04966,1200,2304
dummy,null_04967,1248,2304
dummy,null_04968,1296,2304
dummy,null_04969,1344,2304
dummy,null_04970,1392,2304
dummy,null_04971,1440,2304
dummy,null_04972,1488,2304
dummy,null_04973,1536,2304
dummy,null_04974,1584,2304
dummy,null_04975,1632,2304
dummy,null_04976,1680,2304
dummy,null_04977,1728,2304
dummy,null_04978,1776,2304
dummy,null_04979,1824,2304
dummy,null_04980,1872,2304
dummy,null_04981,1920,2304
dummy,null_04982,1968,2304
dummy,null_04983,2016,2304
dummy,null_04984,2064,2304
dummy,null_04985,2112,2304
dummy,null_04986,2160,2304
dummy,null_04987,2208,2304
dummy,null_04988,2256,2304
dummy,null_04989,2304,2304
dummy,null_04990,2352,2304
dummy,null_04991,2400,2304
dummy,null_04992,2448,2304
dummy,null_04993,2496,2304
dummy,null_04994,2544,2304
dummy,null_04995,2592,2304
dummy,null_04996,2640,2304
dummy,null_04997,2688,2304
dummy,null_04998,2736,2304
dummy,null_04999,2784,2304
dummy,null_05000,2832,2304
dummy,null_05001,2880,2304
dummy,null_05002,2928,2304
dummy,null_05003,2976,2304
dummy,null_05004,3024,2304
dummy,null_05005,3072,2304
dummy,null_05006,3120,2304
dummy,null_05007,3168,2304
dummy,null_05008,3216,2304
dummy,null_05009,3264,2304
dummy,null_05010,3312,2304
dummy,null_05011,3360,2304
dummy,null_05012,3408,2304
dummy,null_05013,3456,2304
dummy,null_05014,3504,2304
dummy,null_05015,3552,2304
dummy,null_05016,3600,2304
dummy,null_05017,3648,2304
dummy,null_05018,3696,2304
dummy,null_05019,3744,2304
dummy,null_05020,3792,2304
dummy,null_05021,3840,2304
dummy,null_05022,3888,2304
dummy,null_05023,3936,2304
dummy,null_05024,3984,2304
dummy,null_05025,4032,2304
dummy,null_05026,4080,2304
dummy,null_05027,4128,2304
dummy,null_05028,4176,2304
dummy,null_05029,4224,2304
dummy,null_05030,4272,2304
dummy,null_05031,4320,2304
dummy,null_05032,4368,2304
dummy,null_05033,4416,2304
dummy,null_05034,4464,2304
dummy,null_05035,4512,2304
dummy,null_05036,4560,2304
dummy,null_05037,4608,2304
dummy,null_05038,4656,2304
dummy,null_05039,4704,2304
dummy,null_05040,4752,2304
dummy,null_05041,4800,2304
dummy,null_05042,4848,2304
dummy,null_05043,4896,2304
dummy,null_05044,4944,2304
dummy,null_05045,4992,2304
dummy,null_05046,0,2352
dummy,null_05047,48,2352
dummy,null_05048,96,2352
dummy,null_05049,144,2352
dummy,null_05050,192,2352
dummy,null_05051,240,2352
dummy,null_05052,288,2352
dummy,null_05053,336,2352
dummy,null_05054,384,2352
dummy,null_05055,432,2352
dummy,null_05056,480,2352
dummy,null_05057,528,2352
dummy,null_05058,576,2352
dummy,null_05059,624,2352
dummy,null_05060,672,2352
dummy,null_05061,720,2352
dummy,null_05062,768,2352
dummy,null_05063,816,2352
dummy,null_05064,864,2352
dummy,null_05065,912,2352
dummy,null_05066,960,2352
dummy,null_05067,1008,2352
dummy,null_05068,1056,2352
dummy,null_05069,1104,2352
dummy,null_05070,1152,2352
dummy,null_05071,1200,2352
dummy,null_05072,1248,2352
dummy,null_05073,1296,2352
dummy,null_05074,1344,2352
dummy,null_05075,1392,2352
dummy,null_05076,1440,2352
dummy,null_05077,1488,2352
dummy,null_05078,1536,2352
dummy,null_05079,1584,2352
dummy,null_05080,1632,2352
dummy,null_05081,1680,2352
dummy,null_05082,1728,2352
dummy,null_05083,1776,2352
dummy,null_05084,1824,2352
dummy,null_05085,1872,2352
dummy,null_05086,1920,2352
dummy,null_05087,1968,2352
dummy,null_05088,2016,2352
dummy,null_05089,2064,2352
dummy,null_05090,2112,2352
dummy,null_05091,2160,2352
dummy,null_05092,2208,2352
dummy,null_05093,2256,2352
dummy,null_05094,2304,2352
dummy,null_05095,2352,2352
dummy,null_05096,2400,2352
dummy,null_05097,2448,2352
dummy,null_05098,2496,2352
dummy,null_05099,2544,2352
dummy,null_05100,2592,2352
dummy,null_05101,2640,2352
dummy,null_05102,2688,2352
dummy,null_05103,2736,2352
dummy,null_05104,2784,2352
dummy,null_05105,2832,2352
dummy,null_05106,2880,2352
dummy,null_05107,2928,2352
dummy,null_05108,2976,2352
dummy,null_05109,3024,2352
dummy,null_05110,3072,2352
dummy,null_05111,3120,2352
dummy,null_05112,3168,2352
dummy,null_05113,3216,2352
dummy,null_05114,3264,2352
dummy,null_05115,3312,2352
dummy,null_05116,3360,2352
dummy,null_05117,3408,2352
dummy,null_05118,3456,2352
dummy,null_05119,3504,2352
dummy,null_05120,3552,2352
dummy,null_05121,3600,2352
dummy,null_05122,3648,2352
dummy,null_05123,3696,2352
dummy,null_05124,3744,2352
dummy,null_05125,3792,2352
dummy,null_05126,3840,2352
dummy,null_05127,3888,2352
dummy,null_05128,3936,2352
dummy,null_05129,3984,2352
dummy,null_05130,4032,2352
dummy,null_05131,4080,2352
dummy,null_05132,4128,2352
dummy,null_05133,4176,2352
dummy,null_05134,4224,2352
dummy,null_05135,4272,2352
dummy,null_05136,4320,2352
dummy,null_05137,4368,2352
dummy,null_05138,4416,2352
dummy,null_05139,4464,2352
dummy,null_05140,4512,2352
dummy,null_05141,4560,2352
dummy,null_05142,4608,2352
dummy,null_05143,4656,2352
dummy,null_05144,4704,2352
dummy,null_05145,4752,2352
dummy,null_05146,4800,2352
dummy,null_05147,4848,2352
dummy,null_05148,4896,2352
dummy,null_05149,4944,2352
dummy,null_05150,4992,2352
dummy,null_05151,0,2400
dummy,null_05152,48,2400
dummy,null_05153,96,2400
dummy,null_05154,144,2400
dummy,null_05155,192,2400
dummy,null_05156,240,2400
dummy,null_05157,288,2400
dummy,null_05158,336,2400
dummy,null_05159,384,2400
dummy,null_05160,432,2400
dummy,null_05161,480,2400
dummy,null_05162,528,2400
dummy,null_05163,576,2400
dummy,null_05164,624,2400
dummy,null_05165,672,2400
dummy,null_05166,720,2400
dummy,null_05167,768,2400
dummy,null_05168,816,2400
dummy,null_05169,864,2400
dummy,null_05170,912,2400
dummy,null_05171,960,2400
dummy,null_05172,1008,2400
dummy,null_05173,1056,2400
dummy,null_05174,1104,2400
dummy,null_05175,1152,2400
dummy,null_05176,1200,2400
dummy,null_05177,1248,2400
dummy,null_05178,1296,2400
dummy,null_05179,1344,2400
dummy,null_05180,1392,2400
dummy,null_05181,1440,2400
dummy,null_05182,1488,2400
dummy,null_05183,1536,2400
dummy,null_05184,1584,2400
dummy,null_05185,1632,2400
dummy,null_05186,1680,2400
dummy,null_05187,1728,2400
dummy,null_05188,1776,2400
dummy,null_05189,1824,2400
dummy,null_05190,1872,2400
dummy,null_05191,1920,2400
dummy,null_05192,1968,2400
dummy,null_05193,2016,2400
dummy,null_05194,2064,2400
dummy,null_05195,2112,2400
dummy,null_05196,2160,2400
dummy,null_05197,2208,2400
dummy,null_05198,2256,2400
dummy,null_05199,2304,2400
dummy,null_05200,2352,2400
dummy,null_05201,2400,2400
dummy,null_05202,2448,2400
dummy,null_05203,2496,2400
dummy,null_05204,2544,2400
dummy,null_05205,2592,2400
dummy,null_05206,2640,2400
dummy,null_05207,2688,2400
dummy,null_05208,2736,2400
dummy,null_05209,2784,2400
dummy,null_05210,2832,2400
dummy,null_05211,2880,2400
dummy,null_05212,2928,2400
dummy,null_05213,2976,2400
dummy,null_05214,3024,2400
dummy,null_05215,3072,2400
dummy,null_05216,3120,2400
dummy,null_05217,3168,2400
dummy,null_05218,3216,2400
dummy,null_05219,3264,2400
dummy,null_05220,3312,2400
dummy,null_05221,3360,2400
dummy,null_05222,3408,2400
dummy,null_05223,3456,2400
dummy,null_05224,3504,2400
dummy,null_05225,3552,2400
dummy,null_05226,3600,2400
dummy,null_05227,3648,2400
dummy,null_05228,3696,2400
dummy,null_05229,3744,2400
dummy,null_05230,3792,2400
dummy,null_05231,3840,2400
dummy,null_05232,3888,2400
dummy,null_05233,3936,2400
dummy,null_05234,3984,2400
dummy,null_05235,4032,2400
dummy,null_05236,4080,2400
dummy,null_05237,4128,2400
dummy,null_05238,4176,2400
dummy,null_05239,4224,2400
dummy,null_05240,4272,2400
dummy,null_05241,4320,2400
dummy,null_05242,4368,2400
dummy,null_05243,4416,2400
dummy,null_05244,4464,2400
dummy,null_05245,4512,2400
dummy,null_05246,4560,2400
dummy,null_05247,4608,2400
dummy,null_05248,4656,2400
dummy,null_05249,4704,2400
dummy,null_05250,4752,2400
dummy,null_05251,4800,2400
dummy,null_05252,4848,2400
dummy,null_05253,4896,2400
dummy,null_05254,4944,2400
dummy,null_05255,4992,2400
dummy,null_05256,0,2448
dummy,null_05257,48,2448
dummy,null_05258,96,2448
dummy,null_05259,144,2448
dummy,null_05260,192,2448
dummy,null_05261,240,2448
dummy,null_05262,288,2448
dummy,null_05263,336,2448
dummy,null_05264,384,2448
dummy,null_05265,432,2448
dummy,null_05266,480,2448
dummy,null_05267,528,2448
dummy,null_05268,576,2448
dummy,null_05269,624,2448
dummy,null_05270,672,2448
dummy,null_05271,720,2448
dummy,null_05272,768,2448
dummy,null_05273,816,2448
dummy,null_05274,864,2448
dummy,null_05275,912,2448
dummy,null_05276,960,2448
dummy,null_05277,1008,2448
dummy,null_05278,1056,2448
dummy,null_05279,1104,2448
dummy,null_05280,1152,2448
dummy,null_05281,1200,2448
dummy,null_05282,1248,2448
dummy,null_05283,1296,2448
dummy,null_05284,1344,2448
dummy,null_05285,1392,2448
dummy,null_05286,1440,2448
dummy,null_05287,1488,2448
dummy,null_05288,1536,2448
dummy,null_05289,1584,2448
dummy,null_05290,1632,2448
dummy,null_05291,1680,2448
dummy,null_05292,1728,2448
dummy,null_05293,1776,2448
dummy,null_05294,1824,2448
dummy,null_05295,1872,2448
dummy,null_05296,1920,2448
dummy,null_05297,1968,2448
dummy,null_05298,2016,2448
dummy,null_05299,2064,2448
dummy,null_05300,2112,2448
dummy,null_05301,2160,2448
dummy,null_05302,2208,2448
dummy,null_05303,2256,2448
dummy,null_05304,2304,2448
dummy,null_05305,2352,2448
dummy,null_05306,2400,2448
dummy,null_05307,2448,2448
dummy,null_05308,2496,2448
dummy,null_05309,2544,2448
dummy,null_05310,2592,2448
dummy,null_05311,2640,2448
dummy,null_05312,2688,2448
dummy,null_05313,2736,2448
dummy,null_05314,2784,2448
dummy,null_05315,2832,2448
dummy,null_05316,2880,2448
dummy,null_05317,2928,2448
dummy,null_05318,2976,2448
dummy,null_05319,3024,2448
dummy,null_05320,3072,2448
dummy,null_05321,3120,2448
dummy,null_05322,3168,2448
dummy,null_05323,3216,2448
dummy,null_05324,3264,2448
dummy,null_05325,3312,2448
dummy,null_05326,3360,2448
dummy,null_05327,3408,2448
dummy,null_05328,3456,2448
dummy,null_05329,3504,2448
dummy,null_05330,3552,2448
dummy,null_05331,3600,2448
dummy,null_05332,3648,2448
dummy,null_05333,3696,2448
dummy,null_05334,3744,2448
dummy,null_05335,3792,2448
dummy,null_05336,3840,2448
dummy,null_05337,3888,2448
dummy,null_05338,3936,2448
dummy,null_05339,3984,2448
dummy,null_05340,4032,2448
dummy,null_05341,4080,2448
dummy,null_05342,4128,2448
dummy,null_05343,4176,2448
dummy,null_05344,4224,2448
dummy,null_05345,4272,2448
dummy,null_05346,4320,2448
dummy,null_05347,4368,2448
dummy,null_05348,4416,2448
dummy,null_05349,4464,2448
dummy,null_05350,4512,2448
dummy,null_05351,4560,2448
dummy,null_05352,4608,2448
dummy,null_05353,4656,2448
dummy,null_05354,4704,2448
dummy,null_05355,4752,2448
dummy,null_05356,4800,2448
dummy,null_05357,4848,2448
dummy,null_05358,4896,2448
dummy,null_05359,4944,2448
dummy,null_05360,4992,2448
dummy,null_05361,0,2496
dummy,null_05362,48,2496
dummy,null_05363,96,2496
dummy,null_05364,144,2496
dummy,null_05365,192,2496
dummy,null_05366,240,2496
dummy,null_05367,288,2496
dummy,null_05368,336,2496
dummy,null_05369,384,2496
dummy,null_05370,432,2496
dummy,null_05371,480,2496
dummy,null_05372,528,2496
dummy,null_05373,576,2496
dummy,null_05374,624,2496
dummy,null_05375,672,2496
dummy,null_05376,720,2496
dummy,null_05377,768,2496
dummy,null_05378,816,2496
dummy,null_05379,864,2496
dummy,null_05380,912,2496
dummy,null_05381,960,2496
dummy,null_05382,1008,2496
dummy,null_05383,1056,2496
dummy,null_05384,1104,2496
dummy,null_05385,1152,2496
dummy,null_05386,1200,2496
dummy,null_05387,1248,2496
dummy,null_05388,1296,2496
dummy,null_05389,1344,2496
dummy,null_05390,1392,2496
dummy,null_05391,1440,2496
dummy,null_05392,1488,2496
dummy,null_05393,1536,2496
dummy,null_05394,1584,2496
dummy,null_05395,1632,2496
dummy,null_05396,1680,2496
dummy,null_05397,1728,2496
dummy,null_05398,1776,2496
dummy,null_05399,1824,2496
dummy,null_05400,1872,2496
dummy,null_05401,1920,2496
dummy,null_05402,1968,2496
dummy,null_05403,2016,2496
dummy,null_05404,2064,2496
dummy,null_05405,2112,2496
dummy,null_05406,2160,2496
dummy,null_05407,2208,2496
dummy,null_05408,2256,2496
dummy,null_05409,2304,2496
dummy,null_05410,2352,2496
dummy,null_05411,2400,2496
dummy,null_05412,2448,2496
dummy,null_05413,2496,2496
dummy,null_05414,2544,2496
dummy,null_05415,2592,2496
dummy,null_05416,2640,2496
dummy,null_05417,2688,2496
dummy,null_05418,2736,2496
dummy,null_05419,2784,2496
dummy,null_05420,2832,2496
dummy,null_05421,2880,2496
dummy,null_05422,2928,2496
dummy,null_05423,2976,2496
dummy,null_05424,3024,2496
dummy,null_05425,3072,2496
dummy,null_05426,3120,2496
dummy,null_05427,3168,2496
dummy,null_05428,3216,2496
dummy,null_05429,3264,2496
dummy,null_05430,3312,2496
dummy,null_05431,3360,2496
dummy,null_05432,3408,2496
dummy,null_05433,3456,2496
dummy,null_05434,3504,2496
dummy,null_05435,3552,2496
dummy,null_05436,3600,2496
dummy,null_05437,3648,2496
dummy,null_05438,3696,2496
dummy,null_05439,3744,2496
dummy,null_05440,3792,2496
dummy,null_05441,3840,2496
dummy,null_05442,3888,2496
dummy,null_05443,3936,2496
dummy,null_05444,3984,2496
dummy,null_05445,4032,2496
dummy,null_05446,4080,2496
dummy,null_05447,4128,2496
dummy,null_05448,4176,2496
dummy,null_05449,4224,2496
dummy,null_05450,4272,2496
dummy,null_05451,4320,2496
dummy,null_05452,4368,2496
dummy,null_05453,4416,2496
dummy,null_05454,4464,2496
dummy,null_05455,4512,2496
dummy,null_05456,4560,2496
dummy,null_05457,4608,2496
dummy,null_05458,4656,2496
dummy,null_05459,4704,2496
dummy,null_05460,4752,2496
dummy,null_05461,4800,2496
dummy,null_05462,4848,2496
dummy,null_05463,4896,2496
dummy,null_05464,4944,2496
dummy,null_05465,4992,2496
