group,micro_id,micro_x,micro_y
G1,0001,336,2208
G1,0002,432,2208
G1,0003,528,2208
G1,0004,384,2256
G1,0005,480,2256
G1,0006,336,2304
G1,0007,432,2304
G1,0008,528,2304
G1,0009,384,2352
G1,0010,480,2352
G1,0011,336,2400
G1,0012,432,2400
G1,0013,528,2400
G1,0014,384,2448
G1,0015,480,2448
G1,0016,336,2496
G1,0017,432,2496
G1,0018,528,2496
G1,0019,384,2544
G1,0020,480,2544
G1,0021,336,2592
G1,0022,432,2592
G1,0023,528,2592
G1,0024,384,2640
G1,0025,480,2640
G1,0026,768,2016
G1,0027,864,2016
G1,0028,816,2064
G1,0029,768,2112
G1,0030,864,2112
G1,0031,816,2160
G1,0032,768,2208
G1,0033,864,2208
G1,0034,816,2256
G1,0035,768,2304
G1,0036,864,2304
G1,0037,816,2352
G1,0038,768,2400
G1,0039,864,2400
G1,0040,816,2448
G1,0041,768,2496
G1,0042,864,2496
G1,0043,816,2544
G1,0044,768,2592
G1,0045,864,2592
G1,0046,816,2640
G1,0047,768,2688
G1,0048,864,2688
G1,0049,816,2736
G1,0050,768,2784
G1,0051,1296,2208
G1,0052,1392,2208
G1,0053,1488,2208
G1,0054,1344,2256
G1,0055,1440,2256
G1,0056,1296,2304
G1,0057,1392,2304
G1,0058,1488,2304
G1,0059,1344,2352
G1,0060,1440,2352
G1,0061,1296,2400
G1,0062,1392,2400
G1,0063,1488,2400
G1,0064,1344,2448
G1,0065,1440,2448
G1,0066,1296,2496
G1,0067,1392,2496
G1,0068,1488,2496
G1,0069,1344,2544
G1,0070,1440,2544
G1,0071,1296,2592
G1,0072,1392,2592
G1,0073,1488,2592
G1,0074,1344,2640
G1,0075,1440,2640
G1,0076,1872,2304
G1,0077,1968,2304
G1,0078,2064,2304
G1,0079,2160,2304
G1,0080,1920,2352
G1,0081,2016,2352
G1,0082,2112,2352
G1,0083,1872,2400
G1,0084,1968,2400
G1,0085,2064,2400
G1,0086,2160,2400
G1,0087,1920,2448
G1,0088,2016,2448
G1,0089,2112,2448
G1,0090,1872,2496
G1,0091,1968,2496
G1,0092,2064,2496
G1,0093,2160,2496
G1,0094,1920,2544
G1,0095,2016,2544
G1,0096,2112,2544
G1,0097,1872,2592
G1,0098,1968,2592
G1,0099,2064,2592
G1,0100,2160,2592
dummy,null_00001,0,0
dummy,null_00002,48,0
dummy,null_00003,96,0
dummy,null_00004,144,0
dummy,null_00005,192,0
dummy,null_00006,240,0
dummy,null_00007,288,0
dummy,null_00008,336,0
dummy,null_00009,384,0
dummy,null_00010,432,0
dummy,null_00011,480,0
dummy,null_00012,528,0
dummy,null_00013,576,0
dummy,null_00014,624,0
dummy,null_00015,672,0
dummy,null_00016,720,0
dummy,null_00017,768,0
dummy,null_00018,816,0
dummy,null_00019,864,0
dummy,null_00020,912,0
dummy,null_00021,960,0
dummy,null_00022,1008,0
dummy,null_00023,1056,0
dummy,null_00024,1104,0
dummy,null_00025,1152,0
dummy,null_00026,1200,0
dummy,null_00027,1248,0
dummy,null_00028,1296,0
dummy,null_00029,1344,0
dummy,null_00030,1392,0
dummy,null_00031,1440,0
dummy,null_00032,1488,0
dummy,null_00033,1536,0
dummy,null_00034,1584,0
dummy,null_00035,1632,0
dummy,null_00036,1680,0
dummy,null_00037,1728,0
dummy,null_00038,1776,0
dummy,null_00039,1824,0
dummy,null_00040,1872,0
dummy,null_00041,1920,0
dummy,null_00042,1968,0
dummy,null_00043,2016,0
dummy,null_00044,2064,0
dummy,null_00045,2112,0
dummy,null_00046,2160,0
dummy,null_00047,2208,0
dummy,null_00048,2256,0
dummy,null_00049,2304,0
dummy,null_00050,2352,0
dummy,null_00051,2400,0
dummy,null_00052,2448,0
dummy,null_00053,2496,0
dummy,null_00054,0,48
dummy,null_00055,48,48
dummy,null_00056,96,48
dummy,null_00057,144,48
dummy,null_00058,192,48
dummy,null_00059,240,48
dummy,null_00060,288,48
dummy,null_00061,336,48
dummy,null_00062,384,48
dummy,null_00063,432,48
dummy,null_00064,480,48
dummy,null_00065,528,48
dummy,null_00066,576,48
dummy,null_00067,624,48
dummy,null_00068,672,48
dummy,null_00069,720,48
dummy,null_00070,768,48
dummy,null_00071,816,48
dummy,null_00072,864,48
dummy,null_00073,912,48
dummy,null_00074,960,48
dummy,null_00075,1008,48
dummy,null_00076,1056,48
dummy,null_00077,1104,48
dummy,null_00078,1152,48
dummy,null_00079,1200,48
dummy,null_00080,1248,48
dummy,null_00081,1296,48
dummy,null_00082,1344,48
dummy,null_00083,1392,48
dummy,null_00084,1440,48
dummy,null_00085,1488,48
dummy,null_00086,1536,48
dummy,null_00087,1584,48
dummy,null_00088,1632,48
dummy,null_00089,1680,48
dummy,null_00090,1728,48
dummy,null_00091,1776,48
dummy,null_00092,1824,48
dummy,null_00093,1872,48
dummy,null_00094,1920,48
dummy,null_00095,1968,48
dummy,null_00096,2016,48
dummy,null_00097,2064,48
dummy,null_00098,2112,48
dummy,null_00099,2160,48
dummy,null_00100,2208,48
dummy,null_00101,2256,48
dummy,null_00102,2304,48
dummy,null_00103,2352,48
dummy,null_00104,2400,48
dummy,null_00105,2448,48
dummy,null_00106,2496,48
dummy,null_00107,0,96
dummy,null_00108,48,96
dummy,null_00109,96,96
dummy,null_00110,144,96
dummy,null_00111,192,96
dummy,null_00112,240,96
dummy,null_00113,288,96
dummy,null_00114,336,96
dummy,null_00115,384,96
dummy,null_00116,432,96
dummy,null_00117,480,96
dummy,null_00118,528,96
dummy,null_00119,576,96
dummy,null_00120,624,96
dummy,null_00121,672,96
dummy,null_00122,720,96
dummy,null_00123,768,96
dummy,null_00124,816,96
dummy,null_00125,864,96
dummy,null_00126,912,96
dummy,null_00127,960,96
dummy,null_00128,1008,96
dummy,null_00129,1056,96
dummy,null_00130,1104,96
dummy,null_00131,1152,96
dummy,null_00132,1200,96
dummy,null_00133,1248,96
dummy,null_00134,1296,96
dummy,null_00135,1344,96
dummy,null_00136,1392,96
dummy,null_00137,1440,96
dummy,null_00138,1488,96
dummy,null_00139,1536,96
dummy,null_00140,1584,96
dummy,null_00141,1632,96
dummy,null_00142,1680,96
dummy,null_00143,1728,96
dummy,null_00144,1776,96
dummy,null_00145,1824,96
dummy,null_00146,1872,96
dummy,null_00147,1920,96
dummy,null_00148,1968,96
dummy,null_00149,2016,96
dummy,null_00150,2064,96
dummy,null_00151,2112,96
dummy,null_00152,2160,96
dummy,null_00153,2208,96
dummy,null_00154,2256,96
dummy,null_00155,2304,96
dummy,null_00156,2352,96
dummy,null_00157,2400,96
dummy,null_00158,2448,96
dummy,null_00159,2496,96
dummy,null_00160,0,144
dummy,null_00161,48,144
dummy,null_00162,96,144
dummy,null_00163,144,144
dummy,null_00164,192,144
dummy,null_00165,240,144
dummy,null_00166,288,144
dummy,null_00167,336,144
dummy,null_00168,384,144
dummy,null_00169,432,144
dummy,null_00170,480,144
dummy,null_00171,528,144
dummy,null_00172,576,144
dummy,null_00173,624,144
dummy,null_00174,672,144
dummy,null_00175,720,144
dummy,null_00176,768,144
dummy,null_00177,816,144
dummy,null_00178,864,144
dummy,null_00179,912,144
dummy,null_00180,960,144
dummy,null_00181,1008,144
dummy,null_00182,1056,144
dummy,null_00183,1104,144
dummy,null_00184,1152,144
dummy,null_00185,1200,144
dummy,null_00186,1248,144
dummy,null_00187,1296,144
dummy,null_00188,1344,144
dummy,null_00189,1392,144
dummy,null_00190,1440,144
dummy,null_00191,1488,144
dummy,null_00192,1536,144
dummy,null_00193,1584,144
dummy,null_00194,1632,144
dummy,null_00195,1680,144
dummy,null_00196,1728,144
dummy,null_00197,1776,144
dummy,null_00198,1824,144
dummy,null_00199,1872,144
dummy,null_00200,1920,144
dummy,null_00201,1968,144
dummy,null_00202,2016,144
dummy,null_00203,2064,144
dummy,null_00204,2112,144
dummy,null_00205,2160,144
dummy,null_00206,2208,144
dummy,null_00207,2256,144
dummy,null_00208,2304,144
dummy,null_00209,2352,144
dummy,null_00210,2400,144
dummy,null_00211,2448,144
dummy,null_00212,2496,144
dummy,null_00213,0,192
dummy,null_00214,48,192
dummy,null_00215,96,192
dummy,null_00216,144,192
dummy,null_00217,192,192
dummy,null_00218,240,192
dummy,null_00219,288,192
dummy,null_00220,336,192
dummy,null_00221,384,192
dummy,null_00222,432,192
dummy,null_00223,480,192
dummy,null_00224,528,192
dummy,null_00225,576,192
dummy,null_00226,624,192
dummy,null_00227,672,192
dummy,null_00228,720,192
dummy,null_00229,768,192
dummy,null_00230,816,192
dummy,null_00231,864,192
dummy,null_00232,912,192
dummy,null_00233,960,192
dummy,null_00234,1008,192
dummy,null_00235,1056,192
dummy,null_00236,1104,192
dummy,null_00237,1152,192
dummy,null_00238,1200,192
dummy,null_00239,1248,192
dummy,null_00240,1296,192
dummy,null_00241,1344,192
dummy,null_00242,1392,192
dummy,null_00243,1440,192
dummy,null_00244,1488,192
dummy,null_00245,1536,192
dummy,null_00246,1584,192
dummy,null_00247,1632,192
dummy,null_00248,1680,192
dummy,null_00249,1728,192
dummy,null_00250,1776,192
dummy,null_00251,1824,192
dummy,null_00252,1872,192
dummy,null_00253,1920,192
dummy,null_00254,1968,192
dummy,null_00255,2016,192
dummy,null_00256,2064,192
dummy,null_00257,2112,192
dummy,null_00258,2160,192
dummy,null_00259,2208,192
dummy,null_00260,2256,192
dummy,null_00261,2304,192
dummy,null_00262,2352,192
dummy,null_00263,2400,192
dummy,null_00264,2448,192
dummy,null_00265,2496,192
dummy,null_00266,0,240
dummy,null_00267,48,240
dummy,null_00268,96,240
dummy,null_00269,144,240
dummy,null_00270,192,240
dummy,null_00271,240,240
dummy,null_00272,288,240
dummy,null_00273,336,240
dummy,null_00274,384,240
dummy,null_00275,432,240
dummy,null_00276,480,240
dummy,null_00277,528,240
dummy,null_00278,576,240
dummy,null_00279,624,240
dummy,null_00280,672,240
dummy,null_00281,720,240
dummy,null_00282,768,240
dummy,null_00283,816,240
dummy,null_00284,864,240
dummy,null_00285,912,240
dummy,null_00286,960,240
dummy,null_00287,1008,240
dummy,null_00288,1056,240
dummy,null_00289,1104,240
dummy,null_00290,1152,240
dummy,null_00291,1200,240
dummy,null_00292,1248,240
dummy,null_00293,1296,240
dummy,null_00294,1344,240
dummy,null_00295,1392,240
dummy,null_00296,1440,240
dummy,null_00297,1488,240
dummy,null_00298,1536,240
dummy,null_00299,1584,240
dummy,null_00300,1632,240
dummy,null_00301,1680,240
dummy,null_00302,1728,240
dummy,null_00303,1776,240
dummy,null_00304,1824,240
dummy,null_00305,1872,240
dummy,null_00306,1920,240
dummy,null_00307,1968,240
dummy,null_00308,2016,240
dummy,null_00309,2064,240
dummy,null_00310,2112,240
dummy,null_00311,2160,240
dummy,null_00312,2208,240
dummy,null_00313,2256,240
dummy,null_00314,2304,240
dummy,null_00315,2352,240
dummy,null_00316,2400,240
dummy,null_00317,2448,240
dummy,null_00318,2496,240
dummy,null_00319,0,288
dummy,null_00320,48,288
dummy,null_00321,96,288
dummy,null_00322,144,288
dummy,null_00323,192,288
dummy,null_00324,240,288
dummy,null_00325,288,288
dummy,null_00326,336,288
dummy,null_00327,384,288
dummy,null_00328,432,288
dummy,null_00329,480,288
dummy,null_00330,528,288
dummy,null_00331,576,288
dummy,null_00332,624,288
dummy,null_00333,672,288
dummy,null_00334,720,288
dummy,null_00335,768,288
dummy,null_00336,816,288
dummy,null_00337,864,288
dummy,null_00338,912,288
dummy,null_00339,960,288
dummy,null_00340,1008,288
dummy,null_00341,1056,288
dummy,null_00342,1104,288
dummy,null_00343,1152,288
dummy,null_00344,1200,288
dummy,null_00345,1248,288
dummy,null_00346,1296,288
dummy,null_00347,1344,288
dummy,null_00348,1392,288
dummy,null_00349,1440,288
dummy,null_00350,1488,288
dummy,null_00351,1536,288
dummy,null_00352,1584,288
dummy,null_00353,1632,288
dummy,null_00354,1680,288
dummy,null_00355,1728,288
dummy,null_00356,1776,288
dummy,null_00357,1824,288
dummy,null_00358,1872,288
dummy,null_00359,1920,288
dummy,null_00360,1968,288
dummy,null_00361,2016,288
dummy,null_00362,2064,288
dummy,null_00363,2112,288
dummy,null_00364,2160,288
dummy,null_00365,2208,288
dummy,null_00366,2256,288
dummy,null_00367,2304,288
dummy,null_00368,2352,288
dummy,null_00369,2400,288
dummy,null_00370,2448,288
dummy,null_00371,2496,288
dummy,null_00372,0,336
dummy,null_00373,48,336
dummy,null_00374,96,336
dummy,null_00375,144,336
dummy,null_00376,192,336
dummy,null_00377,240,336
dummy,null_00378,288,336
dummy,null_00379,336,336
dummy,null_00380,384,336
dummy,null_00381,432,336
dummy,null_00382,480,336
dummy,null_00383,528,336
dummy,null_00384,576,336
dummy,null_00385,624,336
dummy,null_00386,672,336
dummy,null_00387,720,336
dummy,null_00388,768,336
dummy,null_00389,816,336
dummy,null_00390,864,336
dummy,null_00391,912,336
dummy,null_00392,960,336
dummy,null_00393,1008,336
dummy,null_00394,1056,336
dummy,null_00395,1104,336
dummy,null_00396,1152,336
dummy,null_00397,1200,336
dummy,null_00398,1248,336
dummy,null_00399,1296,336
dummy,null_00400,1344,336
dummy,null_00401,1392,336
dummy,null_00402,1440,336
dummy,null_00403,1488,336
dummy,null_00404,1536,336
dummy,null_00405,1584,336
dummy,null_00406,1632,336
dummy,null_00407,1680,336
dummy,null_00408,1728,336
dummy,null_00409,1776,336
dummy,null_00410,1824,336
dummy,null_00411,1872,336
dummy,null_00412,1920,336
dummy,null_00413,1968,336
dummy,null_00414,2016,336
dummy,null_00415,2064,336
dummy,null_00416,2112,336
dummy,null_00417,2160,336
dummy,null_00418,2208,336
dummy,null_00419,2256,336
dummy,null_00420,2304,336
dummy,null_00421,2352,336
dummy,null_00422,2400,336
dummy,null_00423,2448,336
dummy,null_00424,2496,336
dummy,null_00425,0,384
dummy,null_00426,48,384
dummy,null_00427,96,384
dummy,null_00428,144,384
dummy,null_00429,192,384
dummy,null_00430,240,384
dummy,null_00431,288,384
dummy,null_00432,336,384
dummy,null_00433,384,384
dummy,null_00434,432,384
dummy,null_00435,480,384
dummy,null_00436,528,384
dummy,null_00437,576,384
dummy,null_00438,624,384
dummy,null_00439,672,384
dummy,null_00440,720,384
dummy,null_00441,768,384
dummy,null_00442,816,384
dummy,null_00443,864,384
dummy,null_00444,912,384
dummy,null_00445,960,384
dummy,null_00446,1008,384
dummy,null_00447,1056,384
dummy,null_00448,1104,384
dummy,null_00449,1152,384
dummy,null_00450,1200,384
dummy,null_00451,1248,384
dummy,null_00452,1296,384
dummy,null_00453,1344,384
dummy,null_00454,1392,384
dummy,null_00455,1440,384
dummy,null_00456,1488,384
dummy,null_00457,1536,384
dummy,null_00458,1584,384
dummy,null_00459,1632,384
dummy,null_00460,1680,384
dummy,null_00461,1728,384
dummy,null_00462,1776,384
dummy,null_00463,1824,384
dummy,null_00464,1872,384
dummy,null_00465,1920,384
dummy,null_00466,1968,384
dummy,null_00467,2016,384
dummy,null_00468,2064,384
dummy,null_00469,2112,384
dummy,null_00470,2160,384
dummy,null_00471,2208,384
dummy,null_00472,2256,384
dummy,null_00473,2304,384
dummy,null_00474,2352,384
dummy,null_00475,2400,384
dummy,null_00476,2448,384
dummy,null_00477,2496,384
dummy,null_00478,0,432
dummy,null_00479,48,432
dummy,null_00480,96,432
dummy,null_00481,144,432
dummy,null_00482,192,432
dummy,null_00483,240,432
dummy,null_00484,288,432
dummy,null_00485,336,432
dummy,null_00486,384,432
dummy,null_00487,432,432
dummy,null_00488,480,432
dummy,null_00489,528,432
dummy,null_00490,576,432
dummy,null_00491,624,432
dummy,null_00492,672,432
dummy,null_00493,720,432
dummy,null_00494,768,432
dummy,null_00495,816,432
dummy,null_00496,864,432
dummy,null_00497,912,432
dummy,null_00498,960,432
dummy,null_00499,1008,432
dummy,null_00500,1056,432
dummy,null_00501,1104,432
dummy,null_00502,1152,432
dummy,null_00503,1200,432
dummy,null_00504,1248,432
dummy,null_00505,1296,432
dummy,null_00506,1344,432
dummy,null_00507,1392,432
dummy,null_00508,1440,432
dummy,null_00509,1488,432
dummy,null_00510,1536,432
dummy,null_00511,1584,432
dummy,null_00512,1632,432
dummy,null_00513,1680,432
dummy,null_00514,1728,432
dummy,null_00515,1776,432
dummy,null_00516,1824,432
dummy,null_00517,1872,432
dummy,null_00518,1920,432
dummy,null_00519,1968,432
dummy,null_00520,2016,432
dummy,null_00521,2064,432
dummy,null_00522,2112,432
dummy,null_00523,2160,432
dummy,null_00524,2208,432
dummy,null_00525,2256,432
dummy,null_00526,2304,432
dummy,null_00527,2352,432
dummy,null_00528,2400,432
dummy,null_00529,2448,432
dummy,null_00530,2496,432
dummy,null_00531,0,480
dummy,null_00532,48,480
dummy,null_00533,96,480
dummy,null_00534,144,480
dummy,null_00535,192,480
dummy,null_00536,240,480
dummy,null_00537,288,480
dummy,null_00538,336,480
dummy,null_00539,384,480
dummy,null_00540,432,480
dummy,null_00541,480,480
dummy,null_00542,528,480
dummy,null_00543,576,480
dummy,null_00544,624,480
dummy,null_00545,672,480
dummy,null_00546,720,480
dummy,null_00547,768,480
dummy,null_00548,816,480
dummy,null_00549,864,480
dummy,null_00550,912,480
dummy,null_00551,960,480
dummy,null_00552,1008,480
dummy,null_00553,1056,480
dummy,null_00554,1104,480
dummy,null_00555,1152,480
dummy,null_00556,1200,480
dummy,null_00557,1248,480
dummy,null_00558,1296,480
dummy,null_00559,1344,480
dummy,null_00560,1392,480
dummy,null_00561,1440,480
dummy,null_00562,1488,480
dummy,null_00563,1536,480
dummy,null_00564,1584,480
dummy,null_00565,1632,480
dummy,null_00566,1680,480
dummy,null_00567,1728,480
dummy,null_00568,1776,480
dummy,null_00569,1824,480
dummy,null_00570,1872,480
dummy,null_00571,1920,480
dummy,null_00572,1968,480
dummy,null_00573,2016,480
dummy,null_00574,2064,480
dummy,null_00575,2112,480
dummy,null_00576,2160,480
dummy,null_00577,2208,480
dummy,null_00578,2256,480
dummy,null_00579,2304,480
dummy,null_00580,2352,480
dummy,null_00581,2400,480
dummy,null_00582,2448,480
dummy,null_00583,2496,480
dummy,null_00584,0,528
dummy,null_00585,48,528
dummy,null_00586,96,528
dummy,null_00587,144,528
dummy,null_00588,192,528
dummy,null_00589,240,528
dummy,null_00590,288,528
dummy,null_00591,336,528
dummy,null_00592,384,528
dummy,null_00593,432,528
dummy,null_00594,480,528
dummy,null_00595,528,528
dummy,null_00596,576,528
dummy,null_00597,624,528
dummy,null_00598,672,528
dummy,null_00599,720,528
dummy,null_00600,768,528
dummy,null_00601,816,528
dummy,null_00602,864,528
dummy,null_00603,912,528
dummy,null_00604,960,528
dummy,null_00605,1008,528
dummy,null_00606,1056,528
dummy,null_00607,1104,528
dummy,null_00608,1152,528
dummy,null_00609,1200,528
dummy,null_00610,1248,528
dummy,null_00611,1296,528
dummy,null_00612,1344,528
dummy,null_00613,1392,528
dummy,null_00614,1440,528
dummy,null_00615,1488,528
dummy,null_00616,1536,528
dummy,null_00617,1584,528
dummy,null_00618,1632,528
dummy,null_00619,1680,528
dummy,null_00620,1728,528
dummy,null_00621,1776,528
dummy,null_00622,1824,528
dummy,null_00623,1872,528
dummy,null_00624,1920,528
dummy,null_00625,1968,528
dummy,null_00626,2016,528
dummy,null_00627,2064,528
dummy,null_00628,2112,528
dummy,null_00629,2160,528
dummy,null_00630,2208,528
dummy,null_00631,2256,528
dummy,null_00632,2304,528
dummy,null_00633,2352,528
dummy,null_00634,2400,528
dummy,null_00635,2448,528
dummy,null_00636,2496,528
dummy,null_00637,0,576
dummy,null_00638,48,576
dummy,null_00639,96,576
dummy,null_00640,144,576
dummy,null_00641,192,576
dummy,null_00642,240,576
dummy,null_00643,288,576
dummy,null_00644,336,576
dummy,null_00645,384,576
dummy,null_00646,432,576
dummy,null_00647,480,576
dummy,null_00648,528,576
dummy,null_00649,576,576
dummy,null_00650,624,576
dummy,null_00651,672,576
dummy,null_00652,720,576
dummy,null_00653,768,576
dummy,null_00654,816,576
dummy,null_00655,864,576
dummy,null_00656,912,576
dummy,null_00657,960,576
dummy,null_00658,1008,576
dummy,null_00659,1056,576
dummy,null_00660,1104,576
dummy,null_00661,1152,576
dummy,null_00662,1200,576
dummy,null_00663,1248,576
dummy,null_00664,1296,576
dummy,null_00665,1344,576
dummy,null_00666,1392,576
dummy,null_00667,1440,576
dummy,null_00668,1488,576
dummy,null_00669,1536,576
dummy,null_00670,1584,576
dummy,null_00671,1632,576
dummy,null_00672,1680,576
dummy,null_00673,1728,576
dummy,null_00674,1776,576
dummy,null_00675,1824,576
dummy,null_00676,1872,576
dummy,null_00677,1920,576
dummy,null_00678,1968,576
dummy,null_00679,2016,576
dummy,null_00680,2064,576
dummy,null_00681,2112,576
dummy,null_00682,2160,576
dummy,null_00683,2208,576
dummy,null_00684,2256,576
dummy,null_00685,2304,576
dummy,null_00686,2352,576
dummy,null_00687,2400,576
dummy,null_00688,2448,576
dummy,null_00689,2496,576
dummy,null_00690,0,624
dummy,null_00691,48,624
dummy,null_00692,96,624
dummy,null_00693,144,624
dummy,null_00694,192,624
dummy,null_00695,240,624
dummy,null_00696,288,624
dummy,null_00697,336,624
dummy,null_00698,384,624
dummy,null_00699,432,624
dummy,null_00700,480,624
dummy,null_00701,528,624
dummy,null_00702,576,624
dummy,null_00703,624,624
dummy,null_00704,672,624
dummy,null_00705,720,624
dummy,null_00706,768,624
dummy,null_00707,816,624
dummy,null_00708,864,624
dummy,null_00709,912,624
dummy,null_00710,960,624
dummy,null_00711,1008,624
dummy,null_00712,1056,624
dummy,null_00713,1104,624
dummy,null_00714,1152,624
dummy,null_00715,1200,624
dummy,null_00716,1248,624
dummy,null_00717,1296,624
dummy,null_00718,1344,624
dummy,null_00719,1392,624
dummy,null_00720,1440,624
dummy,null_00721,1488,624
dummy,null_00722,1536,624
dummy,null_00723,1584,624
dummy,null_00724,1632,624
dummy,null_00725,1680,624
dummy,null_00726,1728,624
dummy,null_00727,1776,624
dummy,null_00728,1824,624
dummy,null_00729,1872,624
dummy,null_00730,1920,624
dummy,null_00731,1968,624
dummy,null_00732,2016,624
dummy,null_00733,2064,624
dummy,null_00734,2112,624
dummy,null_00735,2160,624
dummy,null_00736,2208,624
dummy,null_00737,2256,624
dummy,null_00738,2304,624
dummy,null_00739,2352,624
dummy,null_00740,2400,624
dummy,null_00741,2448,624
dummy,null_00742,2496,624
dummy,null_00743,0,672
dummy,null_00744,48,672
dummy,null_00745,96,672
dummy,null_00746,144,672
dummy,null_00747,192,672
dummy,null_00748,240,672
dummy,null_00749,288,672
dummy,null_00750,336,672
dummy,null_00751,384,672
dummy,null_00752,432,672
dummy,null_00753,480,672
dummy,null_00754,528,672
dummy,null_00755,576,672
dummy,null_00756,624,672
dummy,null_00757,672,672
dummy,null_00758,720,672
dummy,null_00759,768,672
dummy,null_00760,816,672
dummy,null_00761,864,672
dummy,null_00762,912,672
dummy,null_00763,960,672
dummy,null_00764,1008,672
dummy,null_00765,1056,672
dummy,null_00766,1104,672
dummy,null_00767,1152,672
dummy,null_00768,1200,672
dummy,null_00769,1248,672
dummy,null_00770,1296,672
dummy,null_00771,1344,672
dummy,null_00772,1392,672
dummy,null_00773,1440,672
dummy,null_00774,1488,672
dummy,null_00775,1536,672
dummy,null_00776,1584,672
dummy,null_00777,1632,672
dummy,null_00778,1680,672
dummy,null_00779,1728,672
dummy,null_00780,1776,672
dummy,null_00781,1824,672
dummy,null_00782,1872,672
dummy,null_00783,1920,672
dummy,null_00784,1968,672
dummy,null_00785,2016,672
dummy,null_00786,2064,672
dummy,null_00787,2112,672
dummy,null_00788,2160,672
dummy,null_00789,2208,672
dummy,null_00790,2256,672
dummy,null_00791,2304,672
dummy,null_00792,2352,672
dummy,null_00793,2400,672
dummy,null_00794,2448,672
dummy,null_00795,2496,672
dummy,null_00796,0,720
dummy,null_00797,48,720
dummy,null_00798,96,720
dummy,null_00799,144,720
dummy,null_00800,192,720
dummy,null_00801,240,720
dummy,null_00802,288,720
dummy,null_00803,336,720
dummy,null_00804,384,720
dummy,null_00805,432,720
dummy,null_00806,480,720
dummy,null_00807,528,720
dummy,null_00808,576,720
dummy,null_00809,624,720
dummy,null_00810,672,720
dummy,null_00811,720,720
dummy,null_00812,768,720
dummy,null_00813,816,720
dummy,null_00814,864,720
dummy,null_00815,912,720
dummy,null_00816,960,720
dummy,null_00817,1008,720
dummy,null_00818,1056,720
dummy,null_00819,1104,720
dummy,null_00820,1152,720
dummy,null_00821,1200,720
dummy,null_00822,1248,720
dummy,null_00823,1296,720
dummy,null_00824,1344,720
dummy,null_00825,1392,720
dummy,null_00826,1440,720
dummy,null_00827,1488,720
dummy,null_00828,1536,720
dummy,null_00829,1584,720
dummy,null_00830,1632,720
dummy,null_00831,1680,720
dummy,null_00832,1728,720
dummy,null_00833,1776,720
dummy,null_00834,1824,720
dummy,null_00835,1872,720
dummy,null_00836,1920,720
dummy,null_00837,1968,720
dummy,null_00838,2016,720
dummy,null_00839,2064,720
dummy,null_00840,2112,720
dummy,null_00841,2160,720
dummy,null_00842,2208,720
dummy,null_00843,2256,720
dummy,null_00844,2304,720
dummy,null_00845,2352,720
dummy,null_00846,2400,720
dummy,null_00847,2448,720
dummy,null_00848,2496,720
dummy,null_00849,0,768
dummy,null_00850,48,768
dummy,null_00851,96,768
dummy,null_00852,144,768
dummy,null_00853,192,768
dummy,null_00854,240,768
dummy,null_00855,288,768
dummy,null_00856,336,768
dummy,null_00857,384,768
dummy,null_00858,432,768
dummy,null_00859,480,768
dummy,null_00860,528,768
dummy,null_00861,576,768
dummy,null_00862,624,768
dummy,null_00863,672,768
dummy,null_00864,720,768
dummy,null_00865,768,768
dummy,null_00866,816,768
dummy,null_00867,864,768
dummy,null_00868,912,768
dummy,null_00869,960,768
dummy,null_00870,1008,768
dummy,null_00871,1056,768
dummy,null_00872,1104,768
dummy,null_00873,1152,768
dummy,null_00874,1200,768
dummy,null_00875,1248,768
dummy,null_00876,1296,768
dummy,null_00877,1344,768
dummy,null_00878,1392,768
dummy,null_00879,1440,768
dummy,null_00880,1488,768
dummy,null_00881,1536,768
dummy,null_00882,1584,768
dummy,null_00883,1632,768
dummy,null_00884,1680,768
dummy,null_00885,1728,768
dummy,null_00886,1776,768
dummy,null_00887,1824,768
dummy,null_00888,1872,768
dummy,null_00889,1920,768
dummy,null_00890,1968,768
dummy,null_00891,2016,768
dummy,null_00892,2064,768
dummy,null_00893,2112,768
dummy,null_00894,2160,768
dummy,null_00895,2208,768
dummy,null_00896,2256,768
dummy,null_00897,2304,768
dummy,null_00898,2352,768
dummy,null_00899,2400,768
dummy,null_00900,2448,768
dummy,null_00901,2496,768
dummy,null_00902,0,816
dummy,null_00903,48,816
dummy,null_00904,96,816
dummy,null_00905,144,816
dummy,null_00906,192,816
dummy,null_00907,240,816
dummy,null_00908,288,816
dummy,null_00909,336,816
dummy,null_00910,384,816
dummy,null_00911,432,816
dummy,null_00912,480,816
dummy,null_00913,528,816
dummy,null_00914,576,816
dummy,null_00915,624,816
dummy,null_00916,672,816
dummy,null_00917,720,816
dummy,null_00918,768,816
dummy,null_00919,816,816
dummy,null_00920,864,816
dummy,null_00921,912,816
dummy,null_00922,960,816
dummy,null_00923,1008,816
dummy,null_00924,1056,816
dummy,null_00925,1104,816
dummy,null_00926,1152,816
dummy,null_00927,1200,816
dummy,null_00928,1248,816
dummy,null_00929,1296,816
dummy,null_00930,1344,816
dummy,null_00931,1392,816
dummy,null_00932,1440,816
dummy,null_00933,1488,816
dummy,null_00934,1536,816
dummy,null_00935,1584,816
dummy,null_00936,1632,816
dummy,null_00937,1680,816
dummy,null_00938,1728,816
dummy,null_00939,1776,816
dummy,null_00940,1824,816
dummy,null_00941,1872,816
dummy,null_00942,1920,816
dummy,null_00943,1968,816
dummy,null_00944,2016,816
dummy,null_00945,2064,816
dummy,null_00946,2112,816
dummy,null_00947,2160,816
dummy,null_00948,2208,816
dummy,null_00949,2256,816
dummy,null_00950,2304,816
dummy,null_00951,2352,816
dummy,null_00952,2400,816
dummy,null_00953,2448,816
dummy,null_00954,2496,816
dummy,null_00955,0,864
dummy,null_00956,48,864
dummy,null_00957,96,864
dummy,null_00958,144,864
dummy,null_00959,192,864
dummy,null_00960,240,864
dummy,null_00961,288,864
dummy,null_00962,336,864
dummy,null_00963,384,864
dummy,null_00964,432,864
dummy,null_00965,480,864
dummy,null_00966,528,864
dummy,null_00967,576,864
dummy,null_00968,624,864
dummy,null_00969,672,864
dummy,null_00970,720,864
dummy,null_00971,768,864
dummy,null_00972,816,864
dummy,null_00973,864,864
dummy,null_00974,912,864
dummy,null_00975,960,864
dummy,null_00976,1008,864
dummy,null_00977,1056,864
dummy,null_00978,1104,864
dummy,null_00979,1152,864
dummy,null_00980,1200,864
dummy,null_00981,1248,864
dummy,null_00982,1296,864
dummy,null_00983,1344,864
dummy,null_00984,1392,864
dummy,null_00985,1440,864
dummy,null_00986,1488,864
dummy,null_00987,1536,864
dummy,null_00988,1584,864
dummy,null_00989,1632,864
dummy,null_00990,1680,864
dummy,null_00991,1728,864
dummy,null_00992,1776,864
dummy,null_00993,1824,864
dummy,null_00994,1872,864
dummy,null_00995,1920,864
dummy,null_00996,1968,864
dummy,null_00997,2016,864
dummy,null_00998,2064,864
dummy,null_00999,2112,864
dummy,null_01000,2160,864
dummy,null_01001,2208,864
dummy,null_01002,2256,864
dummy,null_01003,2304,864
dummy,null_01004,2352,864
dummy,null_01005,2400,864
dummy,null_01006,2448,864
dummy,null_01007,2496,864
dummy,null_01008,0,912
dummy,null_01009,48,912
dummy,null_01010,96,912
dummy,null_01011,144,912
dummy,null_01012,192,912
dummy,null_01013,240,912
dummy,null_01014,288,912
dummy,null_01015,336,912
dummy,null_01016,384,912
dummy,null_01017,432,912
dummy,null_01018,480,912
dummy,null_01019,528,912
dummy,null_01020,576,912
dummy,null_01021,624,912
dummy,null_01022,672,912
dummy,null_01023,720,912
dummy,null_01024,768,912
dummy,null_01025,816,912
dummy,null_01026,864,912
dummy,null_01027,912,912
dummy,null_01028,960,912
dummy,null_01029,1008,912
dummy,null_01030,1056,912
dummy,null_01031,1104,912
dummy,null_01032,1152,912
dummy,null_01033,1200,912
dummy,null_01034,1248,912
dummy,null_01035,1296,912
dummy,null_01036,1344,912
dummy,null_01037,1392,912
dummy,null_01038,1440,912
dummy,null_01039,1488,912
dummy,null_01040,1536,912
dummy,null_01041,1584,912
dummy,null_01042,1632,912
dummy,null_01043,1680,912
dummy,null_01044,1728,912
dummy,null_01045,1776,912
dummy,null_01046,1824,912
dummy,null_01047,1872,912
dummy,null_01048,1920,912
dummy,null_01049,1968,912
dummy,null_01050,2016,912
dummy,null_01051,2064,912
dummy,null_01052,2112,912
dummy,null_01053,2160,912
dummy,null_01054,2208,912
dummy,null_01055,2256,912
dummy,null_01056,2304,912
dummy,null_01057,2352,912
dummy,null_01058,2400,912
dummy,null_01059,2448,912
dummy,null_01060,2496,912
dummy,null_01061,0,960
dummy,null_01062,48,960
dummy,null_01063,96,960
dummy,null_01064,144,960
dummy,null_01065,192,960
dummy,null_01066,240,960
dummy,null_01067,288,960
dummy,null_01068,336,960
dummy,null_01069,384,960
dummy,null_01070,432,960
dummy,null_01071,480,960
dummy,null_01072,528,960
dummy,null_01073,576,960
dummy,null_01074,624,960
dummy,null_01075,672,960
dummy,null_01076,720,960
dummy,null_01077,768,960
dummy,null_01078,816,960
dummy,null_01079,864,960
dummy,null_01080,912,960
dummy,null_01081,960,960
dummy,null_01082,1008,960
dummy,null_01083,1056,960
dummy,null_01084,1104,960
dummy,null_01085,1152,960
dummy,null_01086,1200,960
dummy,null_01087,1248,960
dummy,null_01088,1296,960
dummy,null_01089,1344,960
dummy,null_01090,1392,960
dummy,null_01091,1440,960
dummy,null_01092,1488,960
dummy,null_01093,1536,960
dummy,null_01094,1584,960
dummy,null_01095,1632,960
dummy,null_01096,1680,960
dummy,null_01097,1728,960
dummy,null_01098,1776,960
dummy,null_01099,1824,960
dummy,null_01100,1872,960
dummy,null_01101,1920,960
dummy,null_01102,1968,960
dummy,null_01103,2016,960
dummy,null_01104,2064,960
dummy,null_01105,2112,960
dummy,null_01106,2160,960
dummy,null_01107,2208,960
dummy,null_01108,2256,960
dummy,null_01109,2304,960
dummy,null_01110,2352,960
dummy,null_01111,2400,960
dummy,null_01112,2448,960
dummy,null_01113,2496,960
dummy,null_01114,0,1008
dummy,null_01115,48,1008
dummy,null_01116,96,1008
dummy,null_01117,144,1008
dummy,null_01118,192,1008
dummy,null_01119,240,1008
dummy,null_01120,288,1008
dummy,null_01121,336,1008
dummy,null_01122,384,1008
dummy,null_01123,432,1008
dummy,null_01124,480,1008
dummy,null_01125,528,1008
dummy,null_01126,576,1008
dummy,null_01127,624,1008
dummy,null_01128,672,1008
dummy,null_01129,720,1008
dummy,null_01130,768,1008
dummy,null_01131,816,1008
dummy,null_01132,864,1008
dummy,null_01133,912,1008
dummy,null_01134,960,1008
dummy,null_01135,1008,1008
dummy,null_01136,1056,1008
dummy,null_01137,1104,1008
dummy,null_01138,1152,1008
dummy,null_01139,1200,1008
dummy,null_01140,1248,1008
dummy,null_01141,1296,1008
dummy,null_01142,1344,1008
dummy,null_01143,1392,1008
dummy,null_01144,1440,1008
dummy,null_01145,1488,1008
dummy,null_01146,1536,1008
dummy,null_01147,1584,1008
dummy,null_01148,1632,1008
dummy,null_01149,1680,1008
dummy,null_01150,1728,1008
dummy,null_01151,1776,1008
dummy,null_01152,1824,1008
dummy,null_01153,1872,1008
dummy,null_01154,1920,1008
dummy,null_01155,1968,1008
dummy,null_01156,2016,1008
dummy,null_01157,2064,1008
dummy,null_01158,2112,1008
dummy,null_01159,2160,1008
dummy,null_01160,2208,1008
dummy,null_01161,2256,1008
dummy,null_01162,2304,1008
dummy,null_01163,2352,1008
dummy,null_01164,2400,1008
dummy,null_01165,2448,1008
dummy,null_01166,2496,1008
dummy,null_01167,0,1056
dummy,null_01168,48,1056
dummy,null_01169,96,1056
dummy,null_01170,144,1056
dummy,null_01171,192,1056
dummy,null_01172,240,1056
dummy,null_01173,288,1056
dummy,null_01174,336,1056
dummy,null_01175,384,1056
dummy,null_01176,432,1056
dummy,null_01177,480,1056
dummy,null_01178,528,1056
dummy,null_01179,576,1056
dummy,null_01180,624,1056
dummy,null_01181,672,1056
dummy,null_01182,720,1056
dummy,null_01183,768,1056
dummy,null_01184,816,1056
dummy,null_01185,864,1056
dummy,null_01186,912,1056
dummy,null_01187,960,1056
dummy,null_01188,1008,1056
dummy,null_01189,1056,1056
dummy,null_01190,1104,1056
dummy,null_01191,1152,1056
dummy,null_01192,1200,1056
dummy,null_01193,1248,1056
dummy,null_01194,1296,1056
dummy,null_01195,1344,1056
dummy,null_01196,1392,1056
dummy,null_01197,1440,1056
dummy,null_01198,1488,1056
dummy,null_01199,1536,1056
dummy,null_01200,1584,1056
dummy,null_01201,1632,1056
dummy,null_01202,1680,1056
dummy,null_01203,1728,1056
dummy,null_01204,1776,1056
dummy,null_01205,1824,1056
dummy,null_01206,1872,1056
dummy,null_01207,1920,1056
dummy,null_01208,1968,1056
dummy,null_01209,2016,1056
dummy,null_01210,2064,1056
dummy,null_01211,2112,1056
dummy,null_01212,2160,1056
dummy,null_01213,2208,1056
dummy,null_01214,2256,1056
dummy,null_01215,2304,1056
dummy,null_01216,2352,1056
dummy,null_01217,2400,1056
dummy,null_01218,2448,1056
dummy,null_01219,2496,1056
dummy,null_01220,0,1104
dummy,null_01221,48,1104
dummy,null_01222,96,1104
dummy,null_01223,144,1104
dummy,null_01224,192,1104
dummy,null_01225,240,1104
dummy,null_01226,288,1104
dummy,null_01227,336,1104
dummy,null_01228,384,1104
dummy,null_01229,432,1104
dummy,null_01230,480,1104
dummy,null_01231,528,1104
dummy,null_01232,576,1104
dummy,null_01233,624,1104
dummy,null_01234,672,1104
dummy,null_01235,720,1104
dummy,null_01236,768,1104
dummy,null_01237,816,1104
dummy,null_01238,864,1104
dummy,null_01239,912,1104
dummy,null_01240,960,1104
dummy,null_01241,1008,1104
dummy,null_01242,1056,1104
dummy,null_01243,1104,1104
dummy,null_01244,1152,1104
dummy,null_01245,1200,1104
dummy,null_01246,1248,1104
dummy,null_01247,1296,1104
dummy,null_01248,1344,1104
dummy,null_01249,1392,1104
dummy,null_01250,1440,1104
dummy,null_01251,1488,1104
dummy,null_01252,1536,1104
dummy,null_01253,1584,1104
dummy,null_01254,1632,1104
dummy,null_01255,1680,1104
dummy,null_01256,1728,1104
dummy,null_01257,1776,1104
dummy,null_01258,1824,1104
dummy,null_01259,1872,1104
dummy,null_01260,1920,1104
dummy,null_01261,1968,1104
dummy,null_01262,2016,1104
dummy,null_01263,2064,1104
dummy,null_01264,2112,1104
dummy,null_01265,2160,1104
dummy,null_01266,2208,1104
dummy,null_01267,2256,1104
dummy,null_01268,2304,1104
dummy,null_01269,2352,1104
dummy,null_01270,2400,1104
dummy,null_01271,2448,1104
dummy,null_01272,2496,1104
dummy,null_01273,0,1152
dummy,null_01274,48,1152
dummy,null_01275,96,1152
dummy,null_01276,144,1152
dummy,null_01277,192,1152
dummy,null_01278,240,1152
dummy,null_01279,288,1152
dummy,null_01280,336,1152
dummy,null_01281,384,1152
dummy,null_01282,432,1152
dummy,null_01283,480,1152
dummy,null_01284,528,1152
dummy,null_01285,576,1152
dummy,null_01286,624,1152
dummy,null_01287,672,1152
dummy,null_01288,720,1152
dummy,null_01289,768,1152
dummy,null_01290,816,1152
dummy,null_01291,864,1152
dummy,null_01292,912,1152
dummy,null_01293,960,1152
dummy,null_01294,1008,1152
dummy,null_01295,1056,1152
dummy,null_01296,1104,1152
dummy,null_01297,1152,1152
dummy,null_01298,1200,1152
dummy,null_01299,1248,1152
dummy,null_01300,1296,1152
dummy,null_01301,1344,1152
dummy,null_01302,1392,1152
dummy,null_01303,1440,1152
dummy,null_01304,1488,1152
dummy,null_01305,1536,1152
dummy,null_01306,1584,1152
dummy,null_01307,1632,1152
dummy,null_01308,1680,1152
dummy,null_01309,1728,1152
dummy,null_01310,1776,1152
dummy,null_01311,1824,1152
dummy,null_01312,1872,1152
dummy,null_01313,1920,1152
dummy,null_01314,1968,1152
dummy,null_01315,2016,1152
dummy,null_01316,2064,1152
dummy,null_01317,2112,1152
dummy,null_01318,2160,1152
dummy,null_01319,2208,1152
dummy,null_01320,2256,1152
dummy,null_01321,2304,1152
dummy,null_01322,2352,1152
dummy,null_01323,2400,1152
dummy,null_01324,2448,1152
dummy,null_01325,2496,1152
dummy,null_01326,0,1200
dummy,null_01327,48,1200
dummy,null_01328,96,1200
dummy,null_01329,144,1200
dummy,null_01330,192,1200
dummy,null_01331,240,1200
dummy,null_01332,288,1200
dummy,null_01333,336,1200
dummy,null_01334,384,1200
dummy,null_01335,432,1200
dummy,null_01336,480,1200
dummy,null_01337,528,1200
dummy,null_01338,576,1200
dummy,null_01339,624,1200
dummy,null_01340,672,1200
dummy,null_01341,720,1200
dummy,null_01342,768,1200
dummy,null_01343,816,1200
dummy,null_01344,864,1200
dummy,null_01345,912,1200
dummy,null_01346,960,1200
dummy,null_01347,1008,1200
dummy,null_01348,1056,1200
dummy,null_01349,1104,1200
dummy,null_01350,1152,1200
dummy,null_01351,1200,1200
dummy,null_01352,1248,1200
dummy,null_01353,1296,1200
dummy,null_01354,1344,1200
dummy,null_01355,1392,1200
dummy,null_01356,1440,1200
dummy,null_01357,1488,1200
dummy,null_01358,1536,1200
dummy,null_01359,1584,1200
dummy,null_01360,1632,1200
dummy,null_01361,1680,1200
dummy,null_01362,1728,1200
dummy,null_01363,1776,1200
dummy,null_01364,1824,1200
dummy,null_01365,1872,1200
dummy,null_01366,1920,1200
dummy,null_01367,1968,1200
dummy,null_01368,2016,1200
dummy,null_01369,2064,1200
dummy,null_01370,2112,1200
dummy,null_01371,2160,1200
dummy,null_01372,2208,1200
dummy,null_01373,2256,1200
dummy,null_01374,2304,1200
dummy,null_01375,2352,1200
dummy,null_01376,2400,1200
dummy,null_01377,2448,1200
dummy,null_01378,2496,1200
dummy,null_01379,0,1248
dummy,null_01380,48,1248
dummy,null_01381,96,1248
dummy,null_01382,144,1248
dummy,null_01383,192,1248
dummy,null_01384,240,1248
dummy,null_01385,288,1248
dummy,null_01386,336,1248
dummy,null_01387,384,1248
dummy,null_01388,432,1248
dummy,null_01389,480,1248
dummy,null_01390,528,1248
dummy,null_01391,576,1248
dummy,null_01392,624,1248
dummy,null_01393,672,1248
dummy,null_01394,720,1248
dummy,null_01395,768,1248
dummy,null_01396,816,1248
dummy,null_01397,864,1248
dummy,null_01398,912,1248
dummy,null_01399,960,1248
dummy,null_01400,1008,1248
dummy,null_01401,1056,1248
dummy,null_01402,1104,1248
dummy,null_01403,1152,1248
dummy,null_01404,1200,1248
dummy,null_01405,1248,1248
dummy,null_01406,1296,1248
dummy,null_01407,1344,1248
dummy,null_01408,1392,1248
dummy,null_01409,1440,1248
dummy,null_01410,1488,1248
dummy,null_01411,1536,1248
dummy,null_01412,1584,1248
dummy,null_01413,1632,1248
dummy,null_01414,1680,1248
dummy,null_01415,1728,1248
dummy,null_01416,1776,1248
dummy,null_01417,1824,1248
dummy,null_01418,1872,1248
dummy,null_01419,1920,1248
dummy,null_01420,1968,1248
dummy,null_01421,2016,1248
dummy,null_01422,2064,1248
dummy,null_01423,2112,1248
dummy,null_01424,2160,1248
dummy,null_01425,2208,1248
dummy,null_01426,2256,1248
dummy,null_01427,2304,1248
dummy,null_01428,2352,1248
dummy,null_01429,2400,1248
dummy,null_01430,2448,1248
dummy,null_01431,2496,1248
dummy,null_01432,0,1296
dummy,null_01433,48,1296
dummy,null_01434,96,1296
dummy,null_01435,144,1296
dummy,null_01436,192,1296
dummy,null_01437,240,1296
dummy,null_01438,288,1296
dummy,null_01439,336,1296
dummy,null_01440,384,1296
dummy,null_01441,432,1296
dummy,null_01442,480,1296
dummy,null_01443,528,1296
dummy,null_01444,576,1296
dummy,null_01445,624,1296
dummy,null_01446,672,1296
dummy,null_01447,720,1296
dummy,null_01448,768,1296
dummy,null_01449,816,1296
dummy,null_01450,864,1296
dummy,null_01451,912,1296
dummy,null_01452,960,1296
dummy,null_01453,1008,1296
dummy,null_01454,1056,1296
dummy,null_01455,1104,1296
dummy,null_01456,1152,1296
dummy,null_01457,1200,1296
dummy,null_01458,1248,1296
dummy,null_01459,1296,1296
dummy,null_01460,1344,1296
dummy,null_01461,1392,1296
dummy,null_01462,1440,1296
dummy,null_01463,1488,1296
dummy,null_01464,1536,1296
dummy,null_01465,1584,1296
dummy,null_01466,1632,1296
dummy,null_01467,1680,1296
dummy,null_01468,1728,1296
dummy,null_01469,1776,1296
dummy,null_01470,1824,1296
dummy,null_01471,1872,1296
dummy,null_01472,1920,1296
dummy,null_01473,1968,1296
dummy,null_01474,2016,1296
dummy,null_01475,2064,1296
dummy,null_01476,2112,1296
dummy,null_01477,2160,1296
dummy,null_01478,2208,1296
dummy,null_01479,2256,1296
dummy,null_01480,2304,1296
dummy,null_01481,2352,1296
dummy,null_01482,2400,1296
dummy,null_01483,2448,1296
dummy,null_01484,2496,1296
dummy,null_01485,0,1344
dummy,null_01486,48,1344
dummy,null_01487,96,1344
dummy,null_01488,144,1344
dummy,null_01489,192,1344
dummy,null_01490,240,1344
dummy,null_01491,288,1344
dummy,null_01492,336,1344
dummy,null_01493,384,1344
dummy,null_01494,432,1344
dummy,null_01495,480,1344
dummy,null_01496,528,1344
dummy,null_01497,576,1344
dummy,null_01498,624,1344
dummy,null_01499,672,1344
dummy,null_01500,720,1344
dummy,null_01501,768,1344
dummy,null_01502,816,1344
dummy,null_01503,864,1344
dummy,null_01504,912,1344
dummy,null_01505,960,1344
dummy,null_01506,1008,1344
dummy,null_01507,1056,1344
dummy,null_01508,1104,1344
dummy,null_01509,1152,1344
dummy,null_01510,1200,1344
dummy,null_01511,1248,1344
dummy,null_01512,1296,1344
dummy,null_01513,1344,1344
dummy,null_01514,1392,1344
dummy,null_01515,1440,1344
dummy,null_01516,1488,1344
dummy,null_01517,1536,1344
dummy,null_01518,1584,1344
dummy,null_01519,1632,1344
dummy,null_01520,1680,1344
dummy,null_01521,1728,1344
dummy,null_01522,1776,1344
dummy,null_01523,1824,1344
dummy,null_01524,1872,1344
dummy,null_01525,1920,1344
dummy,null_01526,1968,1344
dummy,null_01527,2016,1344
dummy,null_01528,2064,1344
dummy,null_01529,2112,1344
dummy,null_01530,2160,1344
dummy,null_01531,2208,1344
dummy,null_01532,2256,1344
dummy,null_01533,2304,1344
dummy,null_01534,2352,1344
dummy,null_01535,2400,1344
dummy,null_01536,2448,1344
dummy,null_01537,2496,1344
dummy,null_01538,0,1392
dummy,null_01539,48,1392
dummy,null_01540,96,1392
dummy,null_01541,144,1392
dummy,null_01542,192,1392
dummy,null_01543,240,1392
dummy,null_01544,288,1392
dummy,null_01545,336,1392
dummy,null_01546,384,1392
dummy,null_01547,432,1392
dummy,null_01548,480,1392
dummy,null_01549,528,1392
dummy,null_01550,576,1392
dummy,null_01551,624,1392
dummy,null_01552,672,1392
dummy,null_01553,720,1392
dummy,null_01554,768,1392
dummy,null_01555,816,1392
dummy,null_01556,864,1392
dummy,null_01557,912,1392
dummy,null_01558,960,1392
dummy,null_01559,1008,1392
dummy,null_01560,1056,1392
dummy,null_01561,1104,1392
dummy,null_01562,1152,1392
dummy,null_01563,1200,1392
dummy,null_01564,1248,1392
dummy,null_01565,1296,1392
dummy,null_01566,1344,1392
dummy,null_01567,1392,1392
dummy,null_01568,1440,1392
dummy,null_01569,1488,1392
dummy,null_01570,1536,1392
dummy,null_01571,1584,1392
dummy,null_01572,1632,1392
dummy,null_01573,1680,1392
dummy,null_01574,1728,1392
dummy,null_01575,1776,1392
dummy,null_01576,1824,1392
dummy,null_01577,1872,1392
dummy,null_01578,1920,1392
dummy,null_01579,1968,1392
dummy,null_01580,2016,1392
dummy,null_01581,2064,1392
dummy,null_01582,2112,1392
dummy,null_01583,2160,1392
dummy,null_01584,2208,1392
dummy,null_01585,2256,1392
dummy,null_01586,2304,1392
dummy,null_01587,2352,1392
dummy,null_01588,2400,1392
dummy,null_01589,2448,1392
dummy,null_01590,2496,1392
dummy,null_01591,0,1440
dummy,null_01592,48,1440
dummy,null_01593,96,1440
dummy,null_01594,144,1440
dummy,null_01595,192,1440
dummy,null_01596,240,1440
dummy,null_01597,288,1440
dummy,null_01598,336,1440
dummy,null_01599,384,1440
dummy,null_01600,432,1440
dummy,null_01601,480,1440
dummy,null_01602,528,1440
dummy,null_01603,576,1440
dummy,null_01604,624,1440
dummy,null_01605,672,1440
dummy,null_01606,720,1440
dummy,null_01607,768,1440
dummy,null_01608,816,1440
dummy,null_01609,864,1440
dummy,null_01610,912,1440
dummy,null_01611,960,1440
dummy,null_01612,1008,1440
dummy,null_01613,1056,1440
dummy,null_01614,1104,1440
dummy,null_01615,1152,1440
dummy,null_01616,1200,1440
dummy,null_01617,1248,1440
dummy,null_01618,1296,1440
dummy,null_01619,1344,1440
dummy,null_01620,1392,1440
dummy,null_01621,1440,1440
dummy,null_01622,1488,1440
dummy,null_01623,1536,1440
dummy,null_01624,1584,1440
dummy,null_01625,1632,1440
dummy,null_01626,1680,1440
dummy,null_01627,1728,1440
dummy,null_01628,1776,1440
dummy,null_01629,1824,1440
dummy,null_01630,1872,1440
dummy,null_01631,1920,1440
dummy,null_01632,1968,1440
dummy,null_01633,2016,1440
dummy,null_01634,2064,1440
dummy,null_01635,2112,1440
dummy,null_01636,2160,1440
dummy,null_01637,2208,1440
dummy,null_01638,2256,1440
dummy,null_01639,2304,1440
dummy,null_01640,2352,1440
dummy,null_01641,2400,1440
dummy,null_01642,2448,1440
dummy,null_01643,2496,1440
dummy,null_01644,0,1488
dummy,null_01645,48,1488
dummy,null_01646,96,1488
dummy,null_01647,144,1488
dummy,null_01648,192,1488
dummy,null_01649,240,1488
dummy,null_01650,288,1488
dummy,null_01651,336,1488
dummy,null_01652,384,1488
dummy,null_01653,432,1488
dummy,null_01654,480,1488
dummy,null_01655,528,1488
dummy,null_01656,576,1488
dummy,null_01657,624,1488
dummy,null_01658,672,1488
dummy,null_01659,720,1488
dummy,null_01660,768,1488
dummy,null_01661,816,1488
dummy,null_01662,864,1488
dummy,null_01663,912,1488
dummy,null_01664,960,1488
dummy,null_01665,1008,1488
dummy,null_01666,1056,1488
dummy,null_01667,1104,1488
dummy,null_01668,1152,1488
dummy,null_01669,1200,1488
dummy,null_01670,1248,1488
dummy,null_01671,1296,1488
dummy,null_01672,1344,1488
dummy,null_01673,1392,1488
dummy,null_01674,1440,1488
dummy,null_01675,1488,1488
dummy,null_01676,1536,1488
dummy,null_01677,1584,1488
dummy,null_01678,1632,1488
dummy,null_01679,1680,1488
dummy,null_01680,1728,1488
dummy,null_01681,1776,1488
dummy,null_01682,1824,1488
dummy,null_01683,1872,1488
dummy,null_01684,1920,1488
dummy,null_01685,1968,1488
dummy,null_01686,2016,1488
dummy,null_01687,2064,1488
dummy,null_01688,2112,1488
dummy,null_01689,2160,1488
dummy,null_01690,2208,1488
dummy,null_01691,2256,1488
dummy,null_01692,2304,1488
dummy,null_01693,2352,1488
dummy,null_01694,2400,1488
dummy,null_01695,2448,1488
dummy,null_01696,2496,1488
dummy,null_01697,0,1536
dummy,null_01698,48,1536
dummy,null_01699,96,1536
dummy,null_01700,144,1536
dummy,null_01701,192,1536
dummy,null_01702,240,1536
dummy,null_01703,288,1536
dummy,null_01704,336,1536
dummy,null_01705,384,1536
dummy,null_01706,432,1536
dummy,null_01707,480,1536
dummy,null_01708,528,1536
dummy,null_01709,576,1536
dummy,null_01710,624,1536
dummy,null_01711,672,1536
dummy,null_01712,720,1536
dummy,null_01713,768,1536
dummy,null_01714,816,1536
dummy,null_01715,864,1536
dummy,null_01716,912,1536
dummy,null_01717,960,1536
dummy,null_01718,1008,1536
dummy,null_01719,1056,1536
dummy,null_01720,1104,1536
dummy,null_01721,1152,1536
dummy,null_01722,1200,1536
dummy,null_01723,1248,1536
dummy,null_01724,1296,1536
dummy,null_01725,1344,1536
dummy,null_01726,1392,1536
dummy,null_01727,1440,1536
dummy,null_01728,1488,1536
dummy,null_01729,1536,1536
dummy,null_01730,1584,1536
dummy,null_01731,1632,1536
dummy,null_01732,1680,1536
dummy,null_01733,1728,1536
dummy,null_01734,1776,1536
dummy,null_01735,1824,1536
dummy,null_01736,1872,1536
dummy,null_01737,1920,1536
dummy,null_01738,1968,1536
dummy,null_01739,2016,1536
dummy,null_01740,2064,1536
dummy,null_01741,2112,1536
dummy,null_01742,2160,1536
dummy,null_01743,2208,1536
dummy,null_01744,2256,1536
dummy,null_01745,2304,1536
dummy,null_01746,2352,1536
dummy,null_01747,2400,1536
dummy,null_01748,2448,1536
dummy,null_01749,2496,1536
dummy,null_01750,0,1584
dummy,null_01751,48,1584
dummy,null_01752,96,1584
dummy,null_01753,144,1584
dummy,null_01754,192,1584
dummy,null_01755,240,1584
dummy,null_01756,288,1584
dummy,null_01757,336,1584
dummy,null_01758,384,1584
dummy,null_01759,432,1584
dummy,null_01760,480,1584
dummy,null_01761,528,1584
dummy,null_01762,576,1584
dummy,null_01763,624,1584
dummy,null_01764,672,1584
dummy,null_01765,720,1584
dummy,null_01766,768,1584
dummy,null_01767,816,1584
dummy,null_01768,864,1584
dummy,null_01769,912,1584
dummy,null_01770,960,1584
dummy,null_01771,1008,1584
dummy,null_01772,1056,1584
dummy,null_01773,1104,1584
dummy,null_01774,1152,1584
dummy,null_01775,1200,1584
dummy,null_01776,1248,1584
dummy,null_01777,1296,1584
dummy,null_01778,1344,1584
dummy,null_01779,1392,1584
dummy,null_01780,1440,1584
dummy,null_01781,1488,1584
dummy,null_01782,1536,1584
dummy,null_01783,1584,1584
dummy,null_01784,1632,1584
dummy,null_01785,1680,1584
dummy,null_01786,1728,1584
dummy,null_01787,1776,1584
dummy,null_01788,1824,1584
dummy,null_01789,1872,1584
dummy,null_01790,1920,1584
dummy,null_01791,1968,1584
dummy,null_01792,2016,1584
dummy,null_01793,2064,1584
dummy,null_01794,2112,1584
dummy,null_01795,2160,1584
dummy,null_01796,2208,1584
dummy,null_01797,2256,1584
dummy,null_01798,2304,1584
dummy,null_01799,2352,1584
dummy,null_01800,2400,1584
dummy,null_01801,2448,1584
dummy,null_01802,2496,1584
dummy,null_01803,0,1632
dummy,null_01804,48,1632
dummy,null_01805,96,1632
dummy,null_01806,144,1632
dummy,null_01807,192,1632
dummy,null_01808,240,1632
dummy,null_01809,288,1632
dummy,null_01810,336,1632
dummy,null_01811,384,1632
dummy,null_01812,432,1632
dummy,null_01813,480,1632
dummy,null_01814,528,1632
dummy,null_01815,576,1632
dummy,null_01816,624,1632
dummy,null_01817,672,1632
dummy,null_01818,720,1632
dummy,null_01819,768,1632
dummy,null_01820,816,1632
dummy,null_01821,864,1632
dummy,null_01822,912,1632
dummy,null_01823,960,1632
dummy,null_01824,1008,1632
dummy,null_01825,1056,1632
dummy,null_01826,1104,1632
dummy,null_01827,1152,1632
dummy,null_01828,1200,1632
dummy,null_01829,1248,1632
dummy,null_01830,1296,1632
dummy,null_01831,1344,1632
dummy,null_01832,1392,1632
dummy,null_01833,1440,1632
dummy,null_01834,1488,1632
dummy,null_01835,1536,1632
dummy,null_01836,1584,1632
dummy,null_01837,1632,1632
dummy,null_01838,1680,1632
dummy,null_01839,1728,1632
dummy,null_01840,1776,1632
dummy,null_01841,1824,1632
dummy,null_01842,1872,1632
dummy,null_01843,1920,1632
dummy,null_01844,1968,1632
dummy,null_01845,2016,1632
dummy,null_01846,2064,1632
dummy,null_01847,2112,1632
dummy,null_01848,2160,1632
dummy,null_01849,2208,1632
dummy,null_01850,2256,1632
dummy,null_01851,2304,1632
dummy,null_01852,2352,1632
dummy,null_01853,2400,1632
dummy,null_01854,2448,1632
dummy,null_01855,2496,1632
dummy,null_01856,0,1680
dummy,null_01857,48,1680
dummy,null_01858,96,1680
dummy,null_01859,144,1680
dummy,null_01860,192,1680
dummy,null_01861,240,1680
dummy,null_01862,288,1680
dummy,null_01863,336,1680
dummy,null_01864,384,1680
dummy,null_01865,432,1680
dummy,null_01866,480,1680
dummy,null_01867,528,1680
dummy,null_01868,576,1680
dummy,null_01869,624,1680
dummy,null_01870,672,1680
dummy,null_01871,720,1680
dummy,null_01872,768,1680
dummy,null_01873,816,1680
dummy,null_01874,864,1680
dummy,null_01875,912,1680
dummy,null_01876,960,1680
dummy,null_01877,1008,1680
dummy,null_01878,1056,1680
dummy,null_01879,1104,1680
dummy,null_01880,1152,1680
dummy,null_01881,1200,1680
dummy,null_01882,1248,1680
dummy,null_01883,1296,1680
dummy,null_01884,1344,1680
dummy,null_01885,1392,1680
dummy,null_01886,1440,1680
dummy,null_01887,1488,1680
dummy,null_01888,1536,1680
dummy,null_01889,1584,1680
dummy,null_01890,1632,1680
dummy,null_01891,1680,1680
dummy,null_01892,1728,1680
dummy,null_01893,1776,1680
dummy,null_01894,1824,1680
dummy,null_01895,1872,1680
dummy,null_01896,1920,1680
dummy,null_01897,1968,1680
dummy,null_01898,2016,1680
dummy,null_01899,2064,1680
dummy,null_01900,2112,1680
dummy,null_01901,2160,1680
dummy,null_01902,2208,1680
dummy,null_01903,2256,1680
dummy,null_01904,2304,1680
dummy,null_01905,2352,1680
dummy,null_01906,2400,1680
dummy,null_01907,2448,1680
dummy,null_01908,2496,1680
dummy,null_01909,0,1728
dummy,null_01910,48,1728
dummy,null_01911,96,1728
dummy,null_01912,144,1728
dummy,null_01913,192,1728
dummy,null_01914,240,1728
dummy,null_01915,288,1728
dummy,null_01916,336,1728
dummy,null_01917,384,1728
dummy,null_01918,432,1728
dummy,null_01919,480,1728
dummy,null_01920,528,1728
dummy,null_01921,576,1728
dummy,null_01922,624,1728
dummy,null_01923,672,1728
dummy,null_01924,720,1728
dummy,null_01925,768,1728
dummy,null_01926,816,1728
dummy,null_01927,864,1728
dummy,null_01928,912,1728
dummy,null_01929,960,1728
dummy,null_01930,1008,1728
dummy,null_01931,1056,1728
dummy,null_01932,1104,1728
dummy,null_01933,1152,1728
dummy,null_01934,1200,1728
dummy,null_01935,1248,1728
dummy,null_01936,1296,1728
dummy,null_01937,1344,1728
dummy,null_01938,1392,1728
dummy,null_01939,1440,1728
dummy,null_01940,1488,1728
dummy,null_01941,1536,1728
dummy,null_01942,1584,1728
dummy,null_01943,1632,1728
dummy,null_01944,1680,1728
dummy,null_01945,1728,1728
dummy,null_01946,1776,1728
dummy,null_01947,1824,1728
dummy,null_01948,1872,1728
dummy,null_01949,1920,1728
dummy,null_01950,1968,1728
dummy,null_01951,2016,1728
dummy,null_01952,2064,1728
dummy,null_01953,2112,1728
dummy,null_01954,2160,1728
dummy,null_01955,2208,1728
dummy,null_01956,2256,1728
dummy,null_01957,2304,1728
dummy,null_01958,2352,1728
dummy,null_01959,2400,1728
dummy,null_01960,2448,1728
dummy,null_01961,2496,1728
dummy,null_01962,0,1776
dummy,null_01963,48,1776
dummy,null_01964,96,1776
dummy,null_01965,144,1776
dummy,null_01966,192,1776
dummy,null_01967,240,1776
dummy,null_01968,288,1776
dummy,null_01969,336,1776
dummy,null_01970,384,1776
dummy,null_01971,432,1776
dummy,null_01972,480,1776
dummy,null_01973,528,1776
dummy,null_01974,576,1776
dummy,null_01975,624,1776
dummy,null_01976,672,1776
dummy,null_01977,720,1776
dummy,null_01978,768,1776
dummy,null_01979,816,1776
dummy,null_01980,864,1776
dummy,null_01981,912,1776
dummy,null_01982,960,1776
dummy,null_01983,1008,1776
dummy,null_01984,1056,1776
dummy,null_01985,1104,1776
dummy,null_01986,1152,1776
dummy,null_01987,1200,1776
dummy,null_01988,1248,1776
dummy,null_01989,1296,1776
dummy,null_01990,1344,1776
dummy,null_01991,1392,1776
dummy,null_01992,1440,1776
dummy,null_01993,1488,1776
dummy,null_01994,1536,1776
dummy,null_01995,1584,1776
dummy,null_01996,1632,1776
dummy,null_01997,1680,1776
dummy,null_01998,1728,1776
dummy,null_01999,1776,1776
dummy,null_02000,1824,1776
dummy,null_02001,1872,1776
dummy,null_02002,1920,1776
dummy,null_02003,1968,1776
dummy,null_02004,2016,1776
dummy,null_02005,2064,1776
dummy,null_02006,2112,1776
dummy,null_02007,2160,1776
dummy,null_02008,2208,1776
dummy,null_02009,2256,1776
dummy,null_02010,2304,1776
dummy,null_02011,2352,1776
dummy,null_02012,2400,1776
dummy,null_02013,2448,1776
dummy,null_02014,2496,1776
dummy,null_02015,0,1824
dummy,null_02016,48,1824
dummy,null_02017,96,1824
dummy,null_02018,144,1824
dummy,null_02019,192,1824
dummy,null_02020,240,1824
dummy,null_02021,288,1824
dummy,null_02022,336,1824
dummy,null_02023,384,1824
dummy,null_02024,432,1824
dummy,null_02025,480,1824
dummy,null_02026,528,1824
dummy,null_02027,576,1824
dummy,null_02028,624,1824
dummy,null_02029,672,1824
dummy,null_02030,720,1824
dummy,null_02031,768,1824
dummy,null_02032,816,1824
dummy,null_02033,864,1824
dummy,null_02034,912,1824
dummy,null_02035,960,1824
dummy,null_02036,1008,1824
dummy,null_02037,1056,1824
dummy,null_02038,1104,1824
dummy,null_02039,1152,1824
dummy,null_02040,1200,1824
dummy,null_02041,1248,1824
dummy,null_02042,1296,1824
dummy,null_02043,1344,1824
dummy,null_02044,1392,1824
dummy,null_02045,1440,1824
dummy,null_02046,1488,1824
dummy,null_02047,1536,1824
dummy,null_02048,1584,1824
dummy,null_02049,1632,1824
dummy,null_02050,1680,1824
dummy,null_02051,1728,1824
dummy,null_02052,1776,1824
dummy,null_02053,1824,1824
dummy,null_02054,1872,1824
dummy,null_02055,1920,1824
dummy,null_02056,1968,1824
dummy,null_02057,2016,1824
dummy,null_02058,2064,1824
dummy,null_02059,2112,1824
dummy,null_02060,2160,1824
dummy,null_02061,2208,1824
dummy,null_02062,2256,1824
dummy,null_02063,2304,1824
dummy,null_02064,2352,1824
dummy,null_02065,2400,1824
dummy,null_02066,2448,1824
dummy,null_02067,2496,1824
dummy,null_02068,0,1872
dummy,null_02069,48,1872
dummy,null_02070,96,1872
dummy,null_02071,144,1872
dummy,null_02072,192,1872
dummy,null_02073,240,1872
dummy,null_02074,288,1872
dummy,null_02075,336,1872
dummy,null_02076,384,1872
dummy,null_02077,432,1872
dummy,null_02078,480,1872
dummy,null_02079,528,1872
dummy,null_02080,576,1872
dummy,null_02081,624,1872
dummy,null_02082,672,1872
dummy,null_02083,720,1872
dummy,null_02084,768,1872
dummy,null_02085,816,1872
dummy,null_02086,864,1872
dummy,null_02087,912,1872
dummy,null_02088,960,1872
dummy,null_02089,1008,1872
dummy,null_02090,1056,1872
dummy,null_02091,1104,1872
dummy,null_02092,1152,1872
dummy,null_02093,1200,1872
dummy,null_02094,1248,1872
dummy,null_02095,1296,1872
dummy,null_02096,1344,1872
dummy,null_02097,1392,1872
dummy,null_02098,1440,1872
dummy,null_02099,1488,1872
dummy,null_02100,1536,1872
dummy,null_02101,1584,1872
dummy,null_02102,1632,1872
dummy,null_02103,1680,1872
dummy,null_02104,1728,1872
dummy,null_02105,1776,1872
dummy,null_02106,1824,1872
dummy,null_02107,1872,1872
dummy,null_02108,1920,1872
dummy,null_02109,1968,1872
dummy,null_02110,2016,1872
dummy,null_02111,2064,1872
dummy,null_02112,2112,1872
dummy,null_02113,2160,1872
dummy,null_02114,2208,1872
dummy,null_02115,2256,1872
dummy,null_02116,2304,1872
dummy,null_02117,2352,1872
dummy,null_02118,2400,1872
dummy,null_02119,2448,1872
dummy,null_02120,2496,1872
dummy,null_02121,0,1920
dummy,null_02122,48,1920
dummy,null_02123,96,1920
dummy,null_02124,144,1920
dummy,null_02125,192,1920
dummy,null_02126,240,1920
dummy,null_02127,288,1920
dummy,null_02128,336,1920
dummy,null_02129,384,1920
dummy,null_02130,432,1920
dummy,null_02131,480,1920
dummy,null_02132,528,1920
dummy,null_02133,576,1920
dummy,null_02134,624,1920
dummy,null_02135,672,1920
dummy,null_02136,720,1920
dummy,null_02137,768,1920
dummy,null_02138,816,1920
dummy,null_02139,864,1920
dummy,null_02140,912,1920
dummy,null_02141,960,1920
dummy,null_02142,1008,1920
dummy,null_02143,1056,1920
dummy,null_02144,1104,1920
dummy,null_02145,1152,1920
dummy,null_02146,1200,1920
dummy,null_02147,1248,1920
dummy,null_02148,1296,1920
dummy,null_02149,1344,1920
dummy,null_02150,1392,1920
dummy,null_02151,1440,1920
dummy,null_02152,1488,1920
dummy,null_02153,1536,1920
dummy,null_02154,1584,1920
dummy,null_02155,1632,1920
dummy,null_02156,1680,1920
dummy,null_02157,1728,1920
dummy,null_02158,1776,1920
dummy,null_02159,1824,1920
dummy,null_02160,1872,1920
dummy,null_02161,1920,1920
dummy,null_02162,1968,1920
dummy,null_02163,2016,1920
dummy,null_02164,2064,1920
dummy,null_02165,2112,1920
dummy,null_02166,2160,1920
dummy,null_02167,2208,1920
dummy,null_02168,2256,1920
dummy,null_02169,2304,1920
dummy,null_02170,2352,1920
dummy,null_02171,2400,1920
dummy,null_02172,2448,1920
dummy,null_02173,2496,1920
dummy,null_02174,0,1968
dummy,null_02175,48,1968
dummy,null_02176,96,1968
dummy,null_02177,144,1968
dummy,null_02178,192,1968
dummy,null_02179,240,1968
dummy,null_02180,288,1968
dummy,null_02181,336,1968
dummy,null_02182,384,1968
dummy,null_02183,432,1968
dummy,null_02184,480,1968
dummy,null_02185,528,1968
dummy,null_02186,576,1968
dummy,null_02187,624,1968
dummy,null_02188,672,1968
dummy,null_02189,720,1968
dummy,null_02190,768,1968
dummy,null_02191,816,1968
dummy,null_02192,864,1968
dummy,null_02193,912,1968
dummy,null_02194,960,1968
dummy,null_02195,1008,1968
dummy,null_02196,1056,1968
dummy,null_02197,1104,1968
dummy,null_02198,1152,1968
dummy,null_02199,1200,1968
dummy,null_02200,1248,1968
dummy,null_02201,1296,1968
dummy,null_02202,1344,1968
dummy,null_02203,1392,1968
dummy,null_02204,1440,1968
dummy,null_02205,1488,1968
dummy,null_02206,1536,1968
dummy,null_02207,1584,1968
dummy,null_02208,1632,1968
dummy,null_02209,1680,1968
dummy,null_02210,1728,1968
dummy,null_02211,1776,1968
dummy,null_02212,1824,1968
dummy,null_02213,1872,1968
dummy,null_02214,1920,1968
dummy,null_02215,1968,1968
dummy,null_02216,2016,1968
dummy,null_02217,2064,1968
dummy,null_02218,2112,1968
dummy,null_02219,2160,1968
dummy,null_02220,2208,1968
dummy,null_02221,2256,1968
dummy,null_02222,2304,1968
dummy,null_02223,2352,1968
dummy,null_02224,2400,1968
dummy,null_02225,2448,1968
dummy,null_02226,2496,1968
dummy,null_02227,0,2016
dummy,null_02228,48,2016
dummy,null_02229,96,2016
dummy,null_02230,144,2016
dummy,null_02231,192,2016
dummy,null_02232,240,2016
dummy,null_02233,288,2016
dummy,null_02234,336,2016
dummy,null_02235,384,2016
dummy,null_02236,432,2016
dummy,null_02237,480,2016
dummy,null_02238,528,2016
dummy,null_02239,576,2016
dummy,null_02240,624,2016
dummy,null_02241,672,2016
dummy,null_02242,720,2016
dummy,null_02243,816,2016
dummy,null_02244,912,2016
dummy,null_02245,960,2016
dummy,null_02246,1008,2016
dummy,null_02247,1056,2016
dummy,null_02248,1104,2016
dummy,null_02249,1152,2016
dummy,null_02250,1200,2016
dummy,null_02251,1248,2016
dummy,null_02252,1296,2016
dummy,null_02253,1344,2016
dummy,null_02254,1392,2016
dummy,null_02255,1440,2016
dummy,null_02256,1488,2016
dummy,null_02257,1536,2016
dummy,null_02258,1584,2016
dummy,null_02259,1632,2016
dummy,null_02260,1680,2016
dummy,null_02261,1728,2016
dummy,null_02262,1776,2016
dummy,null_02263,1824,2016
dummy,null_02264,1872,2016
dummy,null_02265,1920,2016
dummy,null_02266,1968,2016
dummy,null_02267,2016,2016
dummy,null_02268,2064,2016
dummy,null_02269,2112,2016
dummy,null_02270,2160,2016
dummy,null_02271,2208,2016
dummy,null_02272,2256,2016
dummy,null_02273,2304,2016
dummy,null_02274,2352,2016
dummy,null_02275,2400,2016
dummy,null_02276,2448,2016
dummy,null_02277,2496,2016
dummy,null_02278,0,2064
dummy,null_02279,48,2064
dummy,null_02280,96,2064
dummy,null_02281,144,2064
dummy,null_02282,192,2064
dummy,null_02283,240,2064
dummy,null_02284,288,2064
dummy,null_02285,336,2064
dummy,null_02286,384,2064
dummy,null_02287,432,2064
dummy,null_02288,480,2064
dummy,null_02289,528,2064
dummy,null_02290,576,2064
dummy,null_02291,624,2064
dummy,null_02292,672,2064
dummy,null_02293,720,2064
dummy,null_02294,768,2064
dummy,null_02295,864,2064
dummy,null_02296,912,2064
dummy,null_02297,960,2064
dummy,null_02298,1008,2064
dummy,null_02299,1056,2064
dummy,null_02300,1104,2064
dummy,null_02301,1152,2064
dummy,null_02302,1200,2064
dummy,null_02303,1248,2064
dummy,null_02304,1296,2064
dummy,null_02305,1344,2064
dummy,null_02306,1392,2064
dummy,null_02307,1440,2064
dummy,null_02308,1488,2064
dummy,null_02309,1536,2064
dummy,null_02310,1584,2064
dummy,null_02311,1632,2064
dummy,null_02312,1680,2064
dummy,null_02313,1728,2064
dummy,null_02314,1776,2064
dummy,null_02315,1824,2064
dummy,null_02316,1872,2064
dummy,null_02317,1920,2064
dummy,null_02318,1968,2064
dummy,null_02319,2016,2064
dummy,null_02320,2064,2064
dummy,null_02321,2112,2064
dummy,null_02322,2160,2064
dummy,null_02323,2208,2064
dummy,null_02324,2256,2064
dummy,null_02325,2304,2064
dummy,null_02326,2352,2064
dummy,null_02327,2400,2064
dummy,null_02328,2448,2064
dummy,null_02329,2496,2064
dummy,null_02330,0,2112
dummy,null_02331,48,2112
dummy,null_02332,96,2112
dummy,null_02333,144,2112
dummy,null_02334,192,2112
dummy,null_02335,240,2112
dummy,null_02336,288,2112
dummy,null_02337,336,2112
dummy,null_02338,384,2112
dummy,null_02339,432,2112
dummy,null_02340,480,2112
dummy,null_02341,528,2112
dummy,null_02342,576,2112
dummy,null_02343,624,2112
dummy,null_02344,672,2112
dummy,null_02345,720,2112
dummy,null_02346,816,2112
dummy,null_02347,912,2112
dummy,null_02348,960,2112
dummy,null_02349,1008,2112
dummy,null_02350,1056,2112
dummy,null_02351,1104,2112
dummy,null_02352,1152,2112
dummy,null_02353,1200,2112
dummy,null_02354,1248,2112
dummy,null_02355,1296,2112
dummy,null_02356,1344,2112
dummy,null_02357,1392,2112
dummy,null_02358,1440,2112
dummy,null_02359,1488,2112
dummy,null_02360,1536,2112
dummy,null_02361,1584,2112
dummy,null_02362,1632,2112
dummy,null_02363,1680,2112
dummy,null_02364,1728,2112
dummy,null_02365,1776,2112
dummy,null_02366,1824,2112
dummy,null_02367,1872,2112
dummy,null_02368,1920,2112
dummy,null_02369,1968,2112
dummy,null_02370,2016,2112
dummy,null_02371,2064,2112
dummy,null_02372,2112,2112
dummy,null_02373,2160,2112
dummy,null_02374,2208,2112
dummy,null_02375,2256,2112
dummy,null_02376,2304,2112
dummy,null_02377,2352,2112
dummy,null_02378,2400,2112
dummy,null_02379,2448,2112
dummy,null_02380,2496,2112
dummy,null_02381,0,2160
dummy,null_02382,48,2160
dummy,null_02383,96,2160
dummy,null_02384,144,2160
dummy,null_02385,192,2160
dummy,null_02386,240,2160
dummy,null_02387,288,2160
dummy,null_02388,336,2160
dummy,null_02389,384,2160
dummy,null_02390,432,2160
dummy,null_02391,480,2160
dummy,null_02392,528,2160
dummy,null_02393,576,2160
dummy,null_02394,624,2160
dummy,null_02395,672,2160
dummy,null_02396,720,2160
dummy,null_02397,768,2160
dummy,null_02398,864,2160
dummy,null_02399,912,2160
dummy,null_02400,960,2160
dummy,null_02401,1008,2160
dummy,null_02402,1056,2160
dummy,null_02403,1104,2160
dummy,null_02404,1152,2160
dummy,null_02405,1200,2160
dummy,null_02406,1248,2160
dummy,null_02407,1296,2160
dummy,null_02408,1344,2160
dummy,null_02409,1392,2160
dummy,null_02410,1440,2160
dummy,null_02411,1488,2160
dummy,null_02412,1536,2160
dummy,null_02413,1584,2160
dummy,null_02414,1632,2160
dummy,null_02415,1680,2160
dummy,null_02416,1728,2160
dummy,null_02417,1776,2160
dummy,null_02418,1824,2160
dummy,null_02419,1872,2160
dummy,null_02420,1920,2160
dummy,null_02421,1968,2160
dummy,null_02422,2016,2160
dummy,null_02423,2064,2160
dummy,null_02424,2112,2160
dummy,null_02425,2160,2160
dummy,null_02426,2208,2160
dummy,null_02427,2256,2160
dummy,null_02428,2304,2160
dummy,null_02429,2352,2160
dummy,null_02430,2400,2160
dummy,null_02431,2448,2160
dummy,null_02432,2496,2160
dummy,null_02433,0,2208
dummy,null_02434,48,2208
dummy,null_02435,96,2208
dummy,null_02436,144,2208
dummy,null_02437,192,2208
dummy,null_02438,240,2208
dummy,null_02439,288,2208
dummy,null_02440,384,2208
dummy,null_02441,480,2208
dummy,null_02442,576,2208
dummy,null_02443,624,2208
dummy,null_02444,672,2208
dummy,null_02445,720,2208
dummy,null_02446,816,2208
dummy,null_02447,912,2208
dummy,null_02448,960,2208
dummy,null_02449,1008,2208
dummy,null_02450,1056,2208
dummy,null_02451,1104,2208
dummy,null_02452,1152,2208
dummy,null_02453,1200,2208
dummy,null_02454,1248,2208
dummy,null_02455,1344,2208
dummy,null_02456,1440,2208
dummy,null_02457,1536,2208
dummy,null_02458,1584,2208
dummy,null_02459,1632,2208
dummy,null_02460,1680,2208
dummy,null_02461,1728,2208
dummy,null_02462,1776,2208
dummy,null_02463,1824,2208
dummy,null_02464,1872,2208
dummy,null_02465,1920,2208
dummy,null_02466,1968,2208
dummy,null_02467,2016,2208
dummy,null_02468,2064,2208
dummy,null_02469,2112,2208
dummy,null_02470,2160,2208
dummy,null_02471,2208,2208
dummy,null_02472,2256,2208
dummy,null_02473,2304,2208
dummy,null_02474,2352,2208
dummy,null_02475,2400,2208
dummy,null_02476,2448,2208
dummy,null_02477,2496,2208
dummy,null_02478,0,2256
dummy,null_02479,48,2256
dummy,null_02480,96,2256
dummy,null_02481,144,2256
dummy,null_02482,192,2256
dummy,null_02483,240,2256
dummy,null_02484,288,2256
dummy,null_02485,336,2256
dummy,null_02486,432,2256
dummy,null_02487,528,2256
dummy,null_02488,576,2256
dummy,null_02489,624,2256
dummy,null_02490,672,2256
dummy,null_02491,720,2256
dummy,null_02492,768,2256
dummy,null_02493,864,2256
dummy,null_02494,912,2256
dummy,null_02495,960,2256
dummy,null_02496,1008,2256
dummy,null_02497,1056,2256
dummy,null_02498,1104,2256
dummy,null_02499,1152,2256
dummy,null_02500,1200,2256
dummy,null_02501,1248,2256
dummy,null_02502,1296,2256
dummy,null_02503,1392,2256
dummy,null_02504,1488,2256
dummy,null_02505,1536,2256
dummy,null_02506,1584,2256
dummy,null_02507,1632,2256
dummy,null_02508,1680,2256
dummy,null_02509,1728,2256
dummy,null_02510,1776,2256
dummy,null_02511,1824,2256
dummy,null_02512,1872,2256
dummy,null_02513,1920,2256
dummy,null_02514,1968,2256
dummy,null_02515,2016,2256
dummy,null_02516,2064,2256
dummy,null_02517,2112,2256
dummy,null_02518,2160,2256
dummy,null_02519,2208,2256
dummy,null_02520,2256,2256
dummy,null_02521,2304,2256
dummy,null_02522,2352,2256
dummy,null_02523,2400,2256
dummy,null_02524,2448,2256
dummy,null_02525,2496,2256
dummy,null_02526,0,2304
dummy,null_02527,48,2304
dummy,null_02528,96,2304
dummy,null_02529,144,2304
dummy,null_02530,192,2304
dummy,null_02531,240,2304
dummy,null_02532,288,2304
dummy,null_02533,384,2304
dummy,null_02534,480,2304
dummy,null_02535,576,2304
dummy,null_02536,624,2304
dummy,null_02537,672,2304
dummy,null_02538,720,2304
dummy,null_02539,816,2304
dummy,null_02540,912,2304
dummy,null_02541,960,2304
dummy,null_02542,1008,2304
dummy,null_02543,1056,2304
dummy,null_02544,1104,2304
dummy,null_02545,1152,2304
dummy,null_02546,1200,2304
dummy,null_02547,1248,2304
dummy,null_02548,1344,2304
dummy,null_02549,1440,2304
dummy,null_02550,1536,2304
dummy,null_02551,1584,2304
dummy,null_02552,1632,2304
dummy,null_02553,1680,2304
dummy,null_02554,1728,2304
dummy,null_02555,1776,2304
dummy,null_02556,1824,2304
dummy,null_02557,1920,2304
dummy,null_02558,2016,2304
dummy,null_02559,2112,2304
dummy,null_02560,2208,2304
dummy,null_02561,2256,2304
dummy,null_02562,2304,2304
dummy,null_02563,2352,2304
dummy,null_02564,2400,2304
dummy,null_02565,2448,2304
dummy,null_02566,2496,2304
dummy,null_02567,0,2352
dummy,null_02568,48,2352
dummy,null_02569,96,2352
dummy,null_02570,144,2352
dummy,null_02571,192,2352
dummy,null_02572,240,2352
dummy,null_02573,288,2352
dummy,null_02574,336,2352
dummy,null_02575,432,2352
dummy,null_02576,528,2352
dummy,null_02577,576,2352
dummy,null_02578,624,2352
dummy,null_02579,672,2352
dummy,null_02580,720,2352
dummy,null_02581,768,2352
dummy,null_02582,864,2352
dummy,null_02583,912,2352
dummy,null_02584,960,2352
dummy,null_02585,1008,2352
dummy,null_02586,1056,2352
dummy,null_02587,1104,2352
dummy,null_02588,1152,2352
dummy,null_02589,1200,2352
dummy,null_02590,1248,2352
dummy,null_02591,1296,2352
dummy,null_02592,1392,2352
dummy,null_02593,1488,2352
dummy,null_02594,1536,2352
dummy,null_02595,1584,2352
dummy,null_02596,1632,2352
dummy,null_02597,1680,2352
dummy,null_02598,1728,2352
dummy,null_02599,1776,2352
dummy,null_02600,1824,2352
dummy,null_02601,1872,2352
dummy,null_02602,1968,2352
dummy,null_02603,2064,2352
dummy,null_02604,2160,2352
dummy,null_02605,2208,2352
dummy,null_02606,2256,2352
dummy,null_02607,2304,2352
dummy,null_02608,2352,2352
dummy,null_02609,2400,2352
dummy,null_02610,2448,2352
dummy,null_02611,2496,2352
dummy,null_02612,0,2400
dummy,null_02613,48,2400
dummy,null_02614,96,2400
dummy,null_02615,144,2400
dummy,null_02616,192,2400
dummy,null_02617,240,2400
dummy,null_02618,288,2400
dummy,null_02619,384,2400
dummy,null_02620,480,2400
dummy,null_02621,576,2400
dummy,null_02622,624,2400
dummy,null_02623,672,2400
dummy,null_02624,720,2400
dummy,null_02625,816,2400
dummy,null_02626,912,2400
dummy,null_02627,960,2400
dummy,null_02628,1008,2400
dummy,null_02629,1056,2400
dummy,null_02630,1104,2400
dummy,null_02631,1152,2400
dummy,null_02632,1200,2400
dummy,null_02633,1248,2400
dummy,null_02634,1344,2400
dummy,null_02635,1440,2400
dummy,null_02636,1536,2400
dummy,null_02637,1584,2400
dummy,null_02638,1632,2400
dummy,null_02639,1680,2400
dummy,null_02640,1728,2400
dummy,null_02641,1776,2400
dummy,null_02642,1824,2400
dummy,null_02643,1920,2400
dummy,null_02644,2016,2400
dummy,null_02645,2112,2400
dummy,null_02646,2208,2400
dummy,null_02647,2256,2400
dummy,null_02648,2304,2400
dummy,null_02649,2352,2400
dummy,null_02650,2400,2400
dummy,null_02651,2448,2400
dummy,null_02652,2496,2400
dummy,null_02653,0,2448
dummy,null_02654,48,2448
dummy,null_02655,96,2448
dummy,null_02656,144,2448
dummy,null_02657,192,2448
dummy,null_02658,240,2448
dummy,null_02659,288,2448
dummy,null_02660,336,2448
dummy,null_02661,432,2448
dummy,null_02662,528,2448
dummy,null_02663,576,2448
dummy,null_02664,624,2448
dummy,null_02665,672,2448
dummy,null_02666,720,2448
dummy,null_02667,768,2448
dummy,null_02668,864,2448
dummy,null_02669,912,2448
dummy,null_02670,960,2448
dummy,null_02671,1008,2448
dummy,null_02672,1056,2448
dummy,null_02673,1104,2448
dummy,null_02674,1152,2448
dummy,null_02675,1200,2448
dummy,null_02676,1248,2448
dummy,null_02677,1296,2448
dummy,null_02678,1392,2448
dummy,null_02679,1488,2448
dummy,null_02680,1536,2448
dummy,null_02681,1584,2448
dummy,null_02682,1632,2448
dummy,null_02683,1680,2448
dummy,null_02684,1728,2448
dummy,null_02685,1776,2448
dummy,null_02686,1824,2448
dummy,null_02687,1872,2448
dummy,null_02688,1968,2448
dummy,null_02689,2064,2448
dummy,null_02690,2160,2448
dummy,null_02691,2208,2448
dummy,null_02692,2256,2448
dummy,null_02693,2304,2448
dummy,null_02694,2352,2448
dummy,null_02695,2400,2448
dummy,null_02696,2448,2448
dummy,null_02697,2496,2448
dummy,null_02698,0,2496
dummy,null_02699,48,2496
dummy,null_02700,96,2496
dummy,null_02701,144,2496
dummy,null_02702,192,2496
dummy,null_02703,240,2496
dummy,null_02704,288,2496
dummy,null_02705,384,2496
dummy,null_02706,480,2496
dummy,null_02707,576,2496
dummy,null_02708,624,2496
dummy,null_02709,672,2496
dummy,null_02710,720,2496
dummy,null_02711,816,2496
dummy,null_02712,912,2496
dummy,null_02713,960,2496
dummy,null_02714,1008,2496
dummy,null_02715,1056,2496
dummy,null_02716,1104,2496
dummy,null_02717,1152,2496
dummy,null_02718,1200,2496
dummy,null_02719,1248,2496
dummy,null_02720,1344,2496
dummy,null_02721,1440,2496
dummy,null_02722,1536,2496
dummy,null_02723,1584,2496
dummy,null_02724,1632,2496
dummy,null_02725,1680,2496
dummy,null_02726,1728,2496
dummy,null_02727,1776,2496
dummy,null_02728,1824,2496
dummy,null_02729,1920,2496
dummy,null_02730,2016,2496
dummy,null_02731,2112,2496
dummy,null_02732,2208,2496
dummy,null_02733,2256,2496
dummy,null_02734,2304,2496
dummy,null_02735,2352,2496
dummy,null_02736,2400,2496
dummy,null_02737,2448,2496
dummy,null_02738,2496,2496
dummy,null_02739,0,2544
dummy,null_02740,48,2544
dummy,null_02741,96,2544
dummy,null_02742,144,2544
dummy,null_02743,192,2544
dummy,null_02744,240,2544
dummy,null_02745,288,2544
dummy,null_02746,336,2544
dummy,null_02747,432,2544
dummy,null_02748,528,2544
dummy,null_02749,576,2544
dummy,null_02750,624,2544
dummy,null_02751,672,2544
dummy,null_02752,720,2544
dummy,null_02753,768,2544
dummy,null_02754,864,2544
dummy,null_02755,912,2544
dummy,null_02756,960,2544
dummy,null_02757,1008,2544
dummy,null_02758,1056,2544
dummy,null_02759,1104,2544
dummy,null_02760,1152,2544
dummy,null_02761,1200,2544
dummy,null_02762,1248,2544
dummy,null_02763,1296,2544
dummy,null_02764,1392,2544
dummy,null_02765,1488,2544
dummy,null_02766,1536,2544
dummy,null_02767,1584,2544
dummy,null_02768,1632,2544
dummy,null_02769,1680,2544
dummy,null_02770,1728,2544
dummy,null_02771,1776,2544
dummy,null_02772,1824,2544
dummy,null_02773,1872,2544
dummy,null_02774,1968,2544
dummy,null_02775,2064,2544
dummy,null_02776,2160,2544
dummy,null_02777,2208,2544
dummy,null_02778,2256,2544
dummy,null_02779,2304,2544
dummy,null_02780,2352,2544
dummy,null_02781,2400,2544
dummy,null_02782,2448,2544
dummy,null_02783,2496,2544
dummy,null_02784,0,2592
dummy,null_02785,48,2592
dummy,null_02786,96,2592
dummy,null_02787,144,2592
dummy,null_02788,192,2592
dummy,null_02789,240,2592
dummy,null_02790,288,2592
dummy,null_02791,384,2592
dummy,null_02792,480,2592
dummy,null_02793,576,2592
dummy,null_02794,624,2592
dummy,null_02795,672,2592
dummy,null_02796,720,2592
dummy,null_02797,816,2592
dummy,null_02798,912,2592
dummy,null_02799,960,2592
dummy,null_02800,1008,2592
dummy,null_02801,1056,2592
dummy,null_02802,1104,2592
dummy,null_02803,1152,2592
dummy,null_02804,1200,2592
dummy,null_02805,1248,2592
dummy,null_02806,1344,2592
dummy,null_02807,1440,2592
dummy,null_02808,1536,2592
dummy,null_02809,1584,2592
dummy,null_02810,1632,2592
dummy,null_02811,1680,2592
dummy,null_02812,1728,2592
dummy,null_02813,1776,2592
dummy,null_02814,1824,2592
dummy,null_02815,1920,2592
dummy,null_02816,2016,2592
dummy,null_02817,2112,2592
dummy,null_02818,2208,2592
dummy,null_02819,2256,2592
dummy,null_02820,2304,2592
dummy,null_02821,2352,2592
dummy,null_02822,2400,2592
dummy,null_02823,2448,2592
dummy,null_02824,2496,2592
dummy,null_02825,0,2640
dummy,null_02826,48,2640
dummy,null_02827,96,2640
dummy,null_02828,144,2640
dummy,null_02829,192,2640
dummy,null_02830,240,2640
dummy,null_02831,288,2640
dummy,null_02832,336,2640
dummy,null_02833,432,2640
dummy,null_02834,528,2640
dummy,null_02835,576,2640
dummy,null_02836,624,2640
dummy,null_02837,672,2640
dummy,null_02838,720,2640
dummy,null_02839,768,2640
dummy,null_02840,864,2640
dummy,null_02841,912,2640
dummy,null_02842,960,2640
dummy,null_02843,1008,2640
dummy,null_02844,1056,2640
dummy,null_02845,1104,2640
dummy,null_02846,1152,2640
dummy,null_02847,1200,2640
dummy,null_02848,1248,2640
dummy,null_02849,1296,2640
dummy,null_02850,1392,2640
dummy,null_02851,1488,2640
dummy,null_02852,1536,2640
dummy,null_02853,1584,2640
dummy,null_02854,1632,2640
dummy,null_02855,1680,2640
dummy,null_02856,1728,2640
dummy,null_02857,1776,2640
dummy,null_02858,1824,2640
dummy,null_02859,1872,2640
dummy,null_02860,1920,2640
dummy,null_02861,1968,2640
dummy,null_02862,2016,2640
dummy,null_02863,2064,2640
dummy,null_02864,2112,2640
dummy,null_02865,2160,2640
dummy,null_02866,2208,2640
dummy,null_02867,2256,2640
dummy,null_02868,2304,2640
dummy,null_02869,2352,2640
dummy,null_02870,2400,2640
dummy,null_02871,2448,2640
dummy,null_02872,2496,2640
dummy,null_02873,0,2688
dummy,null_02874,48,2688
dummy,null_02875,96,2688
dummy,null_02876,144,2688
dummy,null_02877,192,2688
dummy,null_02878,240,2688
dummy,null_02879,288,2688
dummy,null_02880,336,2688
dummy,null_02881,384,2688
dummy,null_02882,432,2688
dummy,null_02883,480,2688
dummy,null_02884,528,2688
dummy,null_02885,576,2688
dummy,null_02886,624,2688
dummy,null_02887,672,2688
dummy,null_02888,720,2688
dummy,null_02889,816,2688
dummy,null_02890,912,2688
dummy,null_02891,960,2688
dummy,null_02892,1008,2688
dummy,null_02893,1056,2688
dummy,null_02894,1104,2688
dummy,null_02895,1152,2688
dummy,null_02896,1200,2688
dummy,null_02897,1248,2688
dummy,null_02898,1296,2688
dummy,null_02899,1344,2688
dummy,null_02900,1392,2688
dummy,null_02901,1440,2688
dummy,null_02902,1488,2688
dummy,null_02903,1536,2688
dummy,null_02904,1584,2688
dummy,null_02905,1632,2688
dummy,null_02906,1680,2688
dummy,null_02907,1728,2688
dummy,null_02908,1776,2688
dummy,null_02909,1824,2688
dummy,null_02910,1872,2688
dummy,null_02911,1920,2688
dummy,null_02912,1968,2688
dummy,null_02913,2016,2688
dummy,null_02914,2064,2688
dummy,null_02915,2112,2688
dummy,null_02916,2160,2688
dummy,null_02917,2208,2688
dummy,null_02918,2256,2688
dummy,null_02919,2304,2688
dummy,null_02920,2352,2688
dummy,null_02921,2400,2688
dummy,null_02922,2448,2688
dummy,null_02923,2496,2688
dummy,null_02924,0,2736
dummy,null_02925,48,2736
dummy,null_02926,96,2736
dummy,null_02927,144,2736
dummy,null_02928,192,2736
dummy,null_02929,240,2736
dummy,null_02930,288,2736
dummy,null_02931,336,2736
dummy,null_02932,384,2736
dummy,null_02933,432,2736
dummy,null_02934,480,2736
dummy,null_02935,528,2736
dummy,null_02936,576,2736
dummy,null_02937,624,2736
dummy,null_02938,672,2736
dummy,null_02939,720,2736
dummy,null_02940,768,2736
dummy,null_02941,864,2736
dummy,null_02942,912,2736
dummy,null_02943,960,2736
dummy,null_02944,1008,2736
dummy,null_02945,1056,2736
dummy,null_02946,1104,2736
dummy,null_02947,1152,2736
dummy,null_02948,1200,2736
dummy,null_02949,1248,2736
dummy,null_02950,1296,2736
dummy,null_02951,1344,2736
dummy,null_02952,1392,2736
dummy,null_02953,1440,2736
dummy,null_02954,1488,2736
dummy,null_02955,1536,2736
dummy,null_02956,1584,2736
dummy,null_02957,1632,2736
dummy,null_02958,1680,2736
dummy,null_02959,1728,2736
dummy,null_02960,1776,2736
dummy,null_02961,1824,2736
dummy,null_02962,1872,2736
dummy,null_02963,1920,2736
dummy,null_02964,1968,2736
dummy,null_02965,2016,2736
dummy,null_02966,2064,2736
dummy,null_02967,2112,2736
dummy,null_02968,2160,2736
dummy,null_02969,2208,2736
dummy,null_02970,2256,2736
dummy,null_02971,2304,2736
dummy,null_02972,2352,2736
dummy,null_02973,2400,2736
dummy,null_02974,2448,2736
dummy,null_02975,2496,2736
dummy,null_02976,0,2784
dummy,null_02977,48,2784
dummy,null_02978,96,2784
dummy,null_02979,144,2784
dummy,null_02980,192,2784
dummy,null_02981,240,2784
dummy,null_02982,288,2784
dummy,null_02983,336,2784
dummy,null_02984,384,2784
dummy,null_02985,432,2784
dummy,null_02986,480,2784
dummy,null_02987,528,2784
dummy,null_02988,576,2784
dummy,null_02989,624,2784
dummy,null_02990,672,2784
dummy,null_02991,720,2784
dummy,null_02992,816,2784
dummy,null_02993,864,2784
dummy,null_02994,912,2784
dummy,null_02995,960,2784
dummy,null_02996,1008,2784
dummy,null_02997,1056,2784
dummy,null_02998,1104,2784
dummy,null_02999,1152,2784
dummy,null_03000,1200,2784
dummy,null_03001,1248,2784
dummy,null_03002,1296,2784
dummy,null_03003,1344,2784
dummy,null_03004,1392,2784
dummy,null_03005,1440,2784
dummy,null_03006,1488,2784
dummy,null_03007,1536,2784
dummy,null_03008,1584,2784
dummy,null_03009,1632,2784
dummy,null_03010,1680,2784
dummy,null_03011,1728,2784
dummy,null_03012,1776,2784
dummy,null_03013,1824,2784
dummy,null_03014,1872,2784
dummy,null_03015,1920,2784
dummy,null_03016,1968,2784
dummy,null_03017,2016,2784
dummy,null_03018,2064,2784
dummy,null_03019,2112,2784
dummy,null_03020,2160,2784
dummy,null_03021,2208,2784
dummy,null_03022,2256,2784
dummy,null_03023,2304,2784
dummy,null_03024,2352,2784
dummy,null_03025,2400,2784
dummy,null_03026,2448,2784
dummy,null_03027,2496,2784
dummy,null_03028,0,2832
dummy,null_03029,48,2832
dummy,null_03030,96,2832
dummy,null_03031,144,2832
dummy,null_03032,192,2832
dummy,null_03033,240,2832
dummy,null_03034,288,2832
dummy,null_03035,336,2832
dummy,null_03036,384,2832
dummy,null_03037,432,2832
dummy,null_03038,480,2832
dummy,null_03039,528,2832
dummy,null_03040,576,2832
dummy,null_03041,624,2832
dummy,null_03042,672,2832
dummy,null_03043,720,2832
dummy,null_03044,768,2832
dummy,null_03045,816,2832
dummy,null_03046,864,2832
dummy,null_03047,912,2832
dummy,null_03048,960,2832
dummy,null_03049,1008,2832
dummy,null_03050,1056,2832
dummy,null_03051,1104,2832
dummy,null_03052,1152,2832
dummy,null_03053,1200,2832
dummy,null_03054,1248,2832
dummy,null_03055,1296,2832
dummy,null_03056,1344,2832
dummy,null_03057,1392,2832
dummy,null_03058,1440,2832
dummy,null_03059,1488,2832
dummy,null_03060,1536,2832
dummy,null_03061,1584,2832
dummy,null_03062,1632,2832
dummy,null_03063,1680,2832
dummy,null_03064,1728,2832
dummy,null_03065,1776,2832
dummy,null_03066,1824,2832
dummy,null_03067,1872,2832
dummy,null_03068,1920,2832
dummy,null_03069,1968,2832
dummy,null_03070,2016,2832
dummy,null_03071,2064,2832
dummy,null_03072,2112,2832
dummy,null_03073,2160,2832
dummy,null_03074,2208,2832
dummy,null_03075,2256,2832
dummy,null_03076,2304,2832
dummy,null_03077,2352,2832
dummy,null_03078,2400,2832
dummy,null_03079,2448,2832
dummy,null_03080,2496,2832
dummy,null_03081,0,2880
dummy,null_03082,48,2880
dummy,null_03083,96,2880
dummy,null_03084,144,2880
dummy,null_03085,192,2880
dummy,null_03086,240,2880
dummy,null_03087,288,2880
dummy,null_03088,336,2880
dummy,null_03089,384,2880
dummy,null_03090,432,2880
dummy,null_03091,480,2880
dummy,null_03092,528,2880
dummy,null_03093,576,2880
dummy,null_03094,624,2880
dummy,null_03095,672,2880
dummy,null_03096,720,2880
dummy,null_03097,768,2880
dummy,null_03098,816,2880
dummy,null_03099,864,2880
dummy,null_03100,912,2880
dummy,null_03101,960,2880
dummy,null_03102,1008,2880
dummy,null_03103,1056,2880
dummy,null_03104,1104,2880
dummy,null_03105,1152,2880
dummy,null_03106,1200,2880
dummy,null_03107,1248,2880
dummy,null_03108,1296,2880
dummy,null_03109,1344,2880
dummy,null_03110,1392,2880
dummy,null_03111,1440,2880
dummy,null_03112,1488,2880
dummy,null_03113,1536,2880
dummy,null_03114,1584,2880
dummy,null_03115,1632,2880
dummy,null_03116,1680,2880
dummy,null_03117,1728,2880
dummy,null_03118,1776,2880
dummy,null_03119,1824,2880
dummy,null_03120,1872,2880
dummy,null_03121,1920,2880
dummy,null_03122,1968,2880
dummy,null_03123,2016,2880
dummy,null_03124,2064,2880
dummy,null_03125,2112,2880
dummy,null_03126,2160,2880
dummy,null_03127,2208,2880
dummy,null_03128,2256,2880
dummy,null_03129,2304,2880
dummy,null_03130,2352,2880
dummy,null_03131,2400,2880
dummy,null_03132,2448,2880
dummy,null_03133,2496,2880
dummy,null_03134,0,2928
dummy,null_03135,48,2928
dummy,null_03136,96,2928
dummy,null_03137,144,2928
dummy,null_03138,192,2928
dummy,null_03139,240,2928
dummy,null_03140,288,2928
dummy,null_03141,336,2928
dummy,null_03142,384,2928
dummy,null_03143,432,2928
dummy,null_03144,480,2928
dummy,null_03145,528,2928
dummy,null_03146,576,2928
dummy,null_03147,624,2928
dummy,null_03148,672,2928
dummy,null_03149,720,2928
dummy,null_03150,768,2928
dummy,null_03151,816,2928
dummy,null_03152,864,2928
dummy,null_03153,912,2928
dummy,null_03154,960,2928
dummy,null_03155,1008,2928
dummy,null_03156,1056,2928
dummy,null_03157,1104,2928
dummy,null_03158,1152,2928
dummy,null_03159,1200,2928
dummy,null_03160,1248,2928
dummy,null_03161,1296,2928
dummy,null_03162,1344,2928
dummy,null_03163,1392,2928
dummy,null_03164,1440,2928
dummy,null_03165,1488,2928
dummy,null_03166,1536,2928
dummy,null_03167,1584,2928
dummy,null_03168,1632,2928
dummy,null_03169,1680,2928
dummy,null_03170,1728,2928
dummy,null_03171,1776,2928
dummy,null_03172,1824,2928
dummy,null_03173,1872,2928
dummy,null_03174,1920,2928
dummy,null_03175,1968,2928
dummy,null_03176,2016,2928
dummy,null_03177,2064,2928
dummy,null_03178,2112,2928
dummy,null_03179,2160,2928
dummy,null_03180,2208,2928
dummy,null_03181,2256,2928
dummy,null_03182,2304,2928
dummy,null_03183,2352,2928
dummy,null_03184,2400,2928
dummy,null_03185,2448,2928
dummy,null_03186,2496,2928
dummy,null_03187,0,2976
dummy,null_03188,48,2976
dummy,null_03189,96,2976
dummy,null_03190,144,2976
dummy,null_03191,192,2976
dummy,null_03192,240,2976
dummy,null_03193,288,2976
dummy,null_03194,336,2976
dummy,null_03195,384,2976
dummy,null_03196,432,2976
dummy,null_03197,480,2976
dummy,null_03198,528,2976
dummy,null_03199,576,2976
dummy,null_03200,624,2976
dummy,null_03201,672,2976
dummy,null_03202,720,2976
dummy,null_03203,768,2976
dummy,null_03204,816,2976
dummy,null_03205,864,2976
dummy,null_03206,912,2976
dummy,null_03207,960,2976
dummy,null_03208,1008,2976
dummy,null_03209,1056,2976
dummy,null_03210,1104,2976
dummy,null_03211,1152,2976
dummy,null_03212,1200,2976
dummy,null_03213,1248,2976
dummy,null_03214,1296,2976
dummy,null_03215,1344,2976
dummy,null_03216,1392,2976
dummy,null_03217,1440,2976
dummy,null_03218,1488,2976
dummy,null_03219,1536,2976
dummy,null_03220,1584,2976
dummy,null_03221,1632,2976
dummy,null_03222,1680,2976
dummy,null_03223,1728,2976
dummy,null_03224,1776,2976
dummy,null_03225,1824,2976
dummy,null_03226,1872,2976
dummy,null_03227,1920,2976
dummy,null_03228,1968,2976
dummy,null_03229,2016,2976
dummy,null_03230,2064,2976
dummy,null_03231,2112,2976
dummy,null_03232,2160,2976
dummy,null_03233,2208,2976
dummy,null_03234,2256,2976
dummy,null_03235,2304,2976
dummy,null_03236,2352,2976
dummy,null_03237,2400,2976
dummy,null_03238,2448,2976
dummy,null_03239,2496,2976
dummy,null_03240,0,3024
dummy,null_03241,48,3024
dummy,null_03242,96,3024
dummy,null_03243,144,3024
dummy,null_03244,192,3024
dummy,null_03245,240,3024
dummy,null_03246,288,3024
dummy,null_03247,336,3024
dummy,null_03248,384,3024
dummy,null_03249,432,3024
dummy,null_03250,480,3024
dummy,null_03251,528,3024
dummy,null_03252,576,3024
dummy,null_03253,624,3024
dummy,null_03254,672,3024
dummy,null_03255,720,3024
dummy,null_03256,768,3024
dummy,null_03257,816,3024
dummy,null_03258,864,3024
dummy,null_03259,912,3024
dummy,null_03260,960,3024
dummy,null_03261,1008,3024
dummy,null_03262,1056,3024
dummy,null_03263,1104,3024
dummy,null_03264,1152,3024
dummy,null_03265,1200,3024
dummy,null_03266,1248,3024
dummy,null_03267,1296,3024
dummy,null_03268,1344,3024
dummy,null_03269,1392,3024
dummy,null_03270,1440,3024
dummy,null_03271,1488,3024
dummy,null_03272,1536,3024
dummy,null_03273,1584,3024
dummy,null_03274,1632,3024
dummy,null_03275,1680,3024
dummy,null_03276,1728,3024
dummy,null_03277,1776,3024
dummy,null_03278,1824,3024
dummy,null_03279,1872,3024
dummy,null_03280,1920,3024
dummy,null_03281,1968,3024
dummy,null_03282,2016,3024
dummy,null_03283,2064,3024
dummy,null_03284,2112,3024
dummy,null_03285,2160,3024
dummy,null_03286,2208,3024
dummy,null_03287,2256,3024
dummy,null_03288,2304,3024
dummy,null_03289,2352,3024
dummy,null_03290,2400,3024
dummy,null_03291,2448,3024
dummy,null_03292,2496,3024
dummy,null_03293,0,3072
dummy,null_03294,48,3072
dummy,null_03295,96,3072
dummy,null_03296,144,3072
dummy,null_03297,192,3072
dummy,null_03298,240,3072
dummy,null_03299,288,3072
dummy,null_03300,336,3072
dummy,null_03301,384,3072
dummy,null_03302,432,3072
dummy,null_03303,480,3072
dummy,null_03304,528,3072
dummy,null_03305,576,3072
dummy,null_03306,624,3072
dummy,null_03307,672,3072
dummy,null_03308,720,3072
dummy,null_03309,768,3072
dummy,null_03310,816,3072
dummy,null_03311,864,3072
dummy,null_03312,912,3072
dummy,null_03313,960,3072
dummy,null_03314,1008,3072
dummy,null_03315,1056,3072
dummy,null_03316,1104,3072
dummy,null_03317,1152,3072
dummy,null_03318,1200,3072
dummy,null_03319,1248,3072
dummy,null_03320,1296,3072
dummy,null_03321,1344,3072
dummy,null_03322,1392,3072
dummy,null_03323,1440,3072
dummy,null_03324,1488,3072
dummy,null_03325,1536,3072
dummy,null_03326,1584,3072
dummy,null_03327,1632,3072
dummy,null_03328,1680,3072
dummy,null_03329,1728,3072
dummy,null_03330,1776,3072
dummy,null_03331,1824,3072
dummy,null_03332,1872,3072
dummy,null_03333,1920,3072
dummy,null_03334,1968,3072
dummy,null_03335,2016,3072
dummy,null_03336,2064,3072
dummy,null_03337,2112,3072
dummy,null_03338,2160,3072
dummy,null_03339,2208,3072
dummy,null_03340,2256,3072
dummy,null_03341,2304,3072
dummy,null_03342,2352,3072
dummy,null_03343,2400,3072
dummy,null_03344,2448,3072
dummy,null_03345,2496,3072
dummy,null_03346,0,3120
dummy,null_03347,48,3120
dummy,null_03348,96,3120
dummy,null_03349,144,3120
dummy,null_03350,192,3120
dummy,null_03351,240,3120
dummy,null_03352,288,3120
dummy,null_03353,336,3120
dummy,null_03354,384,3120
dummy,null_03355,432,3120
dummy,null_03356,480,3120
dummy,null_03357,528,3120
dummy,null_03358,576,3120
dummy,null_03359,624,3120
dummy,null_03360,672,3120
dummy,null_03361,720,3120
dummy,null_03362,768,3120
dummy,null_03363,816,3120
dummy,null_03364,864,3120
dummy,null_03365,912,3120
dummy,null_03366,960,3120
dummy,null_03367,1008,3120
dummy,null_03368,1056,3120
dummy,null_03369,1104,3120
dummy,null_03370,1152,3120
dummy,null_03371,1200,3120
dummy,null_03372,1248,3120
dummy,null_03373,1296,3120
dummy,null_03374,1344,3120
dummy,null_03375,1392,3120
dummy,null_03376,1440,3120
dummy,null_03377,1488,3120
dummy,null_03378,1536,3120
dummy,null_03379,1584,3120
dummy,null_03380,1632,3120
dummy,null_03381,1680,3120
dummy,null_03382,1728,3120
dummy,null_03383,1776,3120
dummy,null_03384,1824,3120
dummy,null_03385,1872,3120
dummy,null_03386,1920,3120
dummy,null_03387,1968,3120
dummy,null_03388,2016,3120
dummy,null_03389,2064,3120
dummy,null_03390,2112,3120
dummy,null_03391,2160,3120
dummy,null_03392,2208,3120
dummy,null_03393,2256,3120
dummy,null_03394,2304,3120
dummy,null_03395,2352,3120
dummy,null_03396,2400,3120
dummy,null_03397,2448,3120
dummy,null_03398,2496,3120
dummy,null_03399,0,3168
dummy,null_03400,48,3168
dummy,null_03401,96,3168
dummy,null_03402,144,3168
dummy,null_03403,192,3168
dummy,null_03404,240,3168
dummy,null_03405,288,3168
dummy,null_03406,336,3168
dummy,null_03407,384,3168
dummy,null_03408,432,3168
dummy,null_03409,480,3168
dummy,null_03410,528,3168
dummy,null_03411,576,3168
dummy,null_03412,624,3168
dummy,null_03413,672,3168
dummy,null_03414,720,3168
dummy,null_03415,768,3168
dummy,null_03416,816,3168
dummy,null_03417,864,3168
dummy,null_03418,912,3168
dummy,null_03419,960,3168
dummy,null_03420,1008,3168
dummy,null_03421,1056,3168
dummy,null_03422,1104,3168
dummy,null_03423,1152,3168
dummy,null_03424,1200,3168
dummy,null_03425,1248,3168
dummy,null_03426,1296,3168
dummy,null_03427,1344,3168
dummy,null_03428,1392,3168
dummy,null_03429,1440,3168
dummy,null_03430,1488,3168
dummy,null_03431,1536,3168
dummy,null_03432,1584,3168
dummy,null_03433,1632,3168
dummy,null_03434,1680,3168
dummy,null_03435,1728,3168
dummy,null_03436,1776,3168
dummy,null_03437,1824,3168
dummy,null_03438,1872,3168
dummy,null_03439,1920,3168
dummy,null_03440,1968,3168
dummy,null_03441,2016,3168
dummy,null_03442,2064,3168
dummy,null_03443,2112,3168
dummy,null_03444,2160,3168
dummy,null_03445,2208,3168
dummy,null_03446,2256,3168
dummy,null_03447,2304,3168
dummy,null_03448,2352,3168
dummy,null_03449,2400,3168
dummy,null_03450,2448,3168
dummy,null_03451,2496,3168
dummy,null_03452,0,3216
dummy,null_03453,48,3216
dummy,null_03454,96,3216
dummy,null_03455,144,3216
dummy,null_03456,192,3216
dummy,null_03457,240,3216
dummy,null_03458,288,3216
dummy,null_03459,336,3216
dummy,null_03460,384,3216
dummy,null_03461,432,3216
dummy,null_03462,480,3216
dummy,null_03463,528,3216
dummy,null_03464,576,3216
dummy,null_03465,624,3216
dummy,null_03466,672,3216
dummy,null_03467,720,3216
dummy,null_03468,768,3216
dummy,null_03469,816,3216
dummy,null_03470,864,3216
dummy,null_03471,912,3216
dummy,null_03472,960,3216
dummy,null_03473,1008,3216
dummy,null_03474,1056,3216
dummy,null_03475,1104,3216
dummy,null_03476,1152,3216
dummy,null_03477,1200,3216
dummy,null_03478,1248,3216
dummy,null_03479,1296,3216
dummy,null_03480,1344,3216
dummy,null_03481,1392,3216
dummy,null_03482,1440,3216
dummy,null_03483,1488,3216
dummy,null_03484,1536,3216
dummy,null_03485,1584,3216
dummy,null_03486,1632,3216
dummy,null_03487,1680,3216
dummy,null_03488,1728,3216
dummy,null_03489,1776,3216
dummy,null_03490,1824,3216
dummy,null_03491,1872,3216
dummy,null_03492,1920,3216
dummy,null_03493,1968,3216
dummy,null_03494,2016,3216
dummy,null_03495,2064,3216
dummy,null_03496,2112,3216
dummy,null_03497,2160,3216
dummy,null_03498,2208,3216
dummy,null_03499,2256,3216
dummy,null_03500,2304,3216
dummy,null_03501,2352,3216
dummy,null_03502,2400,3216
dummy,null_03503,2448,3216
dummy,null_03504,2496,3216
dummy,null_03505,0,3264
dummy,null_03506,48,3264
dummy,null_03507,96,3264
dummy,null_03508,144,3264
dummy,null_03509,192,3264
dummy,null_03510,240,3264
dummy,null_03511,288,3264
dummy,null_03512,336,3264
dummy,null_03513,384,3264
dummy,null_03514,432,3264
dummy,null_03515,480,3264
dummy,null_03516,528,3264
dummy,null_03517,576,3264
dummy,null_03518,624,3264
dummy,null_03519,672,3264
dummy,null_03520,720,3264
dummy,null_03521,768,3264
dummy,null_03522,816,3264
dummy,null_03523,864,3264
dummy,null_03524,912,3264
dummy,null_03525,960,3264
dummy,null_03526,1008,3264
dummy,null_03527,1056,3264
dummy,null_03528,1104,3264
dummy,null_03529,1152,3264
dummy,null_03530,1200,3264
dummy,null_03531,1248,3264
dummy,null_03532,1296,3264
dummy,null_03533,1344,3264
dummy,null_03534,1392,3264
dummy,null_03535,1440,3264
dummy,null_03536,1488,3264
dummy,null_03537,1536,3264
dummy,null_03538,1584,3264
dummy,null_03539,1632,3264
dummy,null_03540,1680,3264
dummy,null_03541,1728,3264
dummy,null_03542,1776,3264
dummy,null_03543,1824,3264
dummy,null_03544,1872,3264
dummy,null_03545,1920,3264
dummy,null_03546,1968,3264
dummy,null_03547,2016,3264
dummy,null_03548,2064,3264
dummy,null_03549,2112,3264
dummy,null_03550,2160,3264
dummy,null_03551,2208,3264
dummy,null_03552,2256,3264
dummy,null_03553,2304,3264
dummy,null_03554,2352,3264
dummy,null_03555,2400,3264
dummy,null_03556,2448,3264
dummy,null_03557,2496,3264
dummy,null_03558,0,3312
dummy,null_03559,48,3312
dummy,null_03560,96,3312
dummy,null_03561,144,3312
dummy,null_03562,192,3312
dummy,null_03563,240,3312
dummy,null_03564,288,3312
dummy,null_03565,336,3312
dummy,null_03566,384,3312
dummy,null_03567,432,3312
dummy,null_03568,480,3312
dummy,null_03569,528,3312
dummy,null_03570,576,3312
dummy,null_03571,624,3312
dummy,null_03572,672,3312
dummy,null_03573,720,3312
dummy,null_03574,768,3312
dummy,null_03575,816,3312
dummy,null_03576,864,3312
dummy,null_03577,912,3312
dummy,null_03578,960,3312
dummy,null_03579,1008,3312
dummy,null_03580,1056,3312
dummy,null_03581,1104,3312
dummy,null_03582,1152,3312
dummy,null_03583,1200,3312
dummy,null_03584,1248,3312
dummy,null_03585,1296,3312
dummy,null_03586,1344,3312
dummy,null_03587,1392,3312
dummy,null_03588,1440,3312
dummy,null_03589,1488,3312
dummy,null_03590,1536,3312
dummy,null_03591,1584,3312
dummy,null_03592,1632,3312
dummy,null_03593,1680,3312
dummy,null_03594,1728,3312
dummy,null_03595,1776,3312
dummy,null_03596,1824,3312
dummy,null_03597,1872,3312
dummy,null_03598,1920,3312
dummy,null_03599,1968,3312
dummy,null_03600,2016,3312
dummy,null_03601,2064,3312
dummy,null_03602,2112,3312
dummy,null_03603,2160,3312
dummy,null_03604,2208,3312
dummy,null_03605,2256,3312
dummy,null_03606,2304,3312
dummy,null_03607,2352,3312
dummy,null_03608,2400,3312
dummy,null_03609,2448,3312
dummy,null_03610,2496,3312
dummy,null_03611,0,3360
dummy,null_03612,48,3360
dummy,null_03613,96,3360
dummy,null_03614,144,3360
dummy,null_03615,192,3360
dummy,null_03616,240,3360
dummy,null_03617,288,3360
dummy,null_03618,336,3360
dummy,null_03619,384,3360
dummy,null_03620,432,3360
dummy,null_03621,480,3360
dummy,null_03622,528,3360
dummy,null_03623,576,3360
dummy,null_03624,624,3360
dummy,null_03625,672,3360
dummy,null_03626,720,3360
dummy,null_03627,768,3360
dummy,null_03628,816,3360
dummy,null_03629,864,3360
dummy,null_03630,912,3360
dummy,null_03631,960,3360
dummy,null_03632,1008,3360
dummy,null_03633,1056,3360
dummy,null_03634,1104,3360
dummy,null_03635,1152,3360
dummy,null_03636,1200,3360
dummy,null_03637,1248,3360
dummy,null_03638,1296,3360
dummy,null_03639,1344,3360
dummy,null_03640,1392,3360
dummy,null_03641,1440,3360
dummy,null_03642,1488,3360
dummy,null_03643,1536,3360
dummy,null_03644,1584,3360
dummy,null_03645,1632,3360
dummy,null_03646,1680,3360
dummy,null_03647,1728,3360
dummy,null_03648,1776,3360
dummy,null_03649,1824,3360
dummy,null_03650,1872,3360
dummy,null_03651,1920,3360
dummy,null_03652,1968,3360
dummy,null_03653,2016,3360
dummy,null_03654,2064,3360
dummy,null_03655,2112,3360
dummy,null_03656,2160,3360
dummy,null_03657,2208,3360
dummy,null_03658,2256,3360
dummy,null_03659,2304,3360
dummy,null_03660,2352,3360
dummy,null_03661,2400,3360
dummy,null_03662,2448,3360
dummy,null_03663,2496,3360
dummy,null_03664,0,3408
dummy,null_03665,48,3408
dummy,null_03666,96,3408
dummy,null_03667,144,3408
dummy,null_03668,192,3408
dummy,null_03669,240,3408
dummy,null_03670,288,3408
dummy,null_03671,336,3408
dummy,null_03672,384,3408
dummy,null_03673,432,3408
dummy,null_03674,480,3408
dummy,null_03675,528,3408
dummy,null_03676,576,3408
dummy,null_03677,624,3408
dummy,null_03678,672,3408
dummy,null_03679,720,3408
dummy,null_03680,768,3408
dummy,null_03681,816,3408
dummy,null_03682,864,3408
dummy,null_03683,912,3408
dummy,null_03684,960,3408
dummy,null_03685,1008,3408
dummy,null_03686,1056,3408
dummy,null_03687,1104,3408
dummy,null_03688,1152,3408
dummy,null_03689,1200,3408
dummy,null_03690,1248,3408
dummy,null_03691,1296,3408
dummy,null_03692,1344,3408
dummy,null_03693,1392,3408
dummy,null_03694,1440,3408
dummy,null_03695,1488,3408
dummy,null_03696,1536,3408
dummy,null_03697,1584,3408
dummy,null_03698,1632,3408
dummy,null_03699,1680,3408
dummy,null_03700,1728,3408
dummy,null_03701,1776,3408
dummy,null_03702,1824,3408
dummy,null_03703,1872,3408
dummy,null_03704,1920,3408
dummy,null_03705,1968,3408
dummy,null_03706,2016,3408
dummy,null_03707,2064,3408
dummy,null_03708,2112,3408
dummy,null_03709,2160,3408
dummy,null_03710,2208,3408
dummy,null_03711,2256,3408
dummy,null_03712,2304,3408
dummy,null_03713,2352,3408
dummy,null_03714,2400,3408
dummy,null_03715,2448,3408
dummy,null_03716,2496,3408
dummy,null_03717,0,3456
dummy,null_03718,48,3456
dummy,null_03719,96,3456
dummy,null_03720,144,3456
dummy,null_03721,192,3456
dummy,null_03722,240,3456
dummy,null_03723,288,3456
dummy,null_03724,336,3456
dummy,null_03725,384,3456
dummy,null_03726,432,3456
dummy,null_03727,480,3456
dummy,null_03728,528,3456
dummy,null_03729,576,3456
dummy,null_03730,624,3456
dummy,null_03731,672,3456
dummy,null_03732,720,3456
dummy,null_03733,768,3456
dummy,null_03734,816,3456
dummy,null_03735,864,3456
dummy,null_03736,912,3456
dummy,null_03737,960,3456
dummy,null_03738,1008,3456
dummy,null_03739,1056,3456
dummy,null_03740,1104,3456
dummy,null_03741,1152,3456
dummy,null_03742,1200,3456
dummy,null_03743,1248,3456
dummy,null_03744,1296,3456
dummy,null_03745,1344,3456
dummy,null_03746,1392,3456
dummy,null_03747,1440,3456
dummy,null_03748,1488,3456
dummy,null_03749,1536,3456
dummy,null_03750,1584,3456
dummy,null_03751,1632,3456
dummy,null_03752,1680,3456
dummy,null_03753,1728,3456
dummy,null_03754,1776,3456
dummy,null_03755,1824,3456
dummy,null_03756,1872,3456
dummy,null_03757,1920,3456
dummy,null_03758,1968,3456
dummy,null_03759,2016,3456
dummy,null_03760,2064,3456
dummy,null_03761,2112,3456
dummy,null_03762,2160,3456
dummy,null_03763,2208,3456
dummy,null_03764,2256,3456
dummy,null_03765,2304,3456
dummy,null_03766,2352,3456
dummy,null_03767,2400,3456
dummy,null_03768,2448,3456
dummy,null_03769,2496,3456
dummy,null_03770,0,3504
dummy,null_03771,48,3504
dummy,null_03772,96,3504
dummy,null_03773,144,3504
dummy,null_03774,192,3504
dummy,null_03775,240,3504
dummy,null_03776,288,3504
dummy,null_03777,336,3504
dummy,null_03778,384,3504
dummy,null_03779,432,3504
dummy,null_03780,480,3504
dummy,null_03781,528,3504
dummy,null_03782,576,3504
dummy,null_03783,624,3504
dummy,null_03784,672,3504
dummy,null_03785,720,3504
dummy,null_03786,768,3504
dummy,null_03787,816,3504
dummy,null_03788,864,3504
dummy,null_03789,912,3504
dummy,null_03790,960,3504
dummy,null_03791,1008,3504
dummy,null_03792,1056,3504
dummy,null_03793,1104,3504
dummy,null_03794,1152,3504
dummy,null_03795,1200,3504
dummy,null_03796,1248,3504
dummy,null_03797,1296,3504
dummy,null_03798,1344,3504
dummy,null_03799,1392,3504
dummy,null_03800,1440,3504
dummy,null_03801,1488,3504
dummy,null_03802,1536,3504
dummy,null_03803,1584,3504
dummy,null_03804,1632,3504
dummy,null_03805,1680,3504
dummy,null_03806,1728,3504
dummy,null_03807,1776,3504
dummy,null_03808,1824,3504
dummy,null_03809,1872,3504
dummy,null_03810,1920,3504
dummy,null_03811,1968,3504
dummy,null_03812,2016,3504
dummy,null_03813,2064,3504
dummy,null_03814,2112,3504
dummy,null_03815,2160,3504
dummy,null_03816,2208,3504
dummy,null_03817,2256,3504
dummy,null_03818,2304,3504
dummy,null_03819,2352,3504
dummy,null_03820,2400,3504
dummy,null_03821,2448,3504
dummy,null_03822,2496,3504
dummy,null_03823,0,3552
dummy,null_03824,48,3552
dummy,null_03825,96,3552
dummy,null_03826,144,3552
dummy,null_03827,192,3552
dummy,null_03828,240,3552
dummy,null_03829,288,3552
dummy,null_03830,336,3552
dummy,null_03831,384,3552
dummy,null_03832,432,3552
dummy,null_03833,480,3552
dummy,null_03834,528,3552
dummy,null_03835,576,3552
dummy,null_03836,624,3552
dummy,null_03837,672,3552
dummy,null_03838,720,3552
dummy,null_03839,768,3552
dummy,null_03840,816,3552
dummy,null_03841,864,3552
dummy,null_03842,912,3552
dummy,null_03843,960,3552
dummy,null_03844,1008,3552
dummy,null_03845,1056,3552
dummy,null_03846,1104,3552
dummy,null_03847,1152,3552
dummy,null_03848,1200,3552
dummy,null_03849,1248,3552
dummy,null_03850,1296,3552
dummy,null_03851,1344,3552
dummy,null_03852,1392,3552
dummy,null_03853,1440,3552
dummy,null_03854,1488,3552
dummy,null_03855,1536,3552
dummy,null_03856,1584,3552
dummy,null_03857,1632,3552
dummy,null_03858,1680,3552
dummy,null_03859,1728,3552
dummy,null_03860,1776,3552
dummy,null_03861,1824,3552
dummy,null_03862,1872,3552
dummy,null_03863,1920,3552
dummy,null_03864,1968,3552
dummy,null_03865,2016,3552
dummy,null_03866,2064,3552
dummy,null_03867,2112,3552
dummy,null_03868,2160,3552
dummy,null_03869,2208,3552
dummy,null_03870,2256,3552
dummy,null_03871,2304,3552
dummy,null_03872,2352,3552
dummy,null_03873,2400,3552
dummy,null_03874,2448,3552
dummy,null_03875,2496,3552
dummy,null_03876,0,3600
dummy,null_03877,48,3600
dummy,null_03878,96,3600
dummy,null_03879,144,3600
dummy,null_03880,192,3600
dummy,null_03881,240,3600
dummy,null_03882,288,3600
dummy,null_03883,336,3600
dummy,null_03884,384,3600
dummy,null_03885,432,3600
dummy,null_03886,480,3600
dummy,null_03887,528,3600
dummy,null_03888,576,3600
dummy,null_03889,624,3600
dummy,null_03890,672,3600
dummy,null_03891,720,3600
dummy,null_03892,768,3600
dummy,null_03893,816,3600
dummy,null_03894,864,3600
dummy,null_03895,912,3600
dummy,null_03896,960,3600
dummy,null_03897,1008,3600
dummy,null_03898,1056,3600
dummy,null_03899,1104,3600
dummy,null_03900,1152,3600
dummy,null_03901,1200,3600
dummy,null_03902,1248,3600
dummy,null_03903,1296,3600
dummy,null_03904,1344,3600
dummy,null_03905,1392,3600
dummy,null_03906,1440,3600
dummy,null_03907,1488,3600
dummy,null_03908,1536,3600
dummy,null_03909,1584,3600
dummy,null_03910,1632,3600
dummy,null_03911,1680,3600
dummy,null_03912,1728,3600
dummy,null_03913,1776,3600
dummy,null_03914,1824,3600
dummy,null_03915,1872,3600
dummy,null_03916,1920,3600
dummy,null_03917,1968,3600
dummy,null_03918,2016,3600
dummy,null_03919,2064,3600
dummy,null_03920,2112,3600
dummy,null_03921,2160,3600
dummy,null_03922,2208,3600
dummy,null_03923,2256,3600
dummy,null_03924,2304,3600
dummy,null_03925,2352,3600
dummy,null_03926,2400,3600
dummy,null_03927,2448,3600
dummy,null_03928,2496,3600
dummy,null_03929,0,3648
dummy,null_03930,48,3648
dummy,null_03931,96,3648
dummy,null_03932,144,3648
dummy,null_03933,192,3648
dummy,null_03934,240,3648
dummy,null_03935,288,3648
dummy,null_03936,336,3648
dummy,null_03937,384,3648
dummy,null_03938,432,3648
dummy,null_03939,480,3648
dummy,null_03940,528,3648
dummy,null_03941,576,3648
dummy,null_03942,624,3648
dummy,null_03943,672,3648
dummy,null_03944,720,3648
dummy,null_03945,768,3648
dummy,null_03946,816,3648
dummy,null_03947,864,3648
dummy,null_03948,912,3648
dummy,null_03949,960,3648
dummy,null_03950,1008,3648
dummy,null_03951,1056,3648
dummy,null_03952,1104,3648
dummy,null_03953,1152,3648
dummy,null_03954,1200,3648
dummy,null_03955,1248,3648
dummy,null_03956,1296,3648
dummy,null_03957,1344,3648
dummy,null_03958,1392,3648
dummy,null_03959,1440,3648
dummy,null_03960,1488,3648
dummy,null_03961,1536,3648
dummy,null_03962,1584,3648
dummy,null_03963,1632,3648
dummy,null_03964,1680,3648
dummy,null_03965,1728,3648
dummy,null_03966,1776,3648
dummy,null_03967,1824,3648
dummy,null_03968,1872,3648
dummy,null_03969,1920,3648
dummy,null_03970,1968,3648
dummy,null_03971,2016,3648
dummy,null_03972,2064,3648
dummy,null_03973,2112,3648
dummy,null_03974,2160,3648
dummy,null_03975,2208,3648
dummy,null_03976,2256,3648
dummy,null_03977,2304,3648
dummy,null_03978,2352,3648
dummy,null_03979,2400,3648
dummy,null_03980,2448,3648
dummy,null_03981,2496,3648
dummy,null_03982,0,3696
dummy,null_03983,48,3696
dummy,null_03984,96,3696
dummy,null_03985,144,3696
dummy,null_03986,192,3696
dummy,null_03987,240,3696
dummy,null_03988,288,3696
dummy,null_03989,336,3696
dummy,null_03990,384,3696
dummy,null_03991,432,3696
dummy,null_03992,480,3696
dummy,null_03993,528,3696
dummy,null_03994,576,3696
dummy,null_03995,624,3696
dummy,null_03996,672,3696
dummy,null_03997,720,3696
dummy,null_03998,768,3696
dummy,null_03999,816,3696
dummy,null_04000,864,3696
dummy,null_04001,912,3696
dummy,null_04002,960,3696
dummy,null_04003,1008,3696
dummy,null_04004,1056,3696
dummy,null_04005,1104,3696
dummy,null_04006,1152,3696
dummy,null_04007,1200,3696
dummy,null_04008,1248,3696
dummy,null_04009,1296,3696
dummy,null_04010,1344,3696
dummy,null_04011,1392,3696
dummy,null_04012,1440,3696
dummy,null_04013,1488,3696
dummy,null_04014,1536,3696
dummy,null_04015,1584,3696
dummy,null_04016,1632,3696
dummy,null_04017,1680,3696
dummy,null_04018,1728,3696
dummy,null_04019,1776,3696
dummy,null_04020,1824,3696
dummy,null_04021,1872,3696
dummy,null_04022,1920,3696
dummy,null_04023,1968,3696
dummy,null_04024,2016,3696
dummy,null_04025,2064,3696
dummy,null_04026,2112,3696
dummy,null_04027,2160,3696
dummy,null_04028,2208,3696
dummy,null_04029,2256,3696
dummy,null_04030,2304,3696
dummy,null_04031,2352,3696
dummy,null_04032,2400,3696
dummy,null_04033,2448,3696
dummy,null_04034,2496,3696
dummy,null_04035,0,3744
dummy,null_04036,48,3744
dummy,null_04037,96,3744
dummy,null_04038,144,3744
dummy,null_04039,192,3744
dummy,null_04040,240,3744
dummy,null_04041,288,3744
dummy,null_04042,336,3744
dummy,null_04043,384,3744
dummy,null_04044,432,3744
dummy,null_04045,480,3744
dummy,null_04046,528,3744
dummy,null_04047,576,3744
dummy,null_04048,624,3744
dummy,null_04049,672,3744
dummy,null_04050,720,3744
dummy,null_04051,768,3744
dummy,null_04052,816,3744
dummy,null_04053,864,3744
dummy,null_04054,912,3744
dummy,null_04055,960,3744
dummy,null_04056,1008,3744
dummy,null_04057,1056,3744
dummy,null_04058,1104,3744
dummy,null_04059,1152,3744
dummy,null_04060,1200,3744
dummy,null_04061,1248,3744
dummy,null_04062,1296,3744
dummy,null_04063,1344,3744
dummy,null_04064,1392,3744
dummy,null_04065,1440,3744
dummy,null_04066,1488,3744
dummy,null_04067,1536,3744
dummy,null_04068,1584,3744
dummy,null_04069,1632,3744
dummy,null_04070,1680,3744
dummy,null_04071,1728,3744
dummy,null_04072,1776,3744
dummy,null_04073,1824,3744
dummy,null_04074,1872,3744
dummy,null_04075,1920,3744
dummy,null_04076,1968,3744
dummy,null_04077,2016,3744
dummy,null_04078,2064,3744
dummy,null_04079,2112,3744
dummy,null_04080,2160,3744
dummy,null_04081,2208,3744
dummy,null_04082,2256,3744
dummy,null_04083,2304,3744
dummy,null_04084,2352,3744
dummy,null_04085,2400,3744
dummy,null_04086,2448,3744
dummy,null_04087,2496,3744
dummy,null_04088,0,3792
dummy,null_04089,48,3792
dummy,null_04090,96,3792
dummy,null_04091,144,3792
dummy,null_04092,192,3792
dummy,null_04093,240,3792
dummy,null_04094,288,3792
dummy,null_04095,336,3792
dummy,null_04096,384,3792
dummy,null_04097,432,3792
dummy,null_04098,480,3792
dummy,null_04099,528,3792
dummy,null_04100,576,3792
dummy,null_04101,624,3792
dummy,null_04102,672,3792
dummy,null_04103,720,3792
dummy,null_04104,768,3792
dummy,null_04105,816,3792
dummy,null_04106,864,3792
dummy,null_04107,912,3792
dummy,null_04108,960,3792
dummy,null_04109,1008,3792
dummy,null_04110,1056,3792
dummy,null_04111,1104,3792
dummy,null_04112,1152,3792
dummy,null_04113,1200,3792
dummy,null_04114,1248,3792
dummy,null_04115,1296,3792
dummy,null_04116,1344,3792
dummy,null_04117,1392,3792
dummy,null_04118,1440,3792
dummy,null_04119,1488,3792
dummy,null_04120,1536,3792
dummy,null_04121,1584,3792
dummy,null_04122,1632,3792
dummy,null_04123,1680,3792
dummy,null_04124,1728,3792
dummy,null_04125,1776,3792
dummy,null_04126,1824,3792
dummy,null_04127,1872,3792
dummy,null_04128,1920,3792
dummy,null_04129,1968,3792
dummy,null_04130,2016,3792
dummy,null_04131,2064,3792
dummy,null_04132,2112,3792
dummy,null_04133,2160,3792
dummy,null_04134,2208,3792
dummy,null_04135,2256,3792
dummy,null_04136,2304,3792
dummy,null_04137,2352,3792
dummy,null_04138,2400,3792
dummy,null_04139,2448,3792
dummy,null_04140,2496,3792
dummy,null_04141,0,3840
dummy,null_04142,48,3840
dummy,null_04143,96,3840
dummy,null_04144,144,3840
dummy,null_04145,192,3840
dummy,null_04146,240,3840
dummy,null_04147,288,3840
dummy,null_04148,336,3840
dummy,null_04149,384,3840
dummy,null_04150,432,3840
dummy,null_04151,480,3840
dummy,null_04152,528,3840
dummy,null_04153,576,3840
dummy,null_04154,624,3840
dummy,null_04155,672,3840
dummy,null_04156,720,3840
dummy,null_04157,768,3840
dummy,null_04158,816,3840
dummy,null_04159,864,3840
dummy,null_04160,912,3840
dummy,null_04161,960,3840
dummy,null_04162,1008,3840
dummy,null_04163,1056,3840
dummy,null_04164,1104,3840
dummy,null_04165,1152,3840
dummy,null_04166,1200,3840
dummy,null_04167,1248,3840
dummy,null_04168,1296,3840
dummy,null_04169,1344,3840
dummy,null_04170,1392,3840
dummy,null_04171,1440,3840
dummy,null_04172,1488,3840
dummy,null_04173,1536,3840
dummy,null_04174,1584,3840
dummy,null_04175,1632,3840
dummy,null_04176,1680,3840
dummy,null_04177,1728,3840
dummy,null_04178,1776,3840
dummy,null_04179,1824,3840
dummy,null_04180,1872,3840
dummy,null_04181,1920,3840
dummy,null_04182,1968,3840
dummy,null_04183,2016,3840
dummy,null_04184,2064,3840
dummy,null_04185,2112,3840
dummy,null_04186,2160,3840
dummy,null_04187,2208,3840
dummy,null_04188,2256,3840
dummy,null_04189,2304,3840
dummy,null_04190,2352,3840
dummy,null_04191,2400,3840
dummy,null_04192,2448,3840
dummy,null_04193,2496,3840
dummy,null_04194,0,3888
dummy,null_04195,48,3888
dummy,null_04196,96,3888
dummy,null_04197,144,3888
dummy,null_04198,192,3888
dummy,null_04199,240,3888
dummy,null_04200,288,3888
dummy,null_04201,336,3888
dummy,null_04202,384,3888
dummy,null_04203,432,3888
dummy,null_04204,480,3888
dummy,null_04205,528,3888
dummy,null_04206,576,3888
dummy,null_04207,624,3888
dummy,null_04208,672,3888
dummy,null_04209,720,3888
dummy,null_04210,768,3888
dummy,null_04211,816,3888
dummy,null_04212,864,3888
dummy,null_04213,912,3888
dummy,null_04214,960,3888
dummy,null_04215,1008,3888
dummy,null_04216,1056,3888
dummy,null_04217,1104,3888
dummy,null_04218,1152,3888
dummy,null_04219,1200,3888
dummy,null_04220,1248,3888
dummy,null_04221,1296,3888
dummy,null_04222,1344,3888
dummy,null_04223,1392,3888
dummy,null_04224,1440,3888
dummy,null_04225,1488,3888
dummy,null_04226,1536,3888
dummy,null_04227,1584,3888
dummy,null_04228,1632,3888
dummy,null_04229,1680,3888
dummy,null_04230,1728,3888
dummy,null_04231,1776,3888
dummy,null_04232,1824,3888
dummy,null_04233,1872,3888
dummy,null_04234,1920,3888
dummy,null_04235,1968,3888
dummy,null_04236,2016,3888
dummy,null_04237,2064,3888
dummy,null_04238,2112,3888
dummy,null_04239,2160,3888
dummy,null_04240,2208,3888
dummy,null_04241,2256,3888
dummy,null_04242,2304,3888
dummy,null_04243,2352,3888
dummy,null_04244,2400,3888
dummy,null_04245,2448,3888
dummy,null_04246,2496,3888
dummy,null_04247,0,3936
dummy,null_04248,48,3936
dummy,null_04249,96,3936
dummy,null_04250,144,3936
dummy,null_04251,192,3936
dummy,null_04252,240,3936
dummy,null_04253,288,3936
dummy,null_04254,336,3936
dummy,null_04255,384,3936
dummy,null_04256,432,3936
dummy,null_04257,480,3936
dummy,null_04258,528,3936
dummy,null_04259,576,3936
dummy,null_04260,624,3936
dummy,null_04261,672,3936
dummy,null_04262,720,3936
dummy,null_04263,768,3936
dummy,null_04264,816,3936
dummy,null_04265,864,3936
dummy,null_04266,912,3936
dummy,null_04267,960,3936
dummy,null_04268,1008,3936
dummy,null_04269,1056,3936
dummy,null_04270,1104,3936
dummy,null_04271,1152,3936
dummy,null_04272,1200,3936
dummy,null_04273,1248,3936
dummy,null_04274,1296,3936
dummy,null_04275,1344,3936
dummy,null_04276,1392,3936
dummy,null_04277,1440,3936
dummy,null_04278,1488,3936
dummy,null_04279,1536,3936
dummy,null_04280,1584,3936
dummy,null_04281,1632,3936
dummy,null_04282,1680,3936
dummy,null_04283,1728,3936
dummy,null_04284,1776,3936
dummy,null_04285,1824,3936
dummy,null_04286,1872,3936
dummy,null_04287,1920,3936
dummy,null_04288,1968,3936
dummy,null_04289,2016,3936
dummy,null_04290,2064,3936
dummy,null_04291,2112,3936
dummy,null_04292,2160,3936
dummy,null_04293,2208,3936
dummy,null_04294,2256,3936
dummy,null_04295,2304,3936
dummy,null_04296,2352,3936
dummy,null_04297,2400,3936
dummy,null_04298,2448,3936
dummy,null_04299,2496,3936
dummy,null_04300,0,3984
dummy,null_04301,48,3984
dummy,null_04302,96,3984
dummy,null_04303,144,3984
dummy,null_04304,192,3984
dummy,null_04305,240,3984
dummy,null_04306,288,3984
dummy,null_04307,336,3984
dummy,null_04308,384,3984
dummy,null_04309,432,3984
dummy,null_04310,480,3984
dummy,null_04311,528,3984
dummy,null_04312,576,3984
dummy,null_04313,624,3984
dummy,null_04314,672,3984
dummy,null_04315,720,3984
dummy,null_04316,768,3984
dummy,null_04317,816,3984
dummy,null_04318,864,3984
dummy,null_04319,912,3984
dummy,null_04320,960,3984
dummy,null_04321,1008,3984
dummy,null_04322,1056,3984
dummy,null_04323,1104,3984
dummy,null_04324,1152,3984
dummy,null_04325,1200,3984
dummy,null_04326,1248,3984
dummy,null_04327,1296,3984
dummy,null_04328,1344,3984
dummy,null_04329,1392,3984
dummy,null_04330,1440,3984
dummy,null_04331,1488,3984
dummy,null_04332,1536,3984
dummy,null_04333,1584,3984
dummy,null_04334,1632,3984
dummy,null_04335,1680,3984
dummy,null_04336,1728,3984
dummy,null_04337,1776,3984
dummy,null_04338,1824,3984
dummy,null_04339,1872,3984
dummy,null_04340,1920,3984
dummy,null_04341,1968,3984
dummy,null_04342,2016,3984
dummy,null_04343,2064,3984
dummy,null_04344,2112,3984
dummy,null_04345,2160,3984
dummy,null_04346,2208,3984
dummy,null_04347,2256,3984
dummy,null_04348,2304,3984
dummy,null_04349,2352,3984
dummy,null_04350,2400,3984
dummy,null_04351,2448,3984
dummy,null_04352,2496,3984
dummy,null_04353,0,4032
dummy,null_04354,48,4032
dummy,null_04355,96,4032
dummy,null_04356,144,4032
dummy,null_04357,192,4032
dummy,null_04358,240,4032
dummy,null_04359,288,4032
dummy,null_04360,336,4032
dummy,null_04361,384,4032
dummy,null_04362,432,4032
dummy,null_04363,480,4032
dummy,null_04364,528,4032
dummy,null_04365,576,4032
dummy,null_04366,624,4032
dummy,null_04367,672,4032
dummy,null_04368,720,4032
dummy,null_04369,768,4032
dummy,null_04370,816,4032
dummy,null_04371,864,4032
dummy,null_04372,912,4032
dummy,null_04373,960,4032
dummy,null_04374,1008,4032
dummy,null_04375,1056,4032
dummy,null_04376,1104,4032
dummy,null_04377,1152,4032
dummy,null_04378,1200,4032
dummy,null_04379,1248,4032
dummy,null_04380,1296,4032
dummy,null_04381,1344,4032
dummy,null_04382,1392,4032
dummy,null_04383,1440,4032
dummy,null_04384,1488,4032
dummy,null_04385,1536,4032
dummy,null_04386,1584,4032
dummy,null_04387,1632,4032
dummy,null_04388,1680,4032
dummy,null_04389,1728,4032
dummy,null_04390,1776,4032
dummy,null_04391,1824,4032
dummy,null_04392,1872,4032
dummy,null_04393,1920,4032
dummy,null_04394,1968,4032
dummy,null_04395,2016,4032
dummy,null_04396,2064,4032
dummy,null_04397,2112,4032
dummy,null_04398,2160,4032
dummy,null_04399,2208,4032
dummy,null_04400,2256,4032
dummy,null_04401,2304,4032
dummy,null_04402,2352,4032
dummy,null_04403,2400,4032
dummy,null_04404,2448,4032
dummy,null_04405,2496,4032
dummy,null_04406,0,4080
dummy,null_04407,48,4080
dummy,null_04408,96,4080
dummy,null_04409,144,4080
dummy,null_04410,192,4080
dummy,null_04411,240,4080
dummy,null_04412,288,4080
dummy,null_04413,336,4080
dummy,null_04414,384,4080
dummy,null_04415,432,4080
dummy,null_04416,480,4080
dummy,null_04417,528,4080
dummy,null_04418,576,4080
dummy,null_04419,624,4080
dummy,null_04420,672,4080
dummy,null_04421,720,4080
dummy,null_04422,768,4080
dummy,null_04423,816,4080
dummy,null_04424,864,4080
dummy,null_04425,912,4080
dummy,null_04426,960,4080
dummy,null_04427,1008,4080
dummy,null_04428,1056,4080
dummy,null_04429,1104,4080
dummy,null_04430,1152,4080
dummy,null_04431,1200,4080
dummy,null_04432,1248,4080
dummy,null_04433,1296,4080
dummy,null_04434,1344,4080
dummy,null_04435,1392,4080
dummy,null_04436,1440,4080
dummy,null_04437,1488,4080
dummy,null_04438,1536,4080
dummy,null_04439,1584,4080
dummy,null_04440,1632,4080
dummy,null_04441,1680,4080
dummy,null_04442,1728,4080
dummy,null_04443,1776,4080
dummy,null_04444,1824,4080
dummy,null_04445,1872,4080
dummy,null_04446,1920,4080
dummy,null_04447,1968,4080
dummy,null_04448,2016,4080
dummy,null_04449,2064,4080
dummy,null_04450,2112,4080
dummy,null_04451,2160,4080
dummy,null_04452,2208,4080
dummy,null_04453,2256,4080
dummy,null_04454,2304,4080
dummy,null_04455,2352,4080
dummy,null_04456,2400,4080
dummy,null_04457,2448,4080
dummy,null_04458,2496,4080
dummy,null_04459,0,4128
dummy,null_04460,48,4128
dummy,null_04461,96,4128
dummy,null_04462,144,4128
dummy,null_04463,192,4128
dummy,null_04464,240,4128
dummy,null_04465,288,4128
dummy,null_04466,336,4128
dummy,null_04467,384,4128
dummy,null_04468,432,4128
dummy,null_04469,480,4128
dummy,null_04470,528,4128
dummy,null_04471,576,4128
dummy,null_04472,624,4128
dummy,null_04473,672,4128
dummy,null_04474,720,4128
dummy,null_04475,768,4128
dummy,null_04476,816,4128
dummy,null_04477,864,4128
dummy,null_04478,912,4128
dummy,null_04479,960,4128
dummy,null_04480,1008,4128
dummy,null_04481,1056,4128
dummy,null_04482,1104,4128
dummy,null_04483,1152,4128
dummy,null_04484,1200,4128
dummy,null_04485,1248,4128
dummy,null_04486,1296,4128
dummy,null_04487,1344,4128
dummy,null_04488,1392,4128
dummy,null_04489,1440,4128
dummy,null_04490,1488,4128
dummy,null_04491,1536,4128
dummy,null_04492,1584,4128
dummy,null_04493,1632,4128
dummy,null_04494,1680,4128
dummy,null_04495,1728,4128
dummy,null_04496,1776,4128
dummy,null_04497,1824,4128
dummy,null_04498,1872,4128
dummy,null_04499,1920,4128
dummy,null_04500,1968,4128
dummy,null_04501,2016,4128
dummy,null_04502,2064,4128
dummy,null_04503,2112,4128
dummy,null_04504,2160,4128
dummy,null_04505,2208,4128
dummy,null_04506,2256,4128
dummy,null_04507,2304,4128
dummy,null_04508,2352,4128
dummy,null_04509,2400,4128
dummy,null_04510,2448,4128
dummy,null_04511,2496,4128
dummy,null_04512,0,4176
dummy,null_04513,48,4176
dummy,null_04514,96,4176
dummy,null_04515,144,4176
dummy,null_04516,192,4176
dummy,null_04517,240,4176
dummy,null_04518,288,4176
dummy,null_04519,336,4176
dummy,null_04520,384,4176
dummy,null_04521,432,4176
dummy,null_04522,480,4176
dummy,null_04523,528,4176
dummy,null_04524,576,4176
dummy,null_04525,624,4176
dummy,null_04526,672,4176
dummy,null_04527,720,4176
dummy,null_04528,768,4176
dummy,null_04529,816,4176
dummy,null_04530,864,4176
dummy,null_04531,912,4176
dummy,null_04532,960,4176
dummy,null_04533,1008,4176
dummy,null_04534,1056,4176
dummy,null_04535,1104,4176
dummy,null_04536,1152,4176
dummy,null_04537,1200,4176
dummy,null_04538,1248,4176
dummy,null_04539,1296,4176
dummy,null_04540,1344,4176
dummy,null_04541,1392,4176
dummy,null_04542,1440,4176
dummy,null_04543,1488,4176
dummy,null_04544,1536,4176
dummy,null_04545,1584,4176
dummy,null_04546,1632,4176
dummy,null_04547,1680,4176
dummy,null_04548,1728,4176
dummy,null_04549,1776,4176
dummy,null_04550,1824,4176
dummy,null_04551,1872,4176
dummy,null_04552,1920,4176
dummy,null_04553,1968,4176
dummy,null_04554,2016,4176
dummy,null_04555,2064,4176
dummy,null_04556,2112,4176
dummy,null_04557,2160,4176
dummy,null_04558,2208,4176
dummy,null_04559,2256,4176
dummy,null_04560,2304,4176
dummy,null_04561,2352,4176
dummy,null_04562,2400,4176
dummy,null_04563,2448,4176
dummy,null_04564,2496,4176
dummy,null_04565,0,4224
dummy,null_04566,48,4224
dummy,null_04567,96,4224
dummy,null_04568,144,4224
dummy,null_04569,192,4224
dummy,null_04570,240,4224
dummy,null_04571,288,4224
dummy,null_04572,336,4224
dummy,null_04573,384,4224
dummy,null_04574,432,4224
dummy,null_04575,480,4224
dummy,null_04576,528,4224
dummy,null_04577,576,4224
dummy,null_04578,624,4224
dummy,null_04579,672,4224
dummy,null_04580,720,4224
dummy,null_04581,768,4224
dummy,null_04582,816,4224
dummy,null_04583,864,4224
dummy,null_04584,912,4224
dummy,null_04585,960,4224
dummy,null_04586,1008,4224
dummy,null_04587,1056,4224
dummy,null_04588,1104,4224
dummy,null_04589,1152,4224
dummy,null_04590,1200,4224
dummy,null_04591,1248,4224
dummy,null_04592,1296,4224
dummy,null_04593,1344,4224
dummy,null_04594,1392,4224
dummy,null_04595,1440,4224
dummy,null_04596,1488,4224
dummy,null_04597,1536,4224
dummy,null_04598,1584,4224
dummy,null_04599,1632,4224
dummy,null_04600,1680,4224
dummy,null_04601,1728,4224
dummy,null_04602,1776,4224
dummy,null_04603,1824,4224
dummy,null_04604,1872,4224
dummy,null_04605,1920,4224
dummy,null_04606,1968,4224
dummy,null_04607,2016,4224
dummy,null_04608,2064,4224
dummy,null_04609,2112,4224
dummy,null_04610,2160,4224
dummy,null_04611,2208,4224
dummy,null_04612,2256,4224
dummy,null_04613,2304,4224
dummy,null_04614,2352,4224
dummy,null_04615,2400,4224
dummy,null_04616,2448,4224
dummy,null_04617,2496,4224
dummy,null_04618,0,4272
dummy,null_04619,48,4272
dummy,null_04620,96,4272
dummy,null_04621,144,4272
dummy,null_04622,192,4272
dummy,null_04623,240,4272
dummy,null_04624,288,4272
dummy,null_04625,336,4272
dummy,null_04626,384,4272
dummy,null_04627,432,4272
dummy,null_04628,480,4272
dummy,null_04629,528,4272
dummy,null_04630,576,4272
dummy,null_04631,624,4272
dummy,null_04632,672,4272
dummy,null_04633,720,4272
dummy,null_04634,768,4272
dummy,null_04635,816,4272
dummy,null_04636,864,4272
dummy,null_04637,912,4272
dummy,null_04638,960,4272
dummy,null_04639,1008,4272
dummy,null_04640,1056,4272
dummy,null_04641,1104,4272
dummy,null_04642,1152,4272
dummy,null_04643,1200,4272
dummy,null_04644,1248,4272
dummy,null_04645,1296,4272
dummy,null_04646,1344,4272
dummy,null_04647,1392,4272
dummy,null_04648,1440,4272
dummy,null_04649,1488,4272
dummy,null_04650,1536,4272
dummy,null_04651,1584,4272
dummy,null_04652,1632,4272
dummy,null_04653,1680,4272
dummy,null_04654,1728,4272
dummy,null_04655,1776,4272
dummy,null_04656,1824,4272
dummy,null_04657,1872,4272
dummy,null_04658,1920,4272
dummy,null_04659,1968,4272
dummy,null_04660,2016,4272
dummy,null_04661,2064,4272
dummy,null_04662,2112,4272
dummy,null_04663,2160,4272
dummy,null_04664,2208,4272
dummy,null_04665,2256,4272
dummy,null_04666,2304,4272
dummy,null_04667,2352,4272
dummy,null_04668,2400,4272
dummy,null_04669,2448,4272
dummy,null_04670,2496,4272
dummy,null_04671,0,4320
dummy,null_04672,48,4320
dummy,null_04673,96,4320
dummy,null_04674,144,4320
dummy,null_04675,192,4320
dummy,null_04676,240,4320
dummy,null_04677,288,4320
dummy,null_04678,336,4320
dummy,null_04679,384,4320
dummy,null_04680,432,4320
dummy,null_04681,480,4320
dummy,null_04682,528,4320
dummy,null_04683,576,4320
dummy,null_04684,624,4320
dummy,null_04685,672,4320
dummy,null_04686,720,4320
dummy,null_04687,768,4320
dummy,null_04688,816,4320
dummy,null_04689,864,4320
dummy,null_04690,912,4320
dummy,null_04691,960,4320
dummy,null_04692,1008,4320
dummy,null_04693,1056,4320
dummy,null_04694,1104,4320
dummy,null_04695,1152,4320
dummy,null_04696,1200,4320
dummy,null_04697,1248,4320
dummy,null_04698,1296,4320
dummy,null_04699,1344,4320
dummy,null_04700,1392,4320
dummy,null_04701,1440,4320
dummy,null_04702,1488,4320
dummy,null_04703,1536,4320
dummy,null_04704,1584,4320
dummy,null_04705,1632,4320
dummy,null_04706,1680,4320
dummy,null_04707,1728,4320
dummy,null_04708,1776,4320
dummy,null_04709,1824,4320
dummy,null_04710,1872,4320
dummy,null_04711,1920,4320
dummy,null_04712,1968,4320
dummy,null_04713,2016,4320
dummy,null_04714,2064,4320
dummy,null_04715,2112,4320
dummy,null_04716,2160,4320
dummy,null_04717,2208,4320
dummy,null_04718,2256,4320
dummy,null_04719,2304,4320
dummy,null_04720,2352,4320
dummy,null_04721,2400,4320
dummy,null_04722,2448,4320
dummy,null_04723,2496,4320
dummy,null_04724,0,4368
dummy,null_04725,48,4368
dummy,null_04726,96,4368
dummy,null_04727,144,4368
dummy,null_04728,192,4368
dummy,null_04729,240,4368
dummy,null_04730,288,4368
dummy,null_04731,336,4368
dummy,null_04732,384,4368
dummy,null_04733,432,4368
dummy,null_04734,480,4368
dummy,null_04735,528,4368
dummy,null_04736,576,4368
dummy,null_04737,624,4368
dummy,null_04738,672,4368
dummy,null_04739,720,4368
dummy,null_04740,768,4368
dummy,null_04741,816,4368
dummy,null_04742,864,4368
dummy,null_04743,912,4368
dummy,null_04744,960,4368
dummy,null_04745,1008,4368
dummy,null_04746,1056,4368
dummy,null_04747,1104,4368
dummy,null_04748,1152,4368
dummy,null_04749,1200,4368
dummy,null_04750,1248,4368
dummy,null_04751,1296,4368
dummy,null_04752,1344,4368
dummy,null_04753,1392,4368
dummy,null_04754,1440,4368
dummy,null_04755,1488,4368
dummy,null_04756,1536,4368
dummy,null_04757,1584,4368
dummy,null_04758,1632,4368
dummy,null_04759,1680,4368
dummy,null_04760,1728,4368
dummy,null_04761,1776,4368
dummy,null_04762,1824,4368
dummy,null_04763,1872,4368
dummy,null_04764,1920,4368
dummy,null_04765,1968,4368
dummy,null_04766,2016,4368
dummy,null_04767,2064,4368
dummy,null_04768,2112,4368
dummy,null_04769,2160,4368
dummy,null_04770,2208,4368
dummy,null_04771,2256,4368
dummy,null_04772,2304,4368
dummy,null_04773,2352,4368
dummy,null_04774,2400,4368
dummy,null_04775,2448,4368
dummy,null_04776,2496,4368
dummy,null_04777,0,4416
dummy,null_04778,48,4416
dummy,null_04779,96,4416
dummy,null_04780,144,4416
dummy,null_04781,192,4416
dummy,null_04782,240,4416
dummy,null_04783,288,4416
dummy,null_04784,336,4416
dummy,null_04785,384,4416
dummy,null_04786,432,4416
dummy,null_04787,480,4416
dummy,null_04788,528,4416
dummy,null_04789,576,4416
dummy,null_04790,624,4416
dummy,null_04791,672,4416
dummy,null_04792,720,4416
dummy,null_04793,768,4416
dummy,null_04794,816,4416
dummy,null_04795,864,4416
dummy,null_04796,912,4416
dummy,null_04797,960,4416
dummy,null_04798,1008,4416
dummy,null_04799,1056,4416
dummy,null_04800,1104,4416
dummy,null_04801,1152,4416
dummy,null_04802,1200,4416
dummy,null_04803,1248,4416
dummy,null_04804,1296,4416
dummy,null_04805,1344,4416
dummy,null_04806,1392,4416
dummy,null_04807,1440,4416
dummy,null_04808,1488,4416
dummy,null_04809,1536,4416
dummy,null_04810,1584,4416
dummy,null_04811,1632,4416
dummy,null_04812,1680,4416
dummy,null_04813,1728,4416
dummy,null_04814,1776,4416
dummy,null_04815,1824,4416
dummy,null_04816,1872,4416
dummy,null_04817,1920,4416
dummy,null_04818,1968,4416
dummy,null_04819,2016,4416
dummy,null_04820,2064,4416
dummy,null_04821,2112,4416
dummy,null_04822,2160,4416
dummy,null_04823,2208,4416
dummy,null_04824,2256,4416
dummy,null_04825,2304,4416
dummy,null_04826,2352,4416
dummy,null_04827,2400,4416
dummy,null_04828,2448,4416
dummy,null_04829,2496,4416
dummy,null_04830,0,4464
dummy,null_04831,48,4464
dummy,null_04832,96,4464
dummy,null_04833,144,4464
dummy,null_04834,192,4464
dummy,null_04835,240,4464
dummy,null_04836,288,4464
dummy,null_04837,336,4464
dummy,null_04838,384,4464
dummy,null_04839,432,4464
dummy,null_04840,480,4464
dummy,null_04841,528,4464
dummy,null_04842,576,4464
dummy,null_04843,624,4464
dummy,null_04844,672,4464
dummy,null_04845,720,4464
dummy,null_04846,768,4464
dummy,null_04847,816,4464
dummy,null_04848,864,4464
dummy,null_04849,912,4464
dummy,null_04850,960,4464
dummy,null_04851,1008,4464
dummy,null_04852,1056,4464
dummy,null_04853,1104,4464
dummy,null_04854,1152,4464
dummy,null_04855,1200,4464
dummy,null_04856,1248,4464
dummy,null_04857,1296,4464
dummy,null_04858,1344,4464
dummy,null_04859,1392,4464
dummy,null_04860,1440,4464
dummy,null_04861,1488,4464
dummy,null_04862,1536,4464
dummy,null_04863,1584,4464
dummy,null_04864,1632,4464
dummy,null_04865,1680,4464
dummy,null_04866,1728,4464
dummy,null_04867,1776,4464
dummy,null_04868,1824,4464
dummy,null_04869,1872,4464
dummy,null_04870,1920,4464
dummy,null_04871,1968,4464
dummy,null_04872,2016,4464
dummy,null_04873,2064,4464
dummy,null_04874,2112,4464
dummy,null_04875,2160,4464
dummy,null_04876,2208,4464
dummy,null_04877,2256,4464
dummy,null_04878,2304,4464
dummy,null_04879,2352,4464
dummy,null_04880,2400,4464
dummy,null_04881,2448,4464
dummy,null_04882,2496,4464
dummy,null_04883,0,4512
dummy,null_04884,48,4512
dummy,null_04885,96,4512
dummy,null_04886,144,4512
dummy,null_04887,192,4512
dummy,null_04888,240,4512
dummy,null_04889,288,4512
dummy,null_04890,336,4512
dummy,null_04891,384,4512
dummy,null_04892,432,4512
dummy,null_04893,480,4512
dummy,null_04894,528,4512
dummy,null_04895,576,4512
dummy,null_04896,624,4512
dummy,null_04897,672,4512
dummy,null_04898,720,4512
dummy,null_04899,768,4512
dummy,null_04900,816,4512
dummy,null_04901,864,4512
dummy,null_04902,912,4512
dummy,null_04903,960,4512
dummy,null_04904,1008,4512
dummy,null_04905,1056,4512
dummy,null_04906,1104,4512
dummy,null_04907,1152,4512
dummy,null_04908,1200,4512
dummy,null_04909,1248,4512
dummy,null_04910,1296,4512
dummy,null_04911,1344,4512
dummy,null_04912,1392,4512
dummy,null_04913,1440,4512
dummy,null_04914,1488,4512
dummy,null_04915,1536,4512
dummy,null_04916,1584,4512
dummy,null_04917,1632,4512
dummy,null_04918,1680,4512
dummy,null_04919,1728,4512
dummy,null_04920,1776,4512
dummy,null_04921,1824,4512
dummy,null_04922,1872,4512
dummy,null_04923,1920,4512
dummy,null_04924,1968,4512
dummy,null_04925,2016,4512
dummy,null_04926,2064,4512
dummy,null_04927,2112,4512
dummy,null_04928,2160,4512
dummy,null_04929,2208,4512
dummy,null_04930,2256,4512
dummy,null_04931,2304,4512
dummy,null_04932,2352,4512
dummy,null_04933,2400,4512
dummy,null_04934,2448,4512
dummy,null_04935,2496,4512
dummy,null_04936,0,4560
dummy,null_04937,48,4560
dummy,null_04938,96,4560
dummy,null_04939,144,4560
dummy,null_04940,192,4560
dummy,null_04941,240,4560
dummy,null_04942,288,4560
dummy,null_04943,336,4560
dummy,null_04944,384,4560
dummy,null_04945,432,4560
dummy,null_04946,480,4560
dummy,null_04947,528,4560
dummy,null_04948,576,4560
dummy,null_04949,624,4560
dummy,null_04950,672,4560
dummy,null_04951,720,4560
dummy,null_04952,768,4560
dummy,null_04953,816,4560
dummy,null_04954,864,4560
dummy,null_04955,912,4560
dummy,null_04956,960,4560
dummy,null_04957,1008,4560
dummy,null_04958,1056,4560
dummy,null_04959,1104,4560
dummy,null_04960,1152,4560
dummy,null_04961,1200,4560
dummy,null_04962,1248,4560
dummy,null_04963,1296,4560
dummy,null_04964,1344,4560
dummy,null_04965,1392,4560
dummy,null_04966,1440,4560
dummy,null_04967,1488,4560
dummy,null_04968,1536,4560
dummy,null_04969,1584,4560
dummy,null_04970,1632,4560
dummy,null_04971,1680,4560
dummy,null_04972,1728,4560
dummy,null_04973,1776,4560
dummy,null_04974,1824,4560
dummy,null_04975,1872,4560
dummy,null_04976,1920,4560
dummy,null_04977,1968,4560
dummy,null_04978,2016,4560
dummy,null_04979,2064,4560
dummy,null_04980,2112,4560
dummy,null_04981,2160,4560
dummy,null_04982,2208,4560
dummy,null_04983,2256,4560
dummy,null_04984,2304,4560
dummy,null_04985,2352,4560
dummy,null_04986,2400,4560
dummy,null_04987,2448,4560
dummy,null_04988,2496,4560
dummy,null_04989,0,4608
dummy,null_04990,48,4608
dummy,null_04991,96,4608
dummy,null_04992,144,4608
dummy,null_04993,192,4608
dummy,null_04994,240,4608
dummy,null_04995,288,4608
dummy,null_04996,336,4608
dummy,null_04997,384,4608
dummy,null_04998,432,4608
dummy,null_04999,480,4608
dummy,null_05000,528,4608
dummy,null_05001,576,4608
dummy,null_05002,624,4608
dummy,null_05003,672,4608
dummy,null_05004,720,4608
dummy,null_05005,768,4608
dummy,null_05006,816,4608
dummy,null_05007,864,4608
dummy,null_05008,912,4608
dummy,null_05009,960,4608
dummy,null_05010,1008,4608
dummy,null_05011,1056,4608
dummy,null_05012,1104,4608
dummy,null_05013,1152,4608
dummy,null_05014,1200,4608
dummy,null_05015,1248,4608
dummy,null_05016,1296,4608
dummy,null_05017,1344,4608
dummy,null_05018,1392,4608
dummy,null_05019,1440,4608
dummy,null_05020,1488,4608
dummy,null_05021,1536,4608
dummy,null_05022,1584,4608
dummy,null_05023,1632,4608
dummy,null_05024,1680,4608
dummy,null_05025,1728,4608
dummy,null_05026,1776,4608
dummy,null_05027,1824,4608
dummy,null_05028,1872,4608
dummy,null_05029,1920,4608
dummy,null_05030,1968,4608
dummy,null_05031,2016,4608
dummy,null_05032,2064,4608
dummy,null_05033,2112,4608
dummy,null_05034,2160,4608
dummy,null_05035,2208,4608
dummy,null_05036,2256,4608
dummy,null_05037,2304,4608
dummy,null_05038,2352,4608
dummy,null_05039,2400,4608
dummy,null_05040,2448,4608
dummy,null_05041,2496,4608
dummy,null_05042,0,4656
dummy,null_05043,48,4656
dummy,null_05044,96,4656
dummy,null_05045,144,4656
dummy,null_05046,192,4656
dummy,null_05047,240,4656
dummy,null_05048,288,4656
dummy,null_05049,336,4656
dummy,null_05050,384,4656
dummy,null_05051,432,4656
dummy,null_05052,480,4656
dummy,null_05053,528,4656
dummy,null_05054,576,4656
dummy,null_05055,624,4656
dummy,null_05056,672,4656
dummy,null_05057,720,4656
dummy,null_05058,768,4656
dummy,null_05059,816,4656
dummy,null_05060,864,4656
dummy,null_05061,912,4656
dummy,null_05062,960,4656
dummy,null_05063,1008,4656
dummy,null_05064,1056,4656
dummy,null_05065,1104,4656
dummy,null_05066,1152,4656
dummy,null_05067,1200,4656
dummy,null_05068,1248,4656
dummy,null_05069,1296,4656
dummy,null_05070,1344,4656
dummy,null_05071,1392,4656
dummy,null_05072,1440,4656
dummy,null_05073,1488,4656
dummy,null_05074,1536,4656
dummy,null_05075,1584,4656
dummy,null_05076,1632,4656
dummy,null_05077,1680,4656
dummy,null_05078,1728,4656
dummy,null_05079,1776,4656
dummy,null_05080,1824,4656
dummy,null_05081,1872,4656
dummy,null_05082,1920,4656
dummy,null_05083,1968,4656
dummy,null_05084,2016,4656
dummy,null_05085,2064,4656
dummy,null_05086,2112,4656
dummy,null_05087,2160,4656
dummy,null_05088,2208,4656
dummy,null_05089,2256,4656
dummy,null_05090,2304,4656
dummy,null_05091,2352,4656
dummy,null_05092,2400,4656
dummy,null_05093,2448,4656
dummy,null_05094,2496,4656
dummy,null_05095,0,4704
dummy,null_05096,48,4704
dummy,null_05097,96,4704
dummy,null_05098,144,4704
dummy,null_05099,192,4704
dummy,null_05100,240,4704
dummy,null_05101,288,4704
dummy,null_05102,336,4704
dummy,null_05103,384,4704
dummy,null_05104,432,4704
dummy,null_05105,480,4704
dummy,null_05106,528,4704
dummy,null_05107,576,4704
dummy,null_05108,624,4704
dummy,null_05109,672,4704
dummy,null_05110,720,4704
dummy,null_05111,768,4704
dummy,null_05112,816,4704
dummy,null_05113,864,4704
dummy,null_05114,912,4704
dummy,null_05115,960,4704
dummy,null_05116,1008,4704
dummy,null_05117,1056,4704
dummy,null_05118,1104,4704
dummy,null_05119,1152,4704
dummy,null_05120,1200,4704
dummy,null_05121,1248,4704
dummy,null_05122,1296,4704
dummy,null_05123,1344,4704
dummy,null_05124,1392,4704
dummy,null_05125,1440,4704
dummy,null_05126,1488,4704
dummy,null_05127,1536,4704
dummy,null_05128,1584,4704
dummy,null_05129,1632,4704
dummy,null_05130,1680,4704
dummy,null_05131,1728,4704
dummy,null_05132,1776,4704
dummy,null_05133,1824,4704
dummy,null_05134,1872,4704
dummy,null_05135,1920,4704
dummy,null_05136,1968,4704
dummy,null_05137,2016,4704
dummy,null_05138,2064,4704
dummy,null_05139,2112,4704
dummy,null_05140,2160,4704
dummy,null_05141,2208,4704
dummy,null_05142,2256,4704
dummy,null_05143,2304,4704
dummy,null_05144,2352,4704
dummy,null_05145,2400,4704
dummy,null_05146,2448,4704
dummy,null_05147,2496,4704
dummy,null_05148,0,4752
dummy,null_05149,48,4752
dummy,null_05150,96,4752
dummy,null_05151,144,4752
dummy,null_05152,192,4752
dummy,null_05153,240,4752
dummy,null_05154,288,4752
dummy,null_05155,336,4752
dummy,null_05156,384,4752
dummy,null_05157,432,4752
dummy,null_05158,480,4752
dummy,null_05159,528,4752
dummy,null_05160,576,4752
dummy,null_05161,624,4752
dummy,null_05162,672,4752
dummy,null_05163,720,4752
dummy,null_05164,768,4752
dummy,null_05165,816,4752
dummy,null_05166,864,4752
dummy,null_05167,912,4752
dummy,null_05168,960,4752
dummy,null_05169,1008,4752
dummy,null_05170,1056,4752
dummy,null_05171,1104,4752
dummy,null_05172,1152,4752
dummy,null_05173,1200,4752
dummy,null_05174,1248,4752
dummy,null_05175,1296,4752
dummy,null_05176,1344,4752
dummy,null_05177,1392,4752
dummy,null_05178,1440,4752
dummy,null_05179,1488,4752
dummy,null_05180,1536,4752
dummy,null_05181,1584,4752
dummy,null_05182,1632,4752
dummy,null_05183,1680,4752
dummy,null_05184,1728,4752
dummy,null_05185,1776,4752
dummy,null_05186,1824,4752
dummy,null_05187,1872,4752
dummy,null_05188,1920,4752
dummy,null_05189,1968,4752
dummy,null_05190,2016,4752
dummy,null_05191,2064,4752
dummy,null_05192,2112,4752
dummy,null_05193,2160,4752
dummy,null_05194,2208,4752
dummy,null_05195,2256,4752
dummy,null_05196,2304,4752
dummy,null_05197,2352,4752
dummy,null_05198,2400,4752
dummy,null_05199,2448,4752
dummy,null_05200,2496,4752
dummy,null_05201,0,4800
dummy,null_05202,48,4800
dummy,null_05203,96,4800
dummy,null_05204,144,4800
dummy,null_05205,192,4800
dummy,null_05206,240,4800
dummy,null_05207,288,4800
dummy,null_05208,336,4800
dummy,null_05209,384,4800
dummy,null_05210,432,4800
dummy,null_05211,480,4800
dummy,null_05212,528,4800
dummy,null_05213,576,4800
dummy,null_05214,624,4800
dummy,null_05215,672,4800
dummy,null_05216,720,4800
dummy,null_05217,768,4800
dummy,null_05218,816,4800
dummy,null_05219,864,4800
dummy,null_05220,912,4800
dummy,null_05221,960,4800
dummy,null_05222,1008,4800
dummy,null_05223,1056,4800
dummy,null_05224,1104,4800
dummy,null_05225,1152,4800
dummy,null_05226,1200,4800
dummy,null_05227,1248,4800
dummy,null_05228,1296,4800
dummy,null_05229,1344,4800
dummy,null_05230,1392,4800
dummy,null_05231,1440,4800
dummy,null_05232,1488,4800
dummy,null_05233,1536,4800
dummy,null_05234,1584,4800
dummy,null_05235,1632,4800
dummy,null_05236,1680,4800
dummy,null_05237,1728,4800
dummy,null_05238,1776,4800
dummy,null_05239,1824,4800
dummy,null_05240,1872,4800
dummy,null_05241,1920,4800
dummy,null_05242,1968,4800
dummy,null_05243,2016,4800
dummy,null_05244,2064,4800
dummy,null_05245,2112,4800
dummy,null_05246,2160,4800
dummy,null_05247,2208,4800
dummy,null_05248,2256,4800
dummy,null_05249,2304,4800
dummy,null_05250,2352,4800
dummy,null_05251,2400,4800
dummy,null_05252,2448,4800
dummy,null_05253,2496,4800
dummy,null_05254,0,4848
dummy,null_05255,48,4848
dummy,null_05256,96,4848
dummy,null_05257,144,4848
dummy,null_05258,192,4848
dummy,null_05259,240,4848
dummy,null_05260,288,4848
dummy,null_05261,336,4848
dummy,null_05262,384,4848
dummy,null_05263,432,4848
dummy,null_05264,480,4848
dummy,null_05265,528,4848
dummy,null_05266,576,4848
dummy,null_05267,624,4848
dummy,null_05268,672,4848
dummy,null_05269,720,4848
dummy,null_05270,768,4848
dummy,null_05271,816,4848
dummy,null_05272,864,4848
dummy,null_05273,912,4848
dummy,null_05274,960,4848
dummy,null_05275,1008,4848
dummy,null_05276,1056,4848
dummy,null_05277,1104,4848
dummy,null_05278,1152,4848
dummy,null_05279,1200,4848
dummy,null_05280,1248,4848
dummy,null_05281,1296,4848
dummy,null_05282,1344,4848
dummy,null_05283,1392,4848
dummy,null_05284,1440,4848
dummy,null_05285,1488,4848
dummy,null_05286,1536,4848
dummy,null_05287,1584,4848
dummy,null_05288,1632,4848
dummy,null_05289,1680,4848
dummy,null_05290,1728,4848
dummy,null_05291,1776,4848
dummy,null_05292,1824,4848
dummy,null_05293,1872,4848
dummy,null_05294,1920,4848
dummy,null_05295,1968,4848
dummy,null_05296,2016,4848
dummy,null_05297,2064,4848
dummy,null_05298,2112,4848
dummy,null_05299,2160,4848
dummy,null_05300,2208,4848
dummy,null_05301,2256,4848
dummy,null_05302,2304,4848
dummy,null_05303,2352,4848
dummy,null_05304,2400,4848
dummy,null_05305,2448,4848
dummy,null_05306,2496,4848
dummy,null_05307,0,4896
dummy,null_05308,48,4896
dummy,null_05309,96,4896
dummy,null_05310,144,4896
dummy,null_05311,192,4896
dummy,null_05312,240,4896
dummy,null_05313,288,4896
dummy,null_05314,336,4896
dummy,null_05315,384,4896
dummy,null_05316,432,4896
dummy,null_05317,480,4896
dummy,null_05318,528,4896
dummy,null_05319,576,4896
dummy,null_05320,624,4896
dummy,null_05321,672,4896
dummy,null_05322,720,4896
dummy,null_05323,768,4896
dummy,null_05324,816,4896
dummy,null_05325,864,4896
dummy,null_05326,912,4896
dummy,null_05327,960,4896
dummy,null_05328,1008,4896
dummy,null_05329,1056,4896
dummy,null_05330,1104,4896
dummy,null_05331,1152,4896
dummy,null_05332,1200,4896
dummy,null_05333,1248,4896
dummy,null_05334,1296,4896
dummy,null_05335,1344,4896
dummy,null_05336,1392,4896
dummy,null_05337,1440,4896
dummy,null_05338,1488,4896
dummy,null_05339,1536,4896
dummy,null_05340,1584,4896
dummy,null_05341,1632,4896
dummy,null_05342,1680,4896
dummy,null_05343,1728,4896
dummy,null_05344,1776,4896
dummy,null_05345,1824,4896
dummy,null_05346,1872,4896
dummy,null_05347,1920,4896
dummy,null_05348,1968,4896
dummy,null_05349,2016,4896
dummy,null_05350,2064,4896
dummy,null_05351,2112,4896
dummy,null_05352,2160,4896
dummy,null_05353,2208,4896
dummy,null_05354,2256,4896
dummy,null_05355,2304,4896
dummy,null_05356,2352,4896
dummy,null_05357,2400,4896
dummy,null_05358,2448,4896
dummy,null_05359,2496,4896
dummy,null_05360,0,4944
dummy,null_05361,48,4944
dummy,null_05362,96,4944
dummy,null_05363,144,4944
dummy,null_05364,192,4944
dummy,null_05365,240,4944
dummy,null_05366,288,4944
dummy,null_05367,336,4944
dummy,null_05368,384,4944
dummy,null_05369,432,4944
dummy,null_05370,480,4944
dummy,null_05371,528,4944
dummy,null_05372,576,4944
dummy,null_05373,624,4944
dummy,null_05374,672,4944
dummy,null_05375,720,4944
dummy,null_05376,768,4944
dummy,null_05377,816,4944
dummy,null_05378,864,4944
dummy,null_05379,912,4944
dummy,null_05380,960,4944
dummy,null_05381,1008,4944
dummy,null_05382,1056,4944
dummy,null_05383,1104,4944
dummy,null_05384,1152,4944
dummy,null_05385,1200,4944
dummy,null_05386,1248,4944
dummy,null_05387,1296,4944
dummy,null_05388,1344,4944
dummy,null_05389,1392,4944
dummy,null_05390,1440,4944
dummy,null_05391,1488,4944
dummy,null_05392,1536,4944
dummy,null_05393,1584,4944
dummy,null_05394,1632,4944
dummy,null_05395,1680,4944
dummy,null_05396,1728,4944
dummy,null_05397,1776,4944
dummy,null_05398,1824,4944
dummy,null_05399,1872,4944
dummy,null_05400,1920,4944
dummy,null_05401,1968,4944
dummy,null_05402,2016,4944
dummy,null_05403,2064,4944
dummy,null_05404,2112,4944
dummy,null_05405,2160,4944
dummy,null_05406,2208,4944
dummy,null_05407,2256,4944
dummy,null_05408,2304,4944
dummy,null_05409,2352,4944
dummy,null_05410,2400,4944
dummy,null_05411,2448,4944
dummy,null_05412,2496,4944
dummy,null_05413,0,4992
dummy,null_05414,48,4992
dummy,null_05415,96,4992
dummy,null_05416,144,4992
dummy,null_05417,192,4992
dummy,null_05418,240,4992
dummy,null_05419,288,4992
dummy,null_05420,336,4992
dummy,null_05421,384,4992
dummy,null_05422,432,4992
dummy,null_05423,480,4992
dummy,null_05424,528,4992
dummy,null_05425,576,4992
dummy,null_05426,624,4992
dummy,null_05427,672,4992
dummy,null_05428,720,4992
dummy,null_05429,768,4992
dummy,null_05430,816,4992
dummy,null_05431,864,4992
dummy,null_05432,912,4992
dummy,null_05433,960,4992
dummy,null_05434,1008,4992
dummy,null_05435,1056,4992
dummy,null_05436,1104,4992
dummy,null_05437,1152,4992
dummy,null_05438,1200,4992
dummy,null_05439,1248,4992
dummy,null_05440,1296,4992
dummy,null_05441,1344,4992
dummy,null_05442,1392,4992
dummy,null_05443,1440,4992
dummy,null_05444,1488,4992
dummy,null_05445,1536,4992
dummy,null_05446,1584,4992
dummy,null_05447,1632,4992
dummy,null_05448,1680,4992
dummy,null_05449,1728,4992
dummy,null_05450,1776,4992
dummy,null_05451,1824,4992
dummy,null_05452,1872,4992
dummy,null_05453,1920,4992
dummy,null_05454,1968,4992
dummy,null_05455,2016,4992
dummy,null_05456,2064,4992
dummy,null_05457,2112,4992
dummy,null_05458,2160,4992
dummy,null_05459,2208,4992
dummy,null_05460,2256,4992
dummy,null_05461,2304,4992
dummy,null_05462,2352,4992
dummy,null_05463,2400,4992
dummy,null_05464,2448,4992
dummy,null_05465,2496,4992
