group,micro_id,micro_x,micro_y
G1,0001,720,6288
G1,0002,816,6288
G1,0003,912,6288
G1,0004,768,6336
G1,0005,864,6336
G1,0006,720,6384
G1,0007,816,6384
G1,0008,912,6384
G1,0009,768,6432
G1,0010,864,6432
G1,0011,720,6480
G1,0012,816,6480
G1,0013,912,6480
G1,0014,768,6528
G1,0015,864,6528
G1,0016,720,6576
G1,0017,816,6576
G1,0018,912,6576
G1,0019,768,6624
G1,0020,864,6624
G1,0021,720,6672
G1,0022,816,6672
G1,0023,912,6672
G1,0024,768,6720
G1,0025,864,6720
G1,0026,720,6768
G1,0027,816,6768
G1,0028,912,6768
G1,0029,768,6816
G1,0030,864,6816
G2,0001,672,3072
G2,0002,768,3072
G2,0003,864,3072
G2,0004,624,3120
G2,0005,720,3120
G2,0006,816,3120
G2,0007,912,3120
G2,0008,672,3168
G2,0009,768,3168
G2,0010,864,3168
G2,0011,624,3216
G2,0012,720,3216
G2,0013,816,3216
G2,0014,912,3216
G2,0015,672,3264
G2,0016,768,3264
G2,0017,864,3264
G2,0018,624,3312
G2,0019,720,3312
G2,0020,816,3312
G2,0021,912,3312
G2,0022,672,3360
G2,0023,768,3360
G2,0024,864,3360
G2,0025,624,3408
G2,0026,720,3408
G2,0027,816,3408
G2,0028,912,3408
G2,0029,672,3456
G2,0030,768,3456
G1,0031,1200,4656
G1,0032,1296,4656
G1,0033,1392,4656
G1,0034,1488,4656
G1,0035,1248,4704
G1,0036,1344,4704
G1,0037,1440,4704
G1,0038,1200,4752
G1,0039,1296,4752
G1,0040,1392,4752
G1,0041,1488,4752
G1,0042,1248,4800
G1,0043,1344,4800
G1,0044,1440,4800
G1,0045,1200,4848
G1,0046,1296,4848
G1,0047,1392,4848
G1,0048,1488,4848
G1,0049,1248,4896
G1,0050,1344,4896
G1,0051,1440,4896
G1,0052,1200,4944
G1,0053,1296,4944
G1,0054,1392,4944
G1,0055,1488,4944
G1,0056,1248,4992
G1,0057,1344,4992
G1,0058,1440,4992
G1,0059,1200,5040
G1,0060,1296,5040
G1,0061,1392,5040
G1,0062,1488,5040
G1,0063,1248,5088
G1,0064,1344,5088
G1,0065,1440,5088
G1,0066,1200,5136
G1,0067,1296,5136
G1,0068,1392,5136
G1,0069,1488,5136
G1,0070,1248,5184
G1,0071,1344,5184
G1,0072,1440,5184
G1,0073,1200,5232
G1,0074,1296,5232
G1,0075,1392,5232
G1,0076,1824,6336
G1,0077,1920,6336
G1,0078,2016,6336
G1,0079,1776,6384
G1,0080,1872,6384
G1,0081,1968,6384
G1,0082,2064,6384
G1,0083,1824,6432
G1,0084,1920,6432
G1,0085,2016,6432
G1,0086,1776,6480
G1,0087,1872,6480
G1,0088,1968,6480
G1,0089,2064,6480
G1,0090,1824,6528
G1,0091,1920,6528
G1,0092,2016,6528
G1,0093,1776,6576
G1,0094,1872,6576
G1,0095,1968,6576
G1,0096,2064,6576
G1,0097,1824,6624
G1,0098,1920,6624
G1,0099,2016,6624
G1,0100,1776,6672
G1,0101,1872,6672
G1,0102,1968,6672
G1,0103,2064,6672
G1,0104,1824,6720
G1,0105,1920,6720
G1,0106,2016,6720
G1,0107,1776,6768
G1,0108,1872,6768
G1,0109,1968,6768
G1,0110,2064,6768
G1,0111,1824,6816
G1,0112,1776,3120
G1,0113,1872,3120
G1,0114,1968,3120
G1,0115,2064,3120
G1,0116,1824,3168
G1,0117,1920,3168
G1,0118,2016,3168
G1,0119,1776,3216
G1,0120,1872,3216
G1,0121,1968,3216
G1,0122,2064,3216
G1,0123,1824,3264
G1,0124,1920,3264
G1,0125,2016,3264
G1,0126,1776,3312
G1,0127,1872,3312
G1,0128,1968,3312
G1,0129,2064,3312
G1,0130,1824,3360
G1,0131,1920,3360
G1,0132,2016,3360
G1,0133,1776,3408
G1,0134,1872,3408
G1,0135,1968,3408
G1,0136,2064,3408
G1,0137,1824,3456
G1,0138,8688,6384
G1,0139,8784,6384
G1,0140,8640,6432
G1,0141,8736,6432
G1,0142,8832,6432
G1,0143,8688,6480
G1,0144,8784,6480
G1,0145,8640,6528
G1,0146,8736,6528
G1,0147,8832,6528
G1,0148,8688,6576
G1,0149,8784,6576
G1,0150,8640,6624
G1,0151,8736,6624
G1,0152,8832,6624
G1,0153,8688,6672
G1,0154,8784,6672
G1,0155,8640,6720
G1,0156,8736,6720
G1,0157,8832,6720
G1,0158,8688,6768
G1,0159,8784,6768
G1,0160,8640,6816
G1,0161,8736,6816
G1,0162,8832,6816
G1,0163,8688,6864
G1,0164,8784,6864
G1,0165,8640,6912
G1,0166,8736,6912
G1,0167,8832,6912
G1,0168,8688,6960
G1,0169,8784,6960
G1,0170,8640,7008
G2,0031,2928,6096
G2,0032,3024,6096
G2,0033,3120,6096
G2,0034,2976,6144
G2,0035,3072,6144
G2,0036,2928,6192
G2,0037,3024,6192
G2,0038,3120,6192
G2,0039,2976,6240
G2,0040,3072,6240
G2,0041,2928,6288
G2,0042,3024,6288
G2,0043,3120,6288
G2,0044,2976,6336
G2,0045,3072,6336
G2,0046,2928,6384
G2,0047,3024,6384
G2,0048,3120,6384
G2,0049,2976,6432
G2,0050,3072,6432
G2,0051,2928,6480
G2,0052,3024,6480
G2,0053,3120,6480
G2,0054,2976,6528
G2,0055,3072,6528
G2,0056,2928,6576
G2,0057,3024,6576
G2,0058,3120,6576
G2,0059,2976,6624
G2,0060,3072,6624
G2,0061,2928,6672
G2,0062,3024,6672
G2,0063,3120,6672
G2,0064,2976,6720
G2,0065,3072,6720
G2,0066,2928,6768
G2,0067,3024,6768
G2,0068,3120,6768
G2,0069,2976,6816
G2,0070,3072,6816
G2,0071,2928,6864
G3,0001,2880,2976
G3,0002,2976,2976
G3,0003,3072,2976
G3,0004,2832,3024
G3,0005,2928,3024
G3,0006,3024,3024
G3,0007,3120,3024
G3,0008,2880,3072
G3,0009,2976,3072
G3,0010,3072,3072
G3,0011,2832,3120
G3,0012,2928,3120
G3,0013,3024,3120
G3,0014,3120,3120
G3,0015,2880,3168
G3,0016,2976,3168
G3,0017,3072,3168
G3,0018,2832,3216
G3,0019,2928,3216
G3,0020,3024,3216
G3,0021,3120,3216
G3,0022,2880,3264
G3,0023,2976,3264
G3,0024,3072,3264
G3,0025,2832,3312
G3,0026,2928,3312
G3,0027,3024,3312
G2,0072,3552,4272
G2,0073,3504,4320
G2,0074,3600,4320
G2,0075,3552,4368
G2,0076,3504,4416
G2,0077,3600,4416
G2,0078,3552,4464
G2,0079,3504,4512
G2,0080,3600,4512
G2,0081,3552,4560
G2,0082,3504,4608
G2,0083,3600,4608
G2,0084,3552,4656
G2,0085,3504,4704
G2,0086,3600,4704
G2,0087,3552,4752
G2,0088,3504,4800
G2,0089,3600,4800
G2,0090,3552,4848
G2,0091,3504,4896
G2,0092,3600,4896
G2,0093,3552,4944
G2,0094,3504,4992
G2,0095,3600,4992
G2,0096,3552,5040
G2,0097,3504,5088
G2,0098,3600,5088
G2,0099,3552,5136
G2,0100,3504,5184
G2,0101,3600,5184
G2,0102,3552,5232
G2,0103,3504,5280
G2,0104,3600,5280
G2,0105,3552,5328
G2,0106,3504,5376
G2,0107,3600,5376
G2,0108,3552,5424
G2,0109,3504,5472
G1,0171,4032,6432
G1,0172,4128,6432
G1,0173,4224,6432
G1,0174,3984,6480
G1,0175,4080,6480
G1,0176,4176,6480
G1,0177,4272,6480
G1,0178,4032,6528
G1,0179,4128,6528
G1,0180,4224,6528
G1,0181,3984,6576
G1,0182,4080,6576
G1,0183,4176,6576
G1,0184,4272,6576
G1,0185,4032,6624
G1,0186,4128,6624
G1,0187,4224,6624
G1,0188,3984,6672
G1,0189,4080,6672
G1,0190,4176,6672
G1,0191,4272,6672
G1,0192,4032,6720
G1,0193,4128,6720
G1,0194,4224,6720
G1,0195,3984,6768
G1,0196,4080,6768
G1,0197,4176,6768
G1,0198,4272,6768
G1,0199,4032,6816
G1,0200,4128,6816
G2,0110,3984,3072
G2,0111,4080,3072
G2,0112,4176,3072
G2,0113,4272,3072
G2,0114,4032,3120
G2,0115,4128,3120
G2,0116,4224,3120
G2,0117,3984,3168
G2,0118,4080,3168
G2,0119,4176,3168
G2,0120,4272,3168
G2,0121,4032,3216
G2,0122,4128,3216
G2,0123,4224,3216
G2,0124,3984,3264
G2,0125,4080,3264
G2,0126,4176,3264
G2,0127,4272,3264
G2,0128,4032,3312
G2,0129,4128,3312
G2,0130,4224,3312
G2,0131,3984,3360
G2,0132,4080,3360
G2,0133,4176,3360
G2,0134,4272,3360
G2,0135,4032,3408
G2,0136,4128,3408
G2,0137,4224,3408
G2,0138,3984,3456
G2,0139,4080,3456
G2,0140,4176,3456
G2,0141,4272,3456
G2,0142,4032,3504
G2,0143,4128,3504
G2,0144,4224,3504
G2,0145,4560,7200
G2,0146,4656,7200
G2,0147,4752,7200
G2,0148,4512,7248
G2,0149,4608,7248
G2,0150,4704,7248
G2,0151,4800,7248
G2,0152,4560,7296
G2,0153,4656,7296
G2,0154,4752,7296
G2,0155,4512,7344
G2,0156,4608,7344
G2,0157,4704,7344
G2,0158,4800,7344
G2,0159,4560,7392
G2,0160,4656,7392
G2,0161,4752,7392
G2,0162,4512,7440
G2,0163,4608,7440
G2,0164,4704,7440
G2,0165,4800,7440
G2,0166,4560,7488
G2,0167,4656,7488
G2,0168,4752,7488
G2,0169,4512,7536
G2,0170,4608,7536
G2,0171,4704,7536
G2,0172,4800,7536
G2,0173,4560,7584
G2,0174,4656,7584
G2,0175,4752,7584
G2,0176,4512,4800
G2,0177,4608,4800
G2,0178,4704,4800
G2,0179,4800,4800
G2,0180,4560,4848
G2,0181,4656,4848
G2,0182,4752,4848
G2,0183,4512,4896
G2,0184,4608,4896
G2,0185,4704,4896
G2,0186,4800,4896
G2,0187,4560,4944
G2,0188,4656,4944
G2,0189,4752,4944
G2,0190,4512,4992
G2,0191,4608,4992
G2,0192,4704,4992
G2,0193,4800,4992
G2,0194,4560,5040
G2,0195,4656,5040
G2,0196,4752,5040
G2,0197,4512,5088
G2,0198,4608,5088
G2,0199,4704,5088
G2,0200,4800,5088
G2,0201,4560,5136
G3,0028,4656,2304
G3,0029,4752,2304
G3,0030,4608,2352
G3,0031,4704,2352
G3,0032,4800,2352
G3,0033,4656,2400
G3,0034,4752,2400
G3,0035,4608,2448
G3,0036,4704,2448
G3,0037,4800,2448
G3,0038,4656,2496
G3,0039,4752,2496
G3,0040,4608,2544
G3,0041,4704,2544
G3,0042,4800,2544
G3,0043,4656,2592
G3,0044,4752,2592
G3,0045,4608,2640
G3,0046,4704,2640
G3,0047,4800,2640
G3,0048,4656,2688
G3,0049,4752,2688
G3,0050,4608,2736
G2,0202,5136,4512
G2,0203,5232,4512
G2,0204,5328,4512
G2,0205,5184,4560
G2,0206,5280,4560
G2,0207,5136,4608
G2,0208,5232,4608
G2,0209,5328,4608
G2,0210,5184,4656
G2,0211,5280,4656
G2,0212,5136,4704
G2,0213,5232,4704
G2,0214,5328,4704
G2,0215,5184,4752
G2,0216,5280,4752
G2,0217,5136,4800
G2,0218,5232,4800
G2,0219,5328,4800
G2,0220,5184,4848
G2,0221,5280,4848
G2,0222,5136,4896
G2,0223,5232,4896
G2,0224,5328,4896
G2,0225,5184,4944
G2,0226,5280,4944
G2,0227,5136,4992
G2,0228,5232,4992
G2,0229,5328,4992
G2,0230,5184,5040
G2,0231,5280,5040
G2,0232,5136,5088
G2,0233,5232,5088
G2,0234,5328,5088
G2,0235,5184,5136
G2,0236,5280,5136
G2,0237,5136,5184
G2,0238,5232,5184
G2,0239,5328,5184
G2,0240,5184,5232
G2,0241,5280,5232
G2,0242,5136,5280
G2,0243,5664,6288
G2,0244,5760,6288
G2,0245,5856,6288
G2,0246,5616,6336
G2,0247,5712,6336
G2,0248,5808,6336
G2,0249,5904,6336
G2,0250,5664,6384
G2,0251,5760,6384
G2,0252,5856,6384
G2,0253,5616,6432
G2,0254,5712,6432
G2,0255,5808,6432
G2,0256,5904,6432
G2,0257,5664,6480
G2,0258,5760,6480
G2,0259,5856,6480
G2,0260,5616,6528
G2,0261,5712,6528
G2,0262,5808,6528
G2,0263,5904,6528
G2,0264,5664,6576
G2,0265,5760,6576
G2,0266,5856,6576
G2,0267,5616,6624
G2,0268,5712,6624
G2,0269,5808,6624
G2,0270,5904,6624
G2,0271,5664,6672
G2,0272,5760,6672
G2,0273,5856,6672
G2,0274,5616,6720
G2,0275,5712,6720
G2,0276,5808,6720
G2,0277,5904,6720
G2,0278,5664,6768
G2,0279,5760,6768
G2,0280,5856,6768
G2,0281,5664,3072
G2,0282,5760,3072
G2,0283,5856,3072
G2,0284,5616,3120
G2,0285,5712,3120
G2,0286,5808,3120
G2,0287,5904,3120
G2,0288,5664,3168
G2,0289,5760,3168
G2,0290,5856,3168
G2,0291,5616,3216
G2,0292,5712,3216
G2,0293,5808,3216
G2,0294,5904,3216
G2,0295,5664,3264
G2,0296,5760,3264
G2,0297,5856,3264
G2,0298,5616,3312
G2,0299,5712,3312
G2,0300,5808,3312
G2,0301,5904,3312
G2,0302,5664,3360
G2,0303,5760,3360
G2,0304,5856,3360
G2,0305,5616,3408
G2,0306,5712,3408
G2,0307,5808,3408
G2,0308,6288,4608
G2,0309,6384,4608
G2,0310,6480,4608
G2,0311,6336,4656
G2,0312,6432,4656
G2,0313,6288,4704
G2,0314,6384,4704
G2,0315,6480,4704
G2,0316,6336,4752
G2,0317,6432,4752
G2,0318,6288,4800
G2,0319,6384,4800
G2,0320,6480,4800
G2,0321,6336,4848
G2,0322,6432,4848
G2,0323,6288,4896
G2,0324,6384,4896
G2,0325,6480,4896
G2,0326,6336,4944
G2,0327,6432,4944
G2,0328,6288,4992
G2,0329,6384,4992
G2,0330,6480,4992
G2,0331,6336,5040
G2,0332,6432,5040
G2,0333,6288,5088
G2,0334,6384,5088
G2,0335,6480,5088
G2,0336,6336,5136
G2,0337,6432,5136
G2,0338,6288,5184
G2,0339,6384,5184
G2,0340,6480,5184
G2,0341,6336,5232
G2,0342,6432,5232
G2,0343,6768,6240
G2,0344,6864,6240
G2,0345,6720,6288
G2,0346,6816,6288
G2,0347,6912,6288
G2,0348,6768,6336
G2,0349,6864,6336
G2,0350,6720,6384
G2,0351,6816,6384
G2,0352,6912,6384
G2,0353,6768,6432
G2,0354,6864,6432
G2,0355,6720,6480
G2,0356,6816,6480
G2,0357,6912,6480
G2,0358,6768,6528
G2,0359,6864,6528
G2,0360,6720,6576
G2,0361,6816,6576
G2,0362,6912,6576
G2,0363,6768,6624
G2,0364,6864,6624
G2,0365,6720,6672
G2,0366,6816,6672
G2,0367,6912,6672
G2,0368,6768,6720
G2,0369,6864,6720
G2,0370,6720,6768
G2,0371,6816,6768
G2,0372,6912,6768
G2,0373,6768,6816
G2,0374,6864,6816
G2,0375,6720,6864
G2,0376,6768,2976
G2,0377,6864,2976
G2,0378,6720,3024
G2,0379,6816,3024
G2,0380,6912,3024
G2,0381,6768,3072
G2,0382,6864,3072
G2,0383,6720,3120
G2,0384,6816,3120
G2,0385,6912,3120
G2,0386,6768,3168
G2,0387,6864,3168
G2,0388,6720,3216
G2,0389,6816,3216
G2,0390,6912,3216
G2,0391,6768,3264
G2,0392,6864,3264
G2,0393,6720,3312
G2,0394,6816,3312
G2,0395,6912,3312
G2,0396,6768,3360
G2,0397,6864,3360
G2,0398,6720,3408
G2,0399,6816,3408
G2,0400,6912,3408
G2,0401,6768,3456
G2,0402,7248,4224
G2,0403,7200,4272
G2,0404,7296,4272
G2,0405,7248,4320
G2,0406,7200,4368
G2,0407,7296,4368
G2,0408,7248,4416
G2,0409,7200,4464
G2,0410,7296,4464
G2,0411,7248,4512
G2,0412,7200,4560
G2,0413,7296,4560
G2,0414,7248,4608
G2,0415,7200,4656
G2,0416,7296,4656
G2,0417,7248,4704
G2,0418,7200,4752
G2,0419,7296,4752
G2,0420,7248,4800
G2,0421,7200,4848
G2,0422,7296,4848
G2,0423,7248,4896
G2,0424,7200,4944
G2,0425,7296,4944
G2,0426,7248,4992
G2,0427,7200,5040
G2,0428,7296,5040
G2,0429,7248,5088
G2,0430,7200,5136
G2,0431,7296,5136
G2,0432,7248,5184
G2,0433,7200,5232
G2,0434,7296,5232
G2,0435,7248,5280
G2,0436,7200,5328
G2,0437,7296,5328
G2,0438,7248,5376
G2,0439,7200,5424
G2,0440,7296,5424
G2,0441,7248,5472
G2,0442,7200,5520
G2,0443,7296,5520
G2,0444,7680,6384
G2,0445,7776,6384
G2,0446,7872,6384
G2,0447,7968,6384
G2,0448,7728,6432
G2,0449,7824,6432
G2,0450,7920,6432
G2,0451,7680,6480
G2,0452,7776,6480
G2,0453,7872,6480
G2,0454,7968,6480
G2,0455,7728,6528
G2,0456,7824,6528
G2,0457,7920,6528
G2,0458,7680,6576
G2,0459,7776,6576
G2,0460,7872,6576
G2,0461,7968,6576
G2,0462,7728,6624
G2,0463,7824,6624
G2,0464,7920,6624
G2,0465,7680,6672
G2,0466,7776,6672
G2,0467,7872,6672
G2,0468,7968,6672
G2,0469,7728,6720
G2,0470,7824,6720
G2,0471,7920,6720
G2,0472,7680,6768
G2,0473,7776,6768
G2,0474,7872,6768
G2,0475,7968,6768
G2,0476,7728,6816
G2,0477,7824,6816
G2,0478,7920,6816
G2,0479,7680,6864
G2,0480,7776,6864
G2,0481,7872,6864
G2,0482,7968,6864
G2,0483,7728,6912
G2,0484,7824,6912
G2,0485,7824,2928
G2,0486,7776,2976
G2,0487,7872,2976
G2,0488,7824,3024
G2,0489,7776,3072
G2,0490,7872,3072
G2,0491,7824,3120
G2,0492,7776,3168
G2,0493,7872,3168
G2,0494,7824,3216
G2,0495,7776,3264
G2,0496,7872,3264
G2,0497,7824,3312
G2,0498,7776,3360
G2,0499,7872,3360
G2,0500,7824,3408
G2,0501,7776,3456
G2,0502,7872,3456
G2,0503,7824,3504
G2,0504,7776,3552
G2,0505,7872,3552
G2,0506,7824,3600
G2,0507,7776,3648
G2,0508,8160,4368
G2,0509,8256,4368
G2,0510,8208,4416
G2,0511,8160,4464
G2,0512,8256,4464
G2,0513,8208,4512
G2,0514,8160,4560
G2,0515,8256,4560
G2,0516,8208,4608
G2,0517,8160,4656
G2,0518,8256,4656
G2,0519,8208,4704
G2,0520,8160,4752
G2,0521,8256,4752
G2,0522,8208,4800
G2,0523,8160,4848
G2,0524,8256,4848
G2,0525,8208,4896
G2,0526,8160,4944
G2,0527,8256,4944
G2,0528,8208,4992
G2,0529,8160,5040
G2,0530,8256,5040
G2,0531,8208,5088
G2,0532,8160,5136
G2,0533,8256,5136
G2,0534,8208,5184
G2,0535,8160,5232
G2,0536,8256,5232
G2,0537,8208,5280
G2,0538,8160,5328
G2,0539,8256,5328
G2,0540,8208,5376
G2,0541,8160,5424
G2,0542,2304,4608
G2,0543,2400,4608
G2,0544,2496,4608
G2,0545,2352,4656
G2,0546,2448,4656
G2,0547,2304,4704
G2,0548,2400,4704
G2,0549,2496,4704
G2,0550,2352,4752
G2,0551,2448,4752
G2,0552,2304,4800
G2,0553,2400,4800
G2,0554,2496,4800
G2,0555,2352,4848
G2,0556,2448,4848
G2,0557,2304,4896
G2,0558,2400,4896
G2,0559,2496,4896
G2,0560,2352,4944
G2,0561,2448,4944
G2,0562,2304,4992
G2,0563,2400,4992
G2,0564,2496,4992
G2,0565,2352,5040
G2,0566,2448,5040
G2,0567,2304,5088
G2,0568,2400,5088
G2,0569,2496,5088
G2,0570,2352,5136
G2,0571,2448,5136
G2,0572,2304,5184
G2,0573,2400,5184
G2,0574,2496,5184
G3,0051,9168,6048
G3,0052,9120,6096
G3,0053,9216,6096
G3,0054,9168,6144
G3,0055,9120,6192
G3,0056,9216,6192
G3,0057,9168,6240
G3,0058,9120,6288
G3,0059,9216,6288
G3,0060,9168,6336
G3,0061,9120,6384
G3,0062,9216,6384
G3,0063,9168,6432
G3,0064,9120,6480
G3,0065,9216,6480
G3,0066,9168,6528
G3,0067,9120,6576
G3,0068,9216,6576
G3,0069,9168,6624
G3,0070,9120,6672
G3,0071,9216,6672
G3,0072,9168,6720
G3,0073,9120,6768
G3,0074,9216,6768
G3,0075,9168,6816
G3,0076,9120,6864
G3,0077,9216,6864
G3,0078,9168,6912
G2,0575,8640,2832
G2,0576,8736,2832
G2,0577,8688,2880
G2,0578,8640,2928
G2,0579,8736,2928
G2,0580,8688,2976
G2,0581,8640,3024
G2,0582,8736,3024
G2,0583,8688,3072
G2,0584,8640,3120
G2,0585,8736,3120
G2,0586,8688,3168
G2,0587,8640,3216
G2,0588,8736,3216
G2,0589,8688,3264
G2,0590,8640,3312
G2,0591,8736,3312
G2,0592,8688,3360
G2,0593,8640,3408
G2,0594,8736,3408
G2,0595,8688,3456
G2,0596,8640,3504
G2,0597,8736,3504
G2,0598,8688,3552
G2,0599,8640,3600
G2,0600,8736,3600
G2,0601,8688,3648
G2,0602,8640,3696
G3,0079,9120,2928
G3,0080,9216,2928
G3,0081,9312,2928
G3,0082,9168,2976
G3,0083,9264,2976
G3,0084,9120,3024
G3,0085,9216,3024
G3,0086,9312,3024
G3,0087,9168,3072
G3,0088,9264,3072
G3,0089,9120,3120
G3,0090,9216,3120
G3,0091,9312,3120
G3,0092,9168,3168
G3,0093,9264,3168
G3,0094,9120,3216
G3,0095,9216,3216
G3,0096,9312,3216
G3,0097,9168,3264
G3,0098,9264,3264
G3,0099,9120,3312
G3,0100,9216,3312
dummy,null_00001,0,0
dummy,null_00002,48,0
dummy,null_00003,288,0
dummy,null_00004,336,0
dummy,null_00005,480,0
dummy,null_00006,576,0
dummy,null_00007,912,0
dummy,null_00008,1008,0
dummy,null_00009,1200,0
dummy,null_00010,1248,0
dummy,null_00011,1392,0
dummy,null_00012,1536,0
dummy,null_00013,1584,0
dummy,null_00014,1680,0
dummy,null_00015,1728,0
dummy,null_00016,1776,0
dummy,null_00017,1824,0
dummy,null_00018,1968,0
dummy,null_00019,2016,0
dummy,null_00020,2064,0
dummy,null_00021,2112,0
dummy,null_00022,2256,0
dummy,null_00023,2352,0
dummy,null_00024,2448,0
dummy,null_00025,2592,0
dummy,null_00026,2640,0
dummy,null_00027,2688,0
dummy,null_00028,2736,0
dummy,null_00029,2784,0
dummy,null_00030,2832,0
dummy,null_00031,2880,0
dummy,null_00032,3168,0
dummy,null_00033,3216,0
dummy,null_00034,3408,0
dummy,null_00035,3456,0
dummy,null_00036,3696,0
dummy,null_00037,3840,0
dummy,null_00038,3888,0
dummy,null_00039,3936,0
dummy,null_00040,3984,0
dummy,null_00041,4032,0
dummy,null_00042,4080,0
dummy,null_00043,4224,0
dummy,null_00044,4416,0
dummy,null_00045,4512,0
dummy,null_00046,4560,0
dummy,null_00047,4608,0
dummy,null_00048,4704,0
dummy,null_00049,4752,0
dummy,null_00050,4848,0
dummy,null_00051,4896,0
dummy,null_00052,4944,0
dummy,null_00053,4992,0
dummy,null_00054,5184,0
dummy,null_00055,5328,0
dummy,null_00056,5520,0
dummy,null_00057,5616,0
dummy,null_00058,5664,0
dummy,null_00059,5712,0
dummy,null_00060,5856,0
dummy,null_00061,6000,0
dummy,null_00062,6096,0
dummy,null_00063,6240,0
dummy,null_00064,6288,0
dummy,null_00065,6384,0
dummy,null_00066,6432,0
dummy,null_00067,6480,0
dummy,null_00068,6672,0
dummy,null_00069,6720,0
dummy,null_00070,6768,0
dummy,null_00071,6816,0
dummy,null_00072,6912,0
dummy,null_00073,7008,0
dummy,null_00074,7104,0
dummy,null_00075,7200,0
dummy,null_00076,7344,0
dummy,null_00077,7440,0
dummy,null_00078,7488,0
dummy,null_00079,7632,0
dummy,null_00080,7776,0
dummy,null_00081,7824,0
dummy,null_00082,8016,0
dummy,null_00083,8064,0
dummy,null_00084,8112,0
dummy,null_00085,8160,0
dummy,null_00086,8208,0
dummy,null_00087,8304,0
dummy,null_00088,8352,0
dummy,null_00089,8448,0
dummy,null_00090,8496,0
dummy,null_00091,8544,0
dummy,null_00092,8592,0
dummy,null_00093,8688,0
dummy,null_00094,8784,0
dummy,null_00095,8880,0
dummy,null_00096,8928,0
dummy,null_00097,9264,0
dummy,null_00098,9312,0
dummy,null_00099,9360,0
dummy,null_00100,9552,0
dummy,null_00101,9648,0
dummy,null_00102,9744,0
dummy,null_00103,9936,0
dummy,null_00104,144,48
dummy,null_00105,192,48
dummy,null_00106,240,48
dummy,null_00107,336,48
dummy,null_00108,480,48
dummy,null_00109,528,48
dummy,null_00110,720,48
dummy,null_00111,768,48
dummy,null_00112,864,48
dummy,null_00113,912,48
dummy,null_00114,960,48
dummy,null_00115,1056,48
dummy,null_00116,1104,48
dummy,null_00117,1152,48
dummy,null_00118,1200,48
dummy,null_00119,1344,48
dummy,null_00120,1392,48
dummy,null_00121,1488,48
dummy,null_00122,1632,48
dummy,null_00123,1728,48
dummy,null_00124,1872,48
dummy,null_00125,2016,48
dummy,null_00126,2064,48
dummy,null_00127,2112,48
dummy,null_00128,2304,48
dummy,null_00129,2352,48
dummy,null_00130,2400,48
dummy,null_00131,2496,48
dummy,null_00132,2544,48
dummy,null_00133,2640,48
dummy,null_00134,2736,48
dummy,null_00135,2832,48
dummy,null_00136,2928,48
dummy,null_00137,3072,48
dummy,null_00138,3168,48
dummy,null_00139,3216,48
dummy,null_00140,3264,48
dummy,null_00141,3408,48
dummy,null_00142,3552,48
dummy,null_00143,3600,48
dummy,null_00144,3888,48
dummy,null_00145,3984,48
dummy,null_00146,4032,48
dummy,null_00147,4080,48
dummy,null_00148,4176,48
dummy,null_00149,4416,48
dummy,null_00150,4512,48
dummy,null_00151,4656,48
dummy,null_00152,4800,48
dummy,null_00153,4992,48
dummy,null_00154,5088,48
dummy,null_00155,5136,48
dummy,null_00156,5280,48
dummy,null_00157,5424,48
dummy,null_00158,5472,48
dummy,null_00159,5616,48
dummy,null_00160,5808,48
dummy,null_00161,5856,48
dummy,null_00162,5904,48
dummy,null_00163,6288,48
dummy,null_00164,6336,48
dummy,null_00165,6432,48
dummy,null_00166,6528,48
dummy,null_00167,6576,48
dummy,null_00168,6624,48
dummy,null_00169,6720,48
dummy,null_00170,6768,48
dummy,null_00171,6816,48
dummy,null_00172,7152,48
dummy,null_00173,7392,48
dummy,null_00174,7440,48
dummy,null_00175,7488,48
dummy,null_00176,7584,48
dummy,null_00177,7632,48
dummy,null_00178,7968,48
dummy,null_00179,8256,48
dummy,null_00180,8352,48
dummy,null_00181,8448,48
dummy,null_00182,8496,48
dummy,null_00183,8544,48
dummy,null_00184,8688,48
dummy,null_00185,8736,48
dummy,null_00186,8880,48
dummy,null_00187,8928,48
dummy,null_00188,9216,48
dummy,null_00189,9264,48
dummy,null_00190,9312,48
dummy,null_00191,9360,48
dummy,null_00192,9456,48
dummy,null_00193,9504,48
dummy,null_00194,9552,48
dummy,null_00195,9600,48
dummy,null_00196,9696,48
dummy,null_00197,9840,48
dummy,null_00198,9936,48
dummy,null_00199,9984,48
dummy,null_00200,0,96
dummy,null_00201,48,96
dummy,null_00202,96,96
dummy,null_00203,192,96
dummy,null_00204,240,96
dummy,null_00205,288,96
dummy,null_00206,336,96
dummy,null_00207,480,96
dummy,null_00208,624,96
dummy,null_00209,672,96
dummy,null_00210,720,96
dummy,null_00211,768,96
dummy,null_00212,864,96
dummy,null_00213,960,96
dummy,null_00214,1008,96
dummy,null_00215,1056,96
dummy,null_00216,1152,96
dummy,null_00217,1200,96
dummy,null_00218,1344,96
dummy,null_00219,1440,96
dummy,null_00220,1536,96
dummy,null_00221,1632,96
dummy,null_00222,1728,96
dummy,null_00223,1776,96
dummy,null_00224,2016,96
dummy,null_00225,2160,96
dummy,null_00226,2208,96
dummy,null_00227,2256,96
dummy,null_00228,2304,96
dummy,null_00229,2352,96
dummy,null_00230,2448,96
dummy,null_00231,2496,96
dummy,null_00232,2592,96
dummy,null_00233,2640,96
dummy,null_00234,2688,96
dummy,null_00235,2784,96
dummy,null_00236,2832,96
dummy,null_00237,2880,96
dummy,null_00238,3024,96
dummy,null_00239,3168,96
dummy,null_00240,3312,96
dummy,null_00241,3360,96
dummy,null_00242,3552,96
dummy,null_00243,3600,96
dummy,null_00244,3696,96
dummy,null_00245,3792,96
dummy,null_00246,3840,96
dummy,null_00247,3936,96
dummy,null_00248,3984,96
dummy,null_00249,4032,96
dummy,null_00250,4080,96
dummy,null_00251,4176,96
dummy,null_00252,4272,96
dummy,null_00253,4320,96
dummy,null_00254,4368,96
dummy,null_00255,4464,96
dummy,null_00256,4512,96
dummy,null_00257,4704,96
dummy,null_00258,4752,96
dummy,null_00259,4800,96
dummy,null_00260,4896,96
dummy,null_00261,4944,96
dummy,null_00262,4992,96
dummy,null_00263,5040,96
dummy,null_00264,5280,96
dummy,null_00265,5472,96
dummy,null_00266,5568,96
dummy,null_00267,5616,96
dummy,null_00268,5664,96
dummy,null_00269,5712,96
dummy,null_00270,5760,96
dummy,null_00271,5904,96
dummy,null_00272,5952,96
dummy,null_00273,6000,96
dummy,null_00274,6048,96
dummy,null_00275,6144,96
dummy,null_00276,6192,96
dummy,null_00277,6288,96
dummy,null_00278,6336,96
dummy,null_00279,6480,96
dummy,null_00280,6624,96
dummy,null_00281,6672,96
dummy,null_00282,6768,96
dummy,null_00283,6816,96
dummy,null_00284,6912,96
dummy,null_00285,7008,96
dummy,null_00286,7104,96
dummy,null_00287,7200,96
dummy,null_00288,7392,96
dummy,null_00289,7488,96
dummy,null_00290,7680,96
dummy,null_00291,7728,96
dummy,null_00292,7776,96
dummy,null_00293,7920,96
dummy,null_00294,7968,96
dummy,null_00295,8016,96
dummy,null_00296,8064,96
dummy,null_00297,8112,96
dummy,null_00298,8208,96
dummy,null_00299,8256,96
dummy,null_00300,8352,96
dummy,null_00301,8496,96
dummy,null_00302,8640,96
dummy,null_00303,8832,96
dummy,null_00304,8880,96
dummy,null_00305,8928,96
dummy,null_00306,8976,96
dummy,null_00307,9120,96
dummy,null_00308,9168,96
dummy,null_00309,9312,96
dummy,null_00310,9360,96
dummy,null_00311,9408,96
dummy,null_00312,9456,96
dummy,null_00313,9504,96
dummy,null_00314,9696,96
dummy,null_00315,9792,96
dummy,null_00316,9840,96
dummy,null_00317,9984,96
dummy,null_00318,0,144
dummy,null_00319,144,144
dummy,null_00320,192,144
dummy,null_00321,240,144
dummy,null_00322,336,144
dummy,null_00323,384,144
dummy,null_00324,480,144
dummy,null_00325,672,144
dummy,null_00326,720,144
dummy,null_00327,816,144
dummy,null_00328,912,144
dummy,null_00329,960,144
dummy,null_00330,1008,144
dummy,null_00331,1056,144
dummy,null_00332,1104,144
dummy,null_00333,1152,144
dummy,null_00334,1200,144
dummy,null_00335,1296,144
dummy,null_00336,1392,144
dummy,null_00337,1920,144
dummy,null_00338,1968,144
dummy,null_00339,2016,144
dummy,null_00340,2160,144
dummy,null_00341,2256,144
dummy,null_00342,2304,144
dummy,null_00343,2352,144
dummy,null_00344,2448,144
dummy,null_00345,2496,144
dummy,null_00346,2544,144
dummy,null_00347,2592,144
dummy,null_00348,2688,144
dummy,null_00349,2784,144
dummy,null_00350,2976,144
dummy,null_00351,3072,144
dummy,null_00352,3312,144
dummy,null_00353,3360,144
dummy,null_00354,3408,144
dummy,null_00355,3456,144
dummy,null_00356,3504,144
dummy,null_00357,3792,144
dummy,null_00358,3936,144
dummy,null_00359,3984,144
dummy,null_00360,4032,144
dummy,null_00361,4080,144
dummy,null_00362,4224,144
dummy,null_00363,4272,144
dummy,null_00364,4368,144
dummy,null_00365,4464,144
dummy,null_00366,4512,144
dummy,null_00367,4608,144
dummy,null_00368,4656,144
dummy,null_00369,4752,144
dummy,null_00370,4800,144
dummy,null_00371,4848,144
dummy,null_00372,4944,144
dummy,null_00373,4992,144
dummy,null_00374,5136,144
dummy,null_00375,5280,144
dummy,null_00376,5424,144
dummy,null_00377,5520,144
dummy,null_00378,5760,144
dummy,null_00379,5808,144
dummy,null_00380,5904,144
dummy,null_00381,5952,144
dummy,null_00382,6048,144
dummy,null_00383,6096,144
dummy,null_00384,6384,144
dummy,null_00385,6432,144
dummy,null_00386,6480,144
dummy,null_00387,6576,144
dummy,null_00388,6624,144
dummy,null_00389,6672,144
dummy,null_00390,6720,144
dummy,null_00391,6864,144
dummy,null_00392,6912,144
dummy,null_00393,7008,144
dummy,null_00394,7056,144
dummy,null_00395,7104,144
dummy,null_00396,7200,144
dummy,null_00397,7248,144
dummy,null_00398,7536,144
dummy,null_00399,7584,144
dummy,null_00400,7632,144
dummy,null_00401,7728,144
dummy,null_00402,7824,144
dummy,null_00403,7920,144
dummy,null_00404,7968,144
dummy,null_00405,8064,144
dummy,null_00406,8112,144
dummy,null_00407,8160,144
dummy,null_00408,8208,144
dummy,null_00409,8304,144
dummy,null_00410,8400,144
dummy,null_00411,8544,144
dummy,null_00412,8832,144
dummy,null_00413,8928,144
dummy,null_00414,9024,144
dummy,null_00415,9168,144
dummy,null_00416,9312,144
dummy,null_00417,9408,144
dummy,null_00418,9552,144
dummy,null_00419,9600,144
dummy,null_00420,9792,144
dummy,null_00421,9888,144
dummy,null_00422,0,192
dummy,null_00423,48,192
dummy,null_00424,192,192
dummy,null_00425,288,192
dummy,null_00426,336,192
dummy,null_00427,384,192
dummy,null_00428,528,192
dummy,null_00429,624,192
dummy,null_00430,672,192
dummy,null_00431,768,192
dummy,null_00432,816,192
dummy,null_00433,864,192
dummy,null_00434,912,192
dummy,null_00435,1008,192
dummy,null_00436,1104,192
dummy,null_00437,1248,192
dummy,null_00438,1296,192
dummy,null_00439,1392,192
dummy,null_00440,1440,192
dummy,null_00441,1536,192
dummy,null_00442,1632,192
dummy,null_00443,1680,192
dummy,null_00444,1920,192
dummy,null_00445,2016,192
dummy,null_00446,2064,192
dummy,null_00447,2112,192
dummy,null_00448,2400,192
dummy,null_00449,2592,192
dummy,null_00450,2640,192
dummy,null_00451,2736,192
dummy,null_00452,2784,192
dummy,null_00453,2928,192
dummy,null_00454,2976,192
dummy,null_00455,3024,192
dummy,null_00456,3072,192
dummy,null_00457,3216,192
dummy,null_00458,3312,192
dummy,null_00459,3360,192
dummy,null_00460,3552,192
dummy,null_00461,3600,192
dummy,null_00462,3648,192
dummy,null_00463,3696,192
dummy,null_00464,3744,192
dummy,null_00465,3792,192
dummy,null_00466,3936,192
dummy,null_00467,3984,192
dummy,null_00468,4032,192
dummy,null_00469,4272,192
dummy,null_00470,4320,192
dummy,null_00471,4368,192
dummy,null_00472,4416,192
dummy,null_00473,4464,192
dummy,null_00474,4560,192
dummy,null_00475,4608,192
dummy,null_00476,4704,192
dummy,null_00477,4800,192
dummy,null_00478,4848,192
dummy,null_00479,4944,192
dummy,null_00480,4992,192
dummy,null_00481,5040,192
dummy,null_00482,5184,192
dummy,null_00483,5232,192
dummy,null_00484,5376,192
dummy,null_00485,5424,192
dummy,null_00486,5568,192
dummy,null_00487,5616,192
dummy,null_00488,5664,192
dummy,null_00489,5904,192
dummy,null_00490,6000,192
dummy,null_00491,6048,192
dummy,null_00492,6144,192
dummy,null_00493,6240,192
dummy,null_00494,6336,192
dummy,null_00495,6432,192
dummy,null_00496,6528,192
dummy,null_00497,6624,192
dummy,null_00498,6720,192
dummy,null_00499,6816,192
dummy,null_00500,6864,192
dummy,null_00501,7008,192
dummy,null_00502,7152,192
dummy,null_00503,7200,192
dummy,null_00504,7248,192
dummy,null_00505,7344,192
dummy,null_00506,7488,192
dummy,null_00507,7536,192
dummy,null_00508,7680,192
dummy,null_00509,7872,192
dummy,null_00510,7968,192
dummy,null_00511,8064,192
dummy,null_00512,8160,192
dummy,null_00513,8400,192
dummy,null_00514,8640,192
dummy,null_00515,9072,192
dummy,null_00516,9264,192
dummy,null_00517,9312,192
dummy,null_00518,9360,192
dummy,null_00519,9408,192
dummy,null_00520,9456,192
dummy,null_00521,9552,192
dummy,null_00522,9600,192
dummy,null_00523,9840,192
dummy,null_00524,9984,192
dummy,null_00525,0,240
dummy,null_00526,96,240
dummy,null_00527,144,240
dummy,null_00528,192,240
dummy,null_00529,336,240
dummy,null_00530,576,240
dummy,null_00531,672,240
dummy,null_00532,816,240
dummy,null_00533,912,240
dummy,null_00534,1056,240
dummy,null_00535,1152,240
dummy,null_00536,1296,240
dummy,null_00537,1440,240
dummy,null_00538,1920,240
dummy,null_00539,2016,240
dummy,null_00540,2112,240
dummy,null_00541,2160,240
dummy,null_00542,2208,240
dummy,null_00543,2256,240
dummy,null_00544,2304,240
dummy,null_00545,2400,240
dummy,null_00546,2448,240
dummy,null_00547,2544,240
dummy,null_00548,2592,240
dummy,null_00549,2640,240
dummy,null_00550,2832,240
dummy,null_00551,2928,240
dummy,null_00552,2976,240
dummy,null_00553,3072,240
dummy,null_00554,3168,240
dummy,null_00555,3312,240
dummy,null_00556,3360,240
dummy,null_00557,3408,240
dummy,null_00558,3456,240
dummy,null_00559,3504,240
dummy,null_00560,3600,240
dummy,null_00561,3648,240
dummy,null_00562,3744,240
dummy,null_00563,3840,240
dummy,null_00564,3888,240
dummy,null_00565,3984,240
dummy,null_00566,4032,240
dummy,null_00567,4080,240
dummy,null_00568,4128,240
dummy,null_00569,4272,240
dummy,null_00570,4320,240
dummy,null_00571,4368,240
dummy,null_00572,4416,240
dummy,null_00573,4512,240
dummy,null_00574,4704,240
dummy,null_00575,4752,240
dummy,null_00576,4896,240
dummy,null_00577,4944,240
dummy,null_00578,5040,240
dummy,null_00579,5088,240
dummy,null_00580,5184,240
dummy,null_00581,5280,240
dummy,null_00582,5424,240
dummy,null_00583,5472,240
dummy,null_00584,5664,240
dummy,null_00585,5808,240
dummy,null_00586,5904,240
dummy,null_00587,5952,240
dummy,null_00588,6048,240
dummy,null_00589,6144,240
dummy,null_00590,6192,240
dummy,null_00591,6432,240
dummy,null_00592,6480,240
dummy,null_00593,6528,240
dummy,null_00594,6720,240
dummy,null_00595,6864,240
dummy,null_00596,6912,240
dummy,null_00597,6960,240
dummy,null_00598,7008,240
dummy,null_00599,7104,240
dummy,null_00600,7200,240
dummy,null_00601,7248,240
dummy,null_00602,7296,240
dummy,null_00603,7392,240
dummy,null_00604,7488,240
dummy,null_00605,7632,240
dummy,null_00606,7728,240
dummy,null_00607,7824,240
dummy,null_00608,7872,240
dummy,null_00609,7920,240
dummy,null_00610,7968,240
dummy,null_00611,8256,240
dummy,null_00612,8304,240
dummy,null_00613,8352,240
dummy,null_00614,8400,240
dummy,null_00615,8448,240
dummy,null_00616,8496,240
dummy,null_00617,8544,240
dummy,null_00618,8592,240
dummy,null_00619,8640,240
dummy,null_00620,8688,240
dummy,null_00621,8784,240
dummy,null_00622,8832,240
dummy,null_00623,8928,240
dummy,null_00624,8976,240
dummy,null_00625,9120,240
dummy,null_00626,9168,240
dummy,null_00627,9216,240
dummy,null_00628,9312,240
dummy,null_00629,9360,240
dummy,null_00630,9504,240
dummy,null_00631,9552,240
dummy,null_00632,9600,240
dummy,null_00633,9648,240
dummy,null_00634,9696,240
dummy,null_00635,9744,240
dummy,null_00636,9840,240
dummy,null_00637,9888,240
dummy,null_00638,9936,240
dummy,null_00639,9984,240
dummy,null_00640,0,288
dummy,null_00641,96,288
dummy,null_00642,144,288
dummy,null_00643,240,288
dummy,null_00644,288,288
dummy,null_00645,384,288
dummy,null_00646,528,288
dummy,null_00647,624,288
dummy,null_00648,672,288
dummy,null_00649,768,288
dummy,null_00650,864,288
dummy,null_00651,912,288
dummy,null_00652,960,288
dummy,null_00653,1056,288
dummy,null_00654,1200,288
dummy,null_00655,1248,288
dummy,null_00656,1296,288
dummy,null_00657,1392,288
dummy,null_00658,1536,288
dummy,null_00659,1632,288
dummy,null_00660,1680,288
dummy,null_00661,1824,288
dummy,null_00662,2064,288
dummy,null_00663,2160,288
dummy,null_00664,2256,288
dummy,null_00665,2304,288
dummy,null_00666,2352,288
dummy,null_00667,2400,288
dummy,null_00668,2448,288
dummy,null_00669,2592,288
dummy,null_00670,2688,288
dummy,null_00671,2832,288
dummy,null_00672,2880,288
dummy,null_00673,2928,288
dummy,null_00674,3168,288
dummy,null_00675,3264,288
dummy,null_00676,3312,288
dummy,null_00677,3456,288
dummy,null_00678,3552,288
dummy,null_00679,3600,288
dummy,null_00680,3696,288
dummy,null_00681,3744,288
dummy,null_00682,3792,288
dummy,null_00683,3888,288
dummy,null_00684,4032,288
dummy,null_00685,4128,288
dummy,null_00686,4224,288
dummy,null_00687,4320,288
dummy,null_00688,4368,288
dummy,null_00689,4416,288
dummy,null_00690,4560,288
dummy,null_00691,4608,288
dummy,null_00692,4656,288
dummy,null_00693,4752,288
dummy,null_00694,4848,288
dummy,null_00695,4896,288
dummy,null_00696,5184,288
dummy,null_00697,5232,288
dummy,null_00698,5280,288
dummy,null_00699,5328,288
dummy,null_00700,5424,288
dummy,null_00701,5568,288
dummy,null_00702,5712,288
dummy,null_00703,5760,288
dummy,null_00704,6000,288
dummy,null_00705,6096,288
dummy,null_00706,6144,288
dummy,null_00707,6336,288
dummy,null_00708,6576,288
dummy,null_00709,6624,288
dummy,null_00710,6672,288
dummy,null_00711,6816,288
dummy,null_00712,6864,288
dummy,null_00713,6912,288
dummy,null_00714,6960,288
dummy,null_00715,7056,288
dummy,null_00716,7152,288
dummy,null_00717,7200,288
dummy,null_00718,7296,288
dummy,null_00719,7488,288
dummy,null_00720,7584,288
dummy,null_00721,7632,288
dummy,null_00722,7680,288
dummy,null_00723,7776,288
dummy,null_00724,8016,288
dummy,null_00725,8160,288
dummy,null_00726,8208,288
dummy,null_00727,8256,288
dummy,null_00728,8304,288
dummy,null_00729,8352,288
dummy,null_00730,8400,288
dummy,null_00731,8448,288
dummy,null_00732,8496,288
dummy,null_00733,8640,288
dummy,null_00734,8688,288
dummy,null_00735,8736,288
dummy,null_00736,8832,288
dummy,null_00737,8880,288
dummy,null_00738,8928,288
dummy,null_00739,9024,288
dummy,null_00740,9120,288
dummy,null_00741,9168,288
dummy,null_00742,9216,288
dummy,null_00743,9360,288
dummy,null_00744,9408,288
dummy,null_00745,9456,288
dummy,null_00746,9504,288
dummy,null_00747,9600,288
dummy,null_00748,9648,288
dummy,null_00749,9696,288
dummy,null_00750,9744,288
dummy,null_00751,9792,288
dummy,null_00752,9888,288
dummy,null_00753,9936,288
dummy,null_00754,9984,288
dummy,null_00755,0,336
dummy,null_00756,96,336
dummy,null_00757,144,336
dummy,null_00758,240,336
dummy,null_00759,288,336
dummy,null_00760,384,336
dummy,null_00761,432,336
dummy,null_00762,672,336
dummy,null_00763,720,336
dummy,null_00764,864,336
dummy,null_00765,912,336
dummy,null_00766,1008,336
dummy,null_00767,1104,336
dummy,null_00768,1392,336
dummy,null_00769,1488,336
dummy,null_00770,1536,336
dummy,null_00771,1584,336
dummy,null_00772,1632,336
dummy,null_00773,1728,336
dummy,null_00774,1776,336
dummy,null_00775,2112,336
dummy,null_00776,2208,336
dummy,null_00777,2256,336
dummy,null_00778,2304,336
dummy,null_00779,2352,336
dummy,null_00780,2448,336
dummy,null_00781,2496,336
dummy,null_00782,2544,336
dummy,null_00783,2688,336
dummy,null_00784,2736,336
dummy,null_00785,2880,336
dummy,null_00786,3024,336
dummy,null_00787,3264,336
dummy,null_00788,3408,336
dummy,null_00789,3552,336
dummy,null_00790,3600,336
dummy,null_00791,3696,336
dummy,null_00792,3744,336
dummy,null_00793,3888,336
dummy,null_00794,3936,336
dummy,null_00795,4032,336
dummy,null_00796,4080,336
dummy,null_00797,4128,336
dummy,null_00798,4224,336
dummy,null_00799,4416,336
dummy,null_00800,4512,336
dummy,null_00801,4560,336
dummy,null_00802,4608,336
dummy,null_00803,4656,336
dummy,null_00804,4752,336
dummy,null_00805,4848,336
dummy,null_00806,4992,336
dummy,null_00807,5040,336
dummy,null_00808,5184,336
dummy,null_00809,5424,336
dummy,null_00810,5472,336
dummy,null_00811,5616,336
dummy,null_00812,5664,336
dummy,null_00813,5712,336
dummy,null_00814,5808,336
dummy,null_00815,5904,336
dummy,null_00816,6000,336
dummy,null_00817,6144,336
dummy,null_00818,6384,336
dummy,null_00819,6480,336
dummy,null_00820,6576,336
dummy,null_00821,6624,336
dummy,null_00822,6672,336
dummy,null_00823,6720,336
dummy,null_00824,6768,336
dummy,null_00825,6816,336
dummy,null_00826,6864,336
dummy,null_00827,7104,336
dummy,null_00828,7152,336
dummy,null_00829,7248,336
dummy,null_00830,7296,336
dummy,null_00831,7344,336
dummy,null_00832,7632,336
dummy,null_00833,7680,336
dummy,null_00834,7776,336
dummy,null_00835,7872,336
dummy,null_00836,8064,336
dummy,null_00837,8208,336
dummy,null_00838,8256,336
dummy,null_00839,8400,336
dummy,null_00840,8544,336
dummy,null_00841,8640,336
dummy,null_00842,8736,336
dummy,null_00843,8784,336
dummy,null_00844,8832,336
dummy,null_00845,9072,336
dummy,null_00846,9168,336
dummy,null_00847,9216,336
dummy,null_00848,9264,336
dummy,null_00849,9312,336
dummy,null_00850,9552,336
dummy,null_00851,9600,336
dummy,null_00852,9648,336
dummy,null_00853,9696,336
dummy,null_00854,9744,336
dummy,null_00855,9792,336
dummy,null_00856,9888,336
dummy,null_00857,9936,336
dummy,null_00858,0,384
dummy,null_00859,48,384
dummy,null_00860,96,384
dummy,null_00861,144,384
dummy,null_00862,192,384
dummy,null_00863,240,384
dummy,null_00864,288,384
dummy,null_00865,384,384
dummy,null_00866,624,384
dummy,null_00867,720,384
dummy,null_00868,960,384
dummy,null_00869,1056,384
dummy,null_00870,1200,384
dummy,null_00871,1248,384
dummy,null_00872,1296,384
dummy,null_00873,1344,384
dummy,null_00874,1392,384
dummy,null_00875,1440,384
dummy,null_00876,1536,384
dummy,null_00877,1584,384
dummy,null_00878,1776,384
dummy,null_00879,1824,384
dummy,null_00880,1872,384
dummy,null_00881,1920,384
dummy,null_00882,2064,384
dummy,null_00883,2160,384
dummy,null_00884,2208,384
dummy,null_00885,2256,384
dummy,null_00886,2352,384
dummy,null_00887,2400,384
dummy,null_00888,2448,384
dummy,null_00889,2784,384
dummy,null_00890,2880,384
dummy,null_00891,2928,384
dummy,null_00892,3120,384
dummy,null_00893,3168,384
dummy,null_00894,3216,384
dummy,null_00895,3264,384
dummy,null_00896,3360,384
dummy,null_00897,3600,384
dummy,null_00898,3696,384
dummy,null_00899,3744,384
dummy,null_00900,3792,384
dummy,null_00901,3888,384
dummy,null_00902,3936,384
dummy,null_00903,4032,384
dummy,null_00904,4080,384
dummy,null_00905,4128,384
dummy,null_00906,4272,384
dummy,null_00907,4320,384
dummy,null_00908,4368,384
dummy,null_00909,4416,384
dummy,null_00910,4464,384
dummy,null_00911,4512,384
dummy,null_00912,4608,384
dummy,null_00913,4752,384
dummy,null_00914,4800,384
dummy,null_00915,4992,384
dummy,null_00916,5184,384
dummy,null_00917,5232,384
dummy,null_00918,5328,384
dummy,null_00919,5424,384
dummy,null_00920,5568,384
dummy,null_00921,5712,384
dummy,null_00922,5760,384
dummy,null_00923,5808,384
dummy,null_00924,5952,384
dummy,null_00925,6048,384
dummy,null_00926,6096,384
dummy,null_00927,6144,384
dummy,null_00928,6192,384
dummy,null_00929,6288,384
dummy,null_00930,6336,384
dummy,null_00931,6384,384
dummy,null_00932,6480,384
dummy,null_00933,6720,384
dummy,null_00934,6816,384
dummy,null_00935,6864,384
dummy,null_00936,7056,384
dummy,null_00937,7104,384
dummy,null_00938,7248,384
dummy,null_00939,7344,384
dummy,null_00940,7440,384
dummy,null_00941,7488,384
dummy,null_00942,7536,384
dummy,null_00943,7584,384
dummy,null_00944,7680,384
dummy,null_00945,7824,384
dummy,null_00946,7872,384
dummy,null_00947,7920,384
dummy,null_00948,8304,384
dummy,null_00949,8400,384
dummy,null_00950,8496,384
dummy,null_00951,8544,384
dummy,null_00952,8592,384
dummy,null_00953,8736,384
dummy,null_00954,8784,384
dummy,null_00955,8832,384
dummy,null_00956,8928,384
dummy,null_00957,9024,384
dummy,null_00958,9168,384
dummy,null_00959,9312,384
dummy,null_00960,9408,384
dummy,null_00961,9456,384
dummy,null_00962,9504,384
dummy,null_00963,9600,384
dummy,null_00964,9648,384
dummy,null_00965,9696,384
dummy,null_00966,9744,384
dummy,null_00967,9792,384
dummy,null_00968,0,432
dummy,null_00969,48,432
dummy,null_00970,192,432
dummy,null_00971,240,432
dummy,null_00972,288,432
dummy,null_00973,336,432
dummy,null_00974,384,432
dummy,null_00975,432,432
dummy,null_00976,576,432
dummy,null_00977,672,432
dummy,null_00978,720,432
dummy,null_00979,768,432
dummy,null_00980,960,432
dummy,null_00981,1008,432
dummy,null_00982,1056,432
dummy,null_00983,1104,432
dummy,null_00984,1152,432
dummy,null_00985,1488,432
dummy,null_00986,1632,432
dummy,null_00987,1920,432
dummy,null_00988,2016,432
dummy,null_00989,2064,432
dummy,null_00990,2112,432
dummy,null_00991,2208,432
dummy,null_00992,2256,432
dummy,null_00993,2352,432
dummy,null_00994,2544,432
dummy,null_00995,2640,432
dummy,null_00996,2688,432
dummy,null_00997,2736,432
dummy,null_00998,2832,432
dummy,null_00999,2880,432
dummy,null_01000,3168,432
dummy,null_01001,3456,432
dummy,null_01002,3504,432
dummy,null_01003,3552,432
dummy,null_01004,3648,432
dummy,null_01005,3696,432
dummy,null_01006,3744,432
dummy,null_01007,3792,432
dummy,null_01008,3840,432
dummy,null_01009,3888,432
dummy,null_01010,4032,432
dummy,null_01011,4224,432
dummy,null_01012,4368,432
dummy,null_01013,4416,432
dummy,null_01014,4512,432
dummy,null_01015,4560,432
dummy,null_01016,4608,432
dummy,null_01017,4704,432
dummy,null_01018,4752,432
dummy,null_01019,4848,432
dummy,null_01020,4992,432
dummy,null_01021,5136,432
dummy,null_01022,5232,432
dummy,null_01023,5280,432
dummy,null_01024,5328,432
dummy,null_01025,5472,432
dummy,null_01026,5568,432
dummy,null_01027,5712,432
dummy,null_01028,5760,432
dummy,null_01029,5808,432
dummy,null_01030,5952,432
dummy,null_01031,6000,432
dummy,null_01032,6144,432
dummy,null_01033,6288,432
dummy,null_01034,6384,432
dummy,null_01035,6480,432
dummy,null_01036,6528,432
dummy,null_01037,6576,432
dummy,null_01038,6768,432
dummy,null_01039,6816,432
dummy,null_01040,6864,432
dummy,null_01041,6912,432
dummy,null_01042,7488,432
dummy,null_01043,7632,432
dummy,null_01044,7680,432
dummy,null_01045,7920,432
dummy,null_01046,8016,432
dummy,null_01047,8064,432
dummy,null_01048,8112,432
dummy,null_01049,8160,432
dummy,null_01050,8208,432
dummy,null_01051,8256,432
dummy,null_01052,8304,432
dummy,null_01053,8448,432
dummy,null_01054,8496,432
dummy,null_01055,8544,432
dummy,null_01056,8640,432
dummy,null_01057,8784,432
dummy,null_01058,8832,432
dummy,null_01059,8976,432
dummy,null_01060,9024,432
dummy,null_01061,9216,432
dummy,null_01062,9264,432
dummy,null_01063,9312,432
dummy,null_01064,9408,432
dummy,null_01065,9456,432
dummy,null_01066,9504,432
dummy,null_01067,9600,432
dummy,null_01068,9744,432
dummy,null_01069,9792,432
dummy,null_01070,9888,432
dummy,null_01071,9984,432
dummy,null_01072,0,480
dummy,null_01073,48,480
dummy,null_01074,192,480
dummy,null_01075,240,480
dummy,null_01076,384,480
dummy,null_01077,672,480
dummy,null_01078,768,480
dummy,null_01079,816,480
dummy,null_01080,912,480
dummy,null_01081,1008,480
dummy,null_01082,1056,480
dummy,null_01083,1104,480
dummy,null_01084,1200,480
dummy,null_01085,1248,480
dummy,null_01086,1344,480
dummy,null_01087,1440,480
dummy,null_01088,1488,480
dummy,null_01089,1536,480
dummy,null_01090,1584,480
dummy,null_01091,1632,480
dummy,null_01092,1776,480
dummy,null_01093,1920,480
dummy,null_01094,2016,480
dummy,null_01095,2064,480
dummy,null_01096,2112,480
dummy,null_01097,2304,480
dummy,null_01098,2448,480
dummy,null_01099,2640,480
dummy,null_01100,2784,480
dummy,null_01101,2832,480
dummy,null_01102,2976,480
dummy,null_01103,3024,480
dummy,null_01104,3120,480
dummy,null_01105,3264,480
dummy,null_01106,3312,480
dummy,null_01107,3360,480
dummy,null_01108,3456,480
dummy,null_01109,3504,480
dummy,null_01110,3648,480
dummy,null_01111,3744,480
dummy,null_01112,3792,480
dummy,null_01113,3840,480
dummy,null_01114,3888,480
dummy,null_01115,3936,480
dummy,null_01116,4224,480
dummy,null_01117,4272,480
dummy,null_01118,4368,480
dummy,null_01119,4560,480
dummy,null_01120,4752,480
dummy,null_01121,4800,480
dummy,null_01122,4944,480
dummy,null_01123,5232,480
dummy,null_01124,5328,480
dummy,null_01125,5616,480
dummy,null_01126,5664,480
dummy,null_01127,5712,480
dummy,null_01128,5760,480
dummy,null_01129,5808,480
dummy,null_01130,5904,480
dummy,null_01131,6000,480
dummy,null_01132,6096,480
dummy,null_01133,6192,480
dummy,null_01134,6288,480
dummy,null_01135,6672,480
dummy,null_01136,6720,480
dummy,null_01137,6864,480
dummy,null_01138,7056,480
dummy,null_01139,7104,480
dummy,null_01140,7152,480
dummy,null_01141,7200,480
dummy,null_01142,7248,480
dummy,null_01143,7488,480
dummy,null_01144,7536,480
dummy,null_01145,7632,480
dummy,null_01146,7680,480
dummy,null_01147,7728,480
dummy,null_01148,7872,480
dummy,null_01149,7920,480
dummy,null_01150,8064,480
dummy,null_01151,8208,480
dummy,null_01152,8496,480
dummy,null_01153,8592,480
dummy,null_01154,8640,480
dummy,null_01155,8736,480
dummy,null_01156,8784,480
dummy,null_01157,8928,480
dummy,null_01158,9024,480
dummy,null_01159,9072,480
dummy,null_01160,9216,480
dummy,null_01161,9360,480
dummy,null_01162,9552,480
dummy,null_01163,9600,480
dummy,null_01164,9744,480
dummy,null_01165,9792,480
dummy,null_01166,48,528
dummy,null_01167,96,528
dummy,null_01168,144,528
dummy,null_01169,288,528
dummy,null_01170,384,528
dummy,null_01171,480,528
dummy,null_01172,528,528
dummy,null_01173,960,528
dummy,null_01174,1104,528
dummy,null_01175,1248,528
dummy,null_01176,1296,528
dummy,null_01177,1440,528
dummy,null_01178,1488,528
dummy,null_01179,1536,528
dummy,null_01180,1824,528
dummy,null_01181,1872,528
dummy,null_01182,1968,528
dummy,null_01183,2016,528
dummy,null_01184,2160,528
dummy,null_01185,2208,528
dummy,null_01186,2256,528
dummy,null_01187,2304,528
dummy,null_01188,2352,528
dummy,null_01189,2448,528
dummy,null_01190,2640,528
dummy,null_01191,2736,528
dummy,null_01192,2784,528
dummy,null_01193,2928,528
dummy,null_01194,3024,528
dummy,null_01195,3168,528
dummy,null_01196,3216,528
dummy,null_01197,3264,528
dummy,null_01198,3312,528
dummy,null_01199,3360,528
dummy,null_01200,3504,528
dummy,null_01201,3552,528
dummy,null_01202,3600,528
dummy,null_01203,3648,528
dummy,null_01204,3696,528
dummy,null_01205,3744,528
dummy,null_01206,3792,528
dummy,null_01207,3936,528
dummy,null_01208,3984,528
dummy,null_01209,4176,528
dummy,null_01210,4320,528
dummy,null_01211,4368,528
dummy,null_01212,4416,528
dummy,null_01213,4512,528
dummy,null_01214,4560,528
dummy,null_01215,4656,528
dummy,null_01216,4800,528
dummy,null_01217,4992,528
dummy,null_01218,5088,528
dummy,null_01219,5184,528
dummy,null_01220,5328,528
dummy,null_01221,5472,528
dummy,null_01222,5664,528
dummy,null_01223,5904,528
dummy,null_01224,5952,528
dummy,null_01225,6000,528
dummy,null_01226,6144,528
dummy,null_01227,6384,528
dummy,null_01228,6576,528
dummy,null_01229,6672,528
dummy,null_01230,6768,528
dummy,null_01231,6864,528
dummy,null_01232,7104,528
dummy,null_01233,7152,528
dummy,null_01234,7200,528
dummy,null_01235,7248,528
dummy,null_01236,7440,528
dummy,null_01237,7488,528
dummy,null_01238,7536,528
dummy,null_01239,7584,528
dummy,null_01240,7632,528
dummy,null_01241,7824,528
dummy,null_01242,7968,528
dummy,null_01243,8016,528
dummy,null_01244,8160,528
dummy,null_01245,8208,528
dummy,null_01246,8304,528
dummy,null_01247,8352,528
dummy,null_01248,8400,528
dummy,null_01249,8544,528
dummy,null_01250,8640,528
dummy,null_01251,8736,528
dummy,null_01252,8832,528
dummy,null_01253,9024,528
dummy,null_01254,9168,528
dummy,null_01255,9216,528
dummy,null_01256,9312,528
dummy,null_01257,9360,528
dummy,null_01258,9456,528
dummy,null_01259,9504,528
dummy,null_01260,9552,528
dummy,null_01261,9648,528
dummy,null_01262,9696,528
dummy,null_01263,9936,528
dummy,null_01264,144,576
dummy,null_01265,288,576
dummy,null_01266,432,576
dummy,null_01267,480,576
dummy,null_01268,528,576
dummy,null_01269,624,576
dummy,null_01270,768,576
dummy,null_01271,864,576
dummy,null_01272,1200,576
dummy,null_01273,1248,576
dummy,null_01274,1344,576
dummy,null_01275,1392,576
dummy,null_01276,1440,576
dummy,null_01277,1584,576
dummy,null_01278,1728,576
dummy,null_01279,1776,576
dummy,null_01280,1824,576
dummy,null_01281,1920,576
dummy,null_01282,2016,576
dummy,null_01283,2064,576
dummy,null_01284,2112,576
dummy,null_01285,2160,576
dummy,null_01286,2304,576
dummy,null_01287,2400,576
dummy,null_01288,2592,576
dummy,null_01289,2640,576
dummy,null_01290,2688,576
dummy,null_01291,2736,576
dummy,null_01292,2784,576
dummy,null_01293,2832,576
dummy,null_01294,2976,576
dummy,null_01295,3072,576
dummy,null_01296,3264,576
dummy,null_01297,3360,576
dummy,null_01298,3408,576
dummy,null_01299,3552,576
dummy,null_01300,3600,576
dummy,null_01301,3792,576
dummy,null_01302,3840,576
dummy,null_01303,3888,576
dummy,null_01304,4128,576
dummy,null_01305,4224,576
dummy,null_01306,4368,576
dummy,null_01307,4416,576
dummy,null_01308,4512,576
dummy,null_01309,4560,576
dummy,null_01310,4608,576
dummy,null_01311,4656,576
dummy,null_01312,4752,576
dummy,null_01313,4896,576
dummy,null_01314,4944,576
dummy,null_01315,5040,576
dummy,null_01316,5088,576
dummy,null_01317,5184,576
dummy,null_01318,5376,576
dummy,null_01319,5424,576
dummy,null_01320,5472,576
dummy,null_01321,5520,576
dummy,null_01322,5664,576
dummy,null_01323,5712,576
dummy,null_01324,6000,576
dummy,null_01325,6048,576
dummy,null_01326,6096,576
dummy,null_01327,6144,576
dummy,null_01328,6240,576
dummy,null_01329,6288,576
dummy,null_01330,6336,576
dummy,null_01331,6480,576
dummy,null_01332,6576,576
dummy,null_01333,6624,576
dummy,null_01334,6672,576
dummy,null_01335,6960,576
dummy,null_01336,7056,576
dummy,null_01337,7104,576
dummy,null_01338,7152,576
dummy,null_01339,7296,576
dummy,null_01340,7440,576
dummy,null_01341,7488,576
dummy,null_01342,7536,576
dummy,null_01343,7584,576
dummy,null_01344,7776,576
dummy,null_01345,7824,576
dummy,null_01346,7920,576
dummy,null_01347,8064,576
dummy,null_01348,8112,576
dummy,null_01349,8496,576
dummy,null_01350,8544,576
dummy,null_01351,8592,576
dummy,null_01352,8736,576
dummy,null_01353,8976,576
dummy,null_01354,9024,576
dummy,null_01355,9072,576
dummy,null_01356,9120,576
dummy,null_01357,9216,576
dummy,null_01358,9264,576
dummy,null_01359,9312,576
dummy,null_01360,9456,576
dummy,null_01361,9600,576
dummy,null_01362,9840,576
dummy,null_01363,9888,576
dummy,null_01364,48,624
dummy,null_01365,96,624
dummy,null_01366,144,624
dummy,null_01367,192,624
dummy,null_01368,336,624
dummy,null_01369,384,624
dummy,null_01370,480,624
dummy,null_01371,576,624
dummy,null_01372,672,624
dummy,null_01373,720,624
dummy,null_01374,768,624
dummy,null_01375,816,624
dummy,null_01376,864,624
dummy,null_01377,912,624
dummy,null_01378,960,624
dummy,null_01379,1008,624
dummy,null_01380,1056,624
dummy,null_01381,1104,624
dummy,null_01382,1152,624
dummy,null_01383,1248,624
dummy,null_01384,1296,624
dummy,null_01385,1440,624
dummy,null_01386,1536,624
dummy,null_01387,1728,624
dummy,null_01388,1776,624
dummy,null_01389,1824,624
dummy,null_01390,1872,624
dummy,null_01391,1920,624
dummy,null_01392,2112,624
dummy,null_01393,2352,624
dummy,null_01394,2400,624
dummy,null_01395,2640,624
dummy,null_01396,2832,624
dummy,null_01397,2880,624
dummy,null_01398,2976,624
dummy,null_01399,3024,624
dummy,null_01400,3120,624
dummy,null_01401,3168,624
dummy,null_01402,3216,624
dummy,null_01403,3312,624
dummy,null_01404,3360,624
dummy,null_01405,3408,624
dummy,null_01406,3456,624
dummy,null_01407,3504,624
dummy,null_01408,3744,624
dummy,null_01409,3840,624
dummy,null_01410,3888,624
dummy,null_01411,3936,624
dummy,null_01412,4128,624
dummy,null_01413,4176,624
dummy,null_01414,4224,624
dummy,null_01415,4272,624
dummy,null_01416,4320,624
dummy,null_01417,4368,624
dummy,null_01418,4512,624
dummy,null_01419,4560,624
dummy,null_01420,4608,624
dummy,null_01421,4656,624
dummy,null_01422,4704,624
dummy,null_01423,4896,624
dummy,null_01424,4992,624
dummy,null_01425,5040,624
dummy,null_01426,5088,624
dummy,null_01427,5184,624
dummy,null_01428,5232,624
dummy,null_01429,5328,624
dummy,null_01430,5376,624
dummy,null_01431,5520,624
dummy,null_01432,5856,624
dummy,null_01433,5904,624
dummy,null_01434,6000,624
dummy,null_01435,6048,624
dummy,null_01436,6144,624
dummy,null_01437,6240,624
dummy,null_01438,6288,624
dummy,null_01439,6336,624
dummy,null_01440,6480,624
dummy,null_01441,6576,624
dummy,null_01442,6624,624
dummy,null_01443,6720,624
dummy,null_01444,6768,624
dummy,null_01445,6864,624
dummy,null_01446,6960,624
dummy,null_01447,7152,624
dummy,null_01448,7296,624
dummy,null_01449,7344,624
dummy,null_01450,7392,624
dummy,null_01451,7440,624
dummy,null_01452,7536,624
dummy,null_01453,7584,624
dummy,null_01454,7632,624
dummy,null_01455,7728,624
dummy,null_01456,7776,624
dummy,null_01457,7824,624
dummy,null_01458,7920,624
dummy,null_01459,7968,624
dummy,null_01460,8160,624
dummy,null_01461,8256,624
dummy,null_01462,8304,624
dummy,null_01463,8352,624
dummy,null_01464,8400,624
dummy,null_01465,8448,624
dummy,null_01466,8592,624
dummy,null_01467,8640,624
dummy,null_01468,8736,624
dummy,null_01469,8784,624
dummy,null_01470,8880,624
dummy,null_01471,8976,624
dummy,null_01472,9024,624
dummy,null_01473,9072,624
dummy,null_01474,9216,624
dummy,null_01475,9264,624
dummy,null_01476,9360,624
dummy,null_01477,9552,624
dummy,null_01478,9648,624
dummy,null_01479,9792,624
dummy,null_01480,9840,624
dummy,null_01481,9888,624
dummy,null_01482,9984,624
dummy,null_01483,0,672
dummy,null_01484,144,672
dummy,null_01485,192,672
dummy,null_01486,240,672
dummy,null_01487,288,672
dummy,null_01488,384,672
dummy,null_01489,672,672
dummy,null_01490,720,672
dummy,null_01491,768,672
dummy,null_01492,960,672
dummy,null_01493,1056,672
dummy,null_01494,1152,672
dummy,null_01495,1200,672
dummy,null_01496,1248,672
dummy,null_01497,1296,672
dummy,null_01498,1344,672
dummy,null_01499,1392,672
dummy,null_01500,1536,672
dummy,null_01501,1584,672
dummy,null_01502,1680,672
dummy,null_01503,1728,672
dummy,null_01504,1920,672
dummy,null_01505,2016,672
dummy,null_01506,2064,672
dummy,null_01507,2112,672
dummy,null_01508,2160,672
dummy,null_01509,2208,672
dummy,null_01510,2256,672
dummy,null_01511,2496,672
dummy,null_01512,2592,672
dummy,null_01513,2640,672
dummy,null_01514,2832,672
dummy,null_01515,2928,672
dummy,null_01516,2976,672
dummy,null_01517,3072,672
dummy,null_01518,3120,672
dummy,null_01519,3168,672
dummy,null_01520,3216,672
dummy,null_01521,3360,672
dummy,null_01522,3408,672
dummy,null_01523,3456,672
dummy,null_01524,3600,672
dummy,null_01525,3648,672
dummy,null_01526,3696,672
dummy,null_01527,3744,672
dummy,null_01528,3792,672
dummy,null_01529,3888,672
dummy,null_01530,4272,672
dummy,null_01531,4416,672
dummy,null_01532,4464,672
dummy,null_01533,4512,672
dummy,null_01534,4608,672
dummy,null_01535,4704,672
dummy,null_01536,4752,672
dummy,null_01537,4848,672
dummy,null_01538,4992,672
dummy,null_01539,5040,672
dummy,null_01540,5088,672
dummy,null_01541,5136,672
dummy,null_01542,5232,672
dummy,null_01543,5280,672
dummy,null_01544,5328,672
dummy,null_01545,5424,672
dummy,null_01546,5472,672
dummy,null_01547,5520,672
dummy,null_01548,5568,672
dummy,null_01549,5616,672
dummy,null_01550,6288,672
dummy,null_01551,6336,672
dummy,null_01552,6384,672
dummy,null_01553,6624,672
dummy,null_01554,6720,672
dummy,null_01555,6768,672
dummy,null_01556,6864,672
dummy,null_01557,6912,672
dummy,null_01558,6960,672
dummy,null_01559,7152,672
dummy,null_01560,7248,672
dummy,null_01561,7296,672
dummy,null_01562,7344,672
dummy,null_01563,7392,672
dummy,null_01564,7440,672
dummy,null_01565,7488,672
dummy,null_01566,7536,672
dummy,null_01567,7680,672
dummy,null_01568,7728,672
dummy,null_01569,7872,672
dummy,null_01570,7920,672
dummy,null_01571,8016,672
dummy,null_01572,8160,672
dummy,null_01573,8208,672
dummy,null_01574,8256,672
dummy,null_01575,8304,672
dummy,null_01576,8400,672
dummy,null_01577,8448,672
dummy,null_01578,8496,672
dummy,null_01579,8544,672
dummy,null_01580,8592,672
dummy,null_01581,8688,672
dummy,null_01582,8976,672
dummy,null_01583,9120,672
dummy,null_01584,9312,672
dummy,null_01585,9456,672
dummy,null_01586,9600,672
dummy,null_01587,9696,672
dummy,null_01588,9744,672
dummy,null_01589,9792,672
dummy,null_01590,9888,672
dummy,null_01591,9984,672
dummy,null_01592,0,720
dummy,null_01593,48,720
dummy,null_01594,96,720
dummy,null_01595,144,720
dummy,null_01596,240,720
dummy,null_01597,336,720
dummy,null_01598,384,720
dummy,null_01599,576,720
dummy,null_01600,624,720
dummy,null_01601,672,720
dummy,null_01602,720,720
dummy,null_01603,768,720
dummy,null_01604,816,720
dummy,null_01605,864,720
dummy,null_01606,912,720
dummy,null_01607,960,720
dummy,null_01608,1008,720
dummy,null_01609,1152,720
dummy,null_01610,1248,720
dummy,null_01611,1392,720
dummy,null_01612,1440,720
dummy,null_01613,1584,720
dummy,null_01614,1680,720
dummy,null_01615,1872,720
dummy,null_01616,1968,720
dummy,null_01617,2064,720
dummy,null_01618,2112,720
dummy,null_01619,2160,720
dummy,null_01620,2304,720
dummy,null_01621,2352,720
dummy,null_01622,2448,720
dummy,null_01623,2496,720
dummy,null_01624,2544,720
dummy,null_01625,2640,720
dummy,null_01626,2784,720
dummy,null_01627,2832,720
dummy,null_01628,2928,720
dummy,null_01629,2976,720
dummy,null_01630,3024,720
dummy,null_01631,3120,720
dummy,null_01632,3216,720
dummy,null_01633,3312,720
dummy,null_01634,3360,720
dummy,null_01635,3408,720
dummy,null_01636,3504,720
dummy,null_01637,3552,720
dummy,null_01638,3648,720
dummy,null_01639,3888,720
dummy,null_01640,3936,720
dummy,null_01641,4176,720
dummy,null_01642,4224,720
dummy,null_01643,4368,720
dummy,null_01644,4464,720
dummy,null_01645,4512,720
dummy,null_01646,4608,720
dummy,null_01647,4752,720
dummy,null_01648,4896,720
dummy,null_01649,4992,720
dummy,null_01650,5088,720
dummy,null_01651,5184,720
dummy,null_01652,5280,720
dummy,null_01653,5328,720
dummy,null_01654,5424,720
dummy,null_01655,5472,720
dummy,null_01656,5568,720
dummy,null_01657,5664,720
dummy,null_01658,5808,720
dummy,null_01659,5904,720
dummy,null_01660,6000,720
dummy,null_01661,6048,720
dummy,null_01662,6192,720
dummy,null_01663,6336,720
dummy,null_01664,6480,720
dummy,null_01665,6528,720
dummy,null_01666,6624,720
dummy,null_01667,6864,720
dummy,null_01668,7056,720
dummy,null_01669,7104,720
dummy,null_01670,7200,720
dummy,null_01671,7248,720
dummy,null_01672,7344,720
dummy,null_01673,7392,720
dummy,null_01674,7440,720
dummy,null_01675,7488,720
dummy,null_01676,7536,720
dummy,null_01677,7584,720
dummy,null_01678,7632,720
dummy,null_01679,7776,720
dummy,null_01680,7872,720
dummy,null_01681,8016,720
dummy,null_01682,8256,720
dummy,null_01683,8304,720
dummy,null_01684,8448,720
dummy,null_01685,8544,720
dummy,null_01686,8640,720
dummy,null_01687,8784,720
dummy,null_01688,8832,720
dummy,null_01689,8976,720
dummy,null_01690,9024,720
dummy,null_01691,9120,720
dummy,null_01692,9360,720
dummy,null_01693,9456,720
dummy,null_01694,9504,720
dummy,null_01695,9648,720
dummy,null_01696,9744,720
dummy,null_01697,9888,720
dummy,null_01698,0,768
dummy,null_01699,96,768
dummy,null_01700,144,768
dummy,null_01701,192,768
dummy,null_01702,240,768
dummy,null_01703,432,768
dummy,null_01704,480,768
dummy,null_01705,624,768
dummy,null_01706,672,768
dummy,null_01707,768,768
dummy,null_01708,816,768
dummy,null_01709,912,768
dummy,null_01710,960,768
dummy,null_01711,1056,768
dummy,null_01712,1200,768
dummy,null_01713,1248,768
dummy,null_01714,1536,768
dummy,null_01715,1584,768
dummy,null_01716,1680,768
dummy,null_01717,1776,768
dummy,null_01718,1872,768
dummy,null_01719,1920,768
dummy,null_01720,2016,768
dummy,null_01721,2112,768
dummy,null_01722,2208,768
dummy,null_01723,2352,768
dummy,null_01724,2832,768
dummy,null_01725,2880,768
dummy,null_01726,2928,768
dummy,null_01727,2976,768
dummy,null_01728,3072,768
dummy,null_01729,3120,768
dummy,null_01730,3216,768
dummy,null_01731,3264,768
dummy,null_01732,3360,768
dummy,null_01733,3456,768
dummy,null_01734,3600,768
dummy,null_01735,3648,768
dummy,null_01736,3696,768
dummy,null_01737,3744,768
dummy,null_01738,3792,768
dummy,null_01739,3888,768
dummy,null_01740,3984,768
dummy,null_01741,4032,768
dummy,null_01742,4128,768
dummy,null_01743,4176,768
dummy,null_01744,4368,768
dummy,null_01745,4560,768
dummy,null_01746,4704,768
dummy,null_01747,4848,768
dummy,null_01748,4896,768
dummy,null_01749,5088,768
dummy,null_01750,5136,768
dummy,null_01751,5232,768
dummy,null_01752,5280,768
dummy,null_01753,5472,768
dummy,null_01754,5520,768
dummy,null_01755,5568,768
dummy,null_01756,5616,768
dummy,null_01757,5664,768
dummy,null_01758,5904,768
dummy,null_01759,6048,768
dummy,null_01760,6096,768
dummy,null_01761,6384,768
dummy,null_01762,6480,768
dummy,null_01763,6576,768
dummy,null_01764,6672,768
dummy,null_01765,6720,768
dummy,null_01766,7008,768
dummy,null_01767,7248,768
dummy,null_01768,7632,768
dummy,null_01769,7680,768
dummy,null_01770,7776,768
dummy,null_01771,7824,768
dummy,null_01772,7920,768
dummy,null_01773,7968,768
dummy,null_01774,8112,768
dummy,null_01775,8160,768
dummy,null_01776,8208,768
dummy,null_01777,8256,768
dummy,null_01778,8304,768
dummy,null_01779,8544,768
dummy,null_01780,8592,768
dummy,null_01781,8640,768
dummy,null_01782,8688,768
dummy,null_01783,8736,768
dummy,null_01784,8784,768
dummy,null_01785,8880,768
dummy,null_01786,9168,768
dummy,null_01787,9264,768
dummy,null_01788,9312,768
dummy,null_01789,9360,768
dummy,null_01790,9408,768
dummy,null_01791,9504,768
dummy,null_01792,9552,768
dummy,null_01793,9600,768
dummy,null_01794,9792,768
dummy,null_01795,9840,768
dummy,null_01796,48,816
dummy,null_01797,192,816
dummy,null_01798,288,816
dummy,null_01799,336,816
dummy,null_01800,384,816
dummy,null_01801,432,816
dummy,null_01802,480,816
dummy,null_01803,528,816
dummy,null_01804,672,816
dummy,null_01805,816,816
dummy,null_01806,1008,816
dummy,null_01807,1104,816
dummy,null_01808,1200,816
dummy,null_01809,1248,816
dummy,null_01810,1296,816
dummy,null_01811,1344,816
dummy,null_01812,1488,816
dummy,null_01813,1536,816
dummy,null_01814,1728,816
dummy,null_01815,1824,816
dummy,null_01816,2016,816
dummy,null_01817,2112,816
dummy,null_01818,2160,816
dummy,null_01819,2208,816
dummy,null_01820,2256,816
dummy,null_01821,2304,816
dummy,null_01822,2448,816
dummy,null_01823,2640,816
dummy,null_01824,2688,816
dummy,null_01825,2880,816
dummy,null_01826,3024,816
dummy,null_01827,3120,816
dummy,null_01828,3312,816
dummy,null_01829,3360,816
dummy,null_01830,3456,816
dummy,null_01831,3600,816
dummy,null_01832,3648,816
dummy,null_01833,3696,816
dummy,null_01834,3744,816
dummy,null_01835,3792,816
dummy,null_01836,3840,816
dummy,null_01837,4080,816
dummy,null_01838,4128,816
dummy,null_01839,4512,816
dummy,null_01840,4608,816
dummy,null_01841,4656,816
dummy,null_01842,4704,816
dummy,null_01843,4752,816
dummy,null_01844,4944,816
dummy,null_01845,5088,816
dummy,null_01846,5136,816
dummy,null_01847,5280,816
dummy,null_01848,5328,816
dummy,null_01849,5520,816
dummy,null_01850,5568,816
dummy,null_01851,5760,816
dummy,null_01852,5808,816
dummy,null_01853,5904,816
dummy,null_01854,6048,816
dummy,null_01855,6144,816
dummy,null_01856,6288,816
dummy,null_01857,6384,816
dummy,null_01858,6480,816
dummy,null_01859,6624,816
dummy,null_01860,6720,816
dummy,null_01861,6816,816
dummy,null_01862,7008,816
dummy,null_01863,7056,816
dummy,null_01864,7296,816
dummy,null_01865,7536,816
dummy,null_01866,7584,816
dummy,null_01867,7632,816
dummy,null_01868,7680,816
dummy,null_01869,7728,816
dummy,null_01870,7776,816
dummy,null_01871,7824,816
dummy,null_01872,8064,816
dummy,null_01873,8112,816
dummy,null_01874,8208,816
dummy,null_01875,8304,816
dummy,null_01876,8400,816
dummy,null_01877,8496,816
dummy,null_01878,8544,816
dummy,null_01879,8640,816
dummy,null_01880,8784,816
dummy,null_01881,8832,816
dummy,null_01882,8976,816
dummy,null_01883,9024,816
dummy,null_01884,9216,816
dummy,null_01885,9312,816
dummy,null_01886,9552,816
dummy,null_01887,9648,816
dummy,null_01888,9936,816
dummy,null_01889,9984,816
dummy,null_01890,48,864
dummy,null_01891,144,864
dummy,null_01892,192,864
dummy,null_01893,240,864
dummy,null_01894,288,864
dummy,null_01895,432,864
dummy,null_01896,480,864
dummy,null_01897,624,864
dummy,null_01898,768,864
dummy,null_01899,864,864
dummy,null_01900,1104,864
dummy,null_01901,1200,864
dummy,null_01902,1248,864
dummy,null_01903,1296,864
dummy,null_01904,1440,864
dummy,null_01905,1488,864
dummy,null_01906,1584,864
dummy,null_01907,1680,864
dummy,null_01908,1824,864
dummy,null_01909,1920,864
dummy,null_01910,1968,864
dummy,null_01911,2112,864
dummy,null_01912,2160,864
dummy,null_01913,2256,864
dummy,null_01914,2304,864
dummy,null_01915,2400,864
dummy,null_01916,2448,864
dummy,null_01917,2496,864
dummy,null_01918,2544,864
dummy,null_01919,2688,864
dummy,null_01920,2736,864
dummy,null_01921,2832,864
dummy,null_01922,2880,864
dummy,null_01923,3024,864
dummy,null_01924,3072,864
dummy,null_01925,3168,864
dummy,null_01926,3216,864
dummy,null_01927,3360,864
dummy,null_01928,3408,864
dummy,null_01929,3552,864
dummy,null_01930,3648,864
dummy,null_01931,3744,864
dummy,null_01932,3936,864
dummy,null_01933,3984,864
dummy,null_01934,4032,864
dummy,null_01935,4080,864
dummy,null_01936,4128,864
dummy,null_01937,4176,864
dummy,null_01938,4272,864
dummy,null_01939,4320,864
dummy,null_01940,4416,864
dummy,null_01941,4512,864
dummy,null_01942,4608,864
dummy,null_01943,4656,864
dummy,null_01944,4752,864
dummy,null_01945,4800,864
dummy,null_01946,4896,864
dummy,null_01947,4992,864
dummy,null_01948,5040,864
dummy,null_01949,5280,864
dummy,null_01950,5328,864
dummy,null_01951,5376,864
dummy,null_01952,5616,864
dummy,null_01953,5664,864
dummy,null_01954,5712,864
dummy,null_01955,5808,864
dummy,null_01956,5952,864
dummy,null_01957,6096,864
dummy,null_01958,6144,864
dummy,null_01959,6192,864
dummy,null_01960,6240,864
dummy,null_01961,6288,864
dummy,null_01962,6336,864
dummy,null_01963,6480,864
dummy,null_01964,6624,864
dummy,null_01965,7056,864
dummy,null_01966,7104,864
dummy,null_01967,7200,864
dummy,null_01968,7248,864
dummy,null_01969,7296,864
dummy,null_01970,7344,864
dummy,null_01971,7392,864
dummy,null_01972,7584,864
dummy,null_01973,7872,864
dummy,null_01974,7920,864
dummy,null_01975,8016,864
dummy,null_01976,8064,864
dummy,null_01977,8112,864
dummy,null_01978,8304,864
dummy,null_01979,8400,864
dummy,null_01980,8544,864
dummy,null_01981,8640,864
dummy,null_01982,8784,864
dummy,null_01983,8928,864
dummy,null_01984,8976,864
dummy,null_01985,9072,864
dummy,null_01986,9120,864
dummy,null_01987,9168,864
dummy,null_01988,9312,864
dummy,null_01989,9456,864
dummy,null_01990,9504,864
dummy,null_01991,9600,864
dummy,null_01992,9696,864
dummy,null_01993,9888,864
dummy,null_01994,9936,864
dummy,null_01995,48,912
dummy,null_01996,96,912
dummy,null_01997,144,912
dummy,null_01998,192,912
dummy,null_01999,288,912
dummy,null_02000,384,912
dummy,null_02001,432,912
dummy,null_02002,624,912
dummy,null_02003,720,912
dummy,null_02004,768,912
dummy,null_02005,1008,912
dummy,null_02006,1152,912
dummy,null_02007,1296,912
dummy,null_02008,1392,912
dummy,null_02009,1488,912
dummy,null_02010,1536,912
dummy,null_02011,1680,912
dummy,null_02012,1968,912
dummy,null_02013,2016,912
dummy,null_02014,2064,912
dummy,null_02015,2112,912
dummy,null_02016,2160,912
dummy,null_02017,2208,912
dummy,null_02018,2256,912
dummy,null_02019,2304,912
dummy,null_02020,2352,912
dummy,null_02021,2400,912
dummy,null_02022,2448,912
dummy,null_02023,2496,912
dummy,null_02024,2592,912
dummy,null_02025,2640,912
dummy,null_02026,2688,912
dummy,null_02027,2784,912
dummy,null_02028,2832,912
dummy,null_02029,2880,912
dummy,null_02030,2928,912
dummy,null_02031,3216,912
dummy,null_02032,3264,912
dummy,null_02033,3312,912
dummy,null_02034,3408,912
dummy,null_02035,3456,912
dummy,null_02036,3552,912
dummy,null_02037,3600,912
dummy,null_02038,3744,912
dummy,null_02039,3792,912
dummy,null_02040,3840,912
dummy,null_02041,3936,912
dummy,null_02042,3984,912
dummy,null_02043,4032,912
dummy,null_02044,4080,912
dummy,null_02045,4176,912
dummy,null_02046,4224,912
dummy,null_02047,4464,912
dummy,null_02048,4608,912
dummy,null_02049,4704,912
dummy,null_02050,4752,912
dummy,null_02051,4800,912
dummy,null_02052,4896,912
dummy,null_02053,4944,912
dummy,null_02054,5040,912
dummy,null_02055,5136,912
dummy,null_02056,5184,912
dummy,null_02057,5472,912
dummy,null_02058,5568,912
dummy,null_02059,5760,912
dummy,null_02060,5808,912
dummy,null_02061,5856,912
dummy,null_02062,5952,912
dummy,null_02063,6000,912
dummy,null_02064,6144,912
dummy,null_02065,6192,912
dummy,null_02066,6288,912
dummy,null_02067,6384,912
dummy,null_02068,6576,912
dummy,null_02069,6864,912
dummy,null_02070,6960,912
dummy,null_02071,7008,912
dummy,null_02072,7104,912
dummy,null_02073,7152,912
dummy,null_02074,7344,912
dummy,null_02075,7392,912
dummy,null_02076,7488,912
dummy,null_02077,7632,912
dummy,null_02078,7680,912
dummy,null_02079,7728,912
dummy,null_02080,7776,912
dummy,null_02081,7872,912
dummy,null_02082,7920,912
dummy,null_02083,7968,912
dummy,null_02084,8160,912
dummy,null_02085,8256,912
dummy,null_02086,8352,912
dummy,null_02087,8400,912
dummy,null_02088,8496,912
dummy,null_02089,8544,912
dummy,null_02090,8592,912
dummy,null_02091,9024,912
dummy,null_02092,9264,912
dummy,null_02093,9312,912
dummy,null_02094,9360,912
dummy,null_02095,9408,912
dummy,null_02096,9648,912
dummy,null_02097,9744,912
dummy,null_02098,9840,912
dummy,null_02099,48,960
dummy,null_02100,144,960
dummy,null_02101,192,960
dummy,null_02102,480,960
dummy,null_02103,528,960
dummy,null_02104,576,960
dummy,null_02105,624,960
dummy,null_02106,672,960
dummy,null_02107,720,960
dummy,null_02108,816,960
dummy,null_02109,912,960
dummy,null_02110,960,960
dummy,null_02111,1008,960
dummy,null_02112,1152,960
dummy,null_02113,1200,960
dummy,null_02114,1248,960
dummy,null_02115,1296,960
dummy,null_02116,1344,960
dummy,null_02117,1440,960
dummy,null_02118,1488,960
dummy,null_02119,1536,960
dummy,null_02120,1584,960
dummy,null_02121,1680,960
dummy,null_02122,1728,960
dummy,null_02123,1776,960
dummy,null_02124,1872,960
dummy,null_02125,2016,960
dummy,null_02126,2160,960
dummy,null_02127,2256,960
dummy,null_02128,2352,960
dummy,null_02129,2400,960
dummy,null_02130,2592,960
dummy,null_02131,2688,960
dummy,null_02132,2784,960
dummy,null_02133,2880,960
dummy,null_02134,3072,960
dummy,null_02135,3168,960
dummy,null_02136,3216,960
dummy,null_02137,3264,960
dummy,null_02138,3360,960
dummy,null_02139,3504,960
dummy,null_02140,3600,960
dummy,null_02141,3696,960
dummy,null_02142,3840,960
dummy,null_02143,3984,960
dummy,null_02144,4032,960
dummy,null_02145,4080,960
dummy,null_02146,4320,960
dummy,null_02147,4464,960
dummy,null_02148,4512,960
dummy,null_02149,4560,960
dummy,null_02150,4848,960
dummy,null_02151,4896,960
dummy,null_02152,4992,960
dummy,null_02153,5136,960
dummy,null_02154,5184,960
dummy,null_02155,5424,960
dummy,null_02156,5472,960
dummy,null_02157,5568,960
dummy,null_02158,5616,960
dummy,null_02159,5664,960
dummy,null_02160,5712,960
dummy,null_02161,5760,960
dummy,null_02162,5856,960
dummy,null_02163,5952,960
dummy,null_02164,6000,960
dummy,null_02165,6144,960
dummy,null_02166,6240,960
dummy,null_02167,6288,960
dummy,null_02168,6336,960
dummy,null_02169,6384,960
dummy,null_02170,6480,960
dummy,null_02171,6528,960
dummy,null_02172,6624,960
dummy,null_02173,6672,960
dummy,null_02174,6720,960
dummy,null_02175,6912,960
dummy,null_02176,7008,960
dummy,null_02177,7056,960
dummy,null_02178,7152,960
dummy,null_02179,7344,960
dummy,null_02180,7584,960
dummy,null_02181,7776,960
dummy,null_02182,7824,960
dummy,null_02183,7872,960
dummy,null_02184,7920,960
dummy,null_02185,8016,960
dummy,null_02186,8064,960
dummy,null_02187,8112,960
dummy,null_02188,8160,960
dummy,null_02189,8208,960
dummy,null_02190,8304,960
dummy,null_02191,8544,960
dummy,null_02192,8640,960
dummy,null_02193,8688,960
dummy,null_02194,8832,960
dummy,null_02195,8928,960
dummy,null_02196,8976,960
dummy,null_02197,9120,960
dummy,null_02198,9168,960
dummy,null_02199,9216,960
dummy,null_02200,9264,960
dummy,null_02201,9312,960
dummy,null_02202,9408,960
dummy,null_02203,9504,960
dummy,null_02204,9552,960
dummy,null_02205,9600,960
dummy,null_02206,9696,960
dummy,null_02207,9984,960
dummy,null_02208,0,1008
dummy,null_02209,192,1008
dummy,null_02210,240,1008
dummy,null_02211,288,1008
dummy,null_02212,336,1008
dummy,null_02213,384,1008
dummy,null_02214,480,1008
dummy,null_02215,624,1008
dummy,null_02216,672,1008
dummy,null_02217,720,1008
dummy,null_02218,816,1008
dummy,null_02219,960,1008
dummy,null_02220,1104,1008
dummy,null_02221,1200,1008
dummy,null_02222,1344,1008
dummy,null_02223,1440,1008
dummy,null_02224,1536,1008
dummy,null_02225,1632,1008
dummy,null_02226,1728,1008
dummy,null_02227,1776,1008
dummy,null_02228,1968,1008
dummy,null_02229,2016,1008
dummy,null_02230,2112,1008
dummy,null_02231,2208,1008
dummy,null_02232,2256,1008
dummy,null_02233,2304,1008
dummy,null_02234,2352,1008
dummy,null_02235,2496,1008
dummy,null_02236,2544,1008
dummy,null_02237,2640,1008
dummy,null_02238,2688,1008
dummy,null_02239,2784,1008
dummy,null_02240,2832,1008
dummy,null_02241,2880,1008
dummy,null_02242,2976,1008
dummy,null_02243,3024,1008
dummy,null_02244,3264,1008
dummy,null_02245,3360,1008
dummy,null_02246,3408,1008
dummy,null_02247,3456,1008
dummy,null_02248,3600,1008
dummy,null_02249,3744,1008
dummy,null_02250,3792,1008
dummy,null_02251,3840,1008
dummy,null_02252,3888,1008
dummy,null_02253,4032,1008
dummy,null_02254,4080,1008
dummy,null_02255,4128,1008
dummy,null_02256,4176,1008
dummy,null_02257,4224,1008
dummy,null_02258,4272,1008
dummy,null_02259,4368,1008
dummy,null_02260,4416,1008
dummy,null_02261,4512,1008
dummy,null_02262,4608,1008
dummy,null_02263,4656,1008
dummy,null_02264,4704,1008
dummy,null_02265,4752,1008
dummy,null_02266,4992,1008
dummy,null_02267,5040,1008
dummy,null_02268,5184,1008
dummy,null_02269,5232,1008
dummy,null_02270,5472,1008
dummy,null_02271,5520,1008
dummy,null_02272,5568,1008
dummy,null_02273,5616,1008
dummy,null_02274,5760,1008
dummy,null_02275,5856,1008
dummy,null_02276,6000,1008
dummy,null_02277,6096,1008
dummy,null_02278,6240,1008
dummy,null_02279,6288,1008
dummy,null_02280,6480,1008
dummy,null_02281,6528,1008
dummy,null_02282,6624,1008
dummy,null_02283,6672,1008
dummy,null_02284,7056,1008
dummy,null_02285,7104,1008
dummy,null_02286,7152,1008
dummy,null_02287,7200,1008
dummy,null_02288,7248,1008
dummy,null_02289,7296,1008
dummy,null_02290,7344,1008
dummy,null_02291,7392,1008
dummy,null_02292,7440,1008
dummy,null_02293,7488,1008
dummy,null_02294,7536,1008
dummy,null_02295,7776,1008
dummy,null_02296,7872,1008
dummy,null_02297,7920,1008
dummy,null_02298,7968,1008
dummy,null_02299,8160,1008
dummy,null_02300,8208,1008
dummy,null_02301,8256,1008
dummy,null_02302,8304,1008
dummy,null_02303,8400,1008
dummy,null_02304,8448,1008
dummy,null_02305,8496,1008
dummy,null_02306,8544,1008
dummy,null_02307,8592,1008
dummy,null_02308,8688,1008
dummy,null_02309,8784,1008
dummy,null_02310,8880,1008
dummy,null_02311,8976,1008
dummy,null_02312,9072,1008
dummy,null_02313,9456,1008
dummy,null_02314,9600,1008
dummy,null_02315,9792,1008
dummy,null_02316,0,1056
dummy,null_02317,192,1056
dummy,null_02318,336,1056
dummy,null_02319,384,1056
dummy,null_02320,432,1056
dummy,null_02321,528,1056
dummy,null_02322,576,1056
dummy,null_02323,624,1056
dummy,null_02324,672,1056
dummy,null_02325,768,1056
dummy,null_02326,864,1056
dummy,null_02327,1008,1056
dummy,null_02328,1056,1056
dummy,null_02329,1104,1056
dummy,null_02330,1152,1056
dummy,null_02331,1344,1056
dummy,null_02332,1392,1056
dummy,null_02333,1440,1056
dummy,null_02334,1488,1056
dummy,null_02335,1584,1056
dummy,null_02336,1680,1056
dummy,null_02337,1872,1056
dummy,null_02338,1920,1056
dummy,null_02339,2064,1056
dummy,null_02340,2112,1056
dummy,null_02341,2160,1056
dummy,null_02342,2256,1056
dummy,null_02343,2304,1056
dummy,null_02344,2400,1056
dummy,null_02345,2448,1056
dummy,null_02346,2544,1056
dummy,null_02347,2592,1056
dummy,null_02348,2640,1056
dummy,null_02349,2736,1056
dummy,null_02350,2880,1056
dummy,null_02351,2928,1056
dummy,null_02352,2976,1056
dummy,null_02353,3024,1056
dummy,null_02354,3120,1056
dummy,null_02355,3168,1056
dummy,null_02356,3264,1056
dummy,null_02357,3600,1056
dummy,null_02358,3792,1056
dummy,null_02359,3984,1056
dummy,null_02360,4128,1056
dummy,null_02361,4224,1056
dummy,null_02362,4272,1056
dummy,null_02363,4320,1056
dummy,null_02364,4512,1056
dummy,null_02365,4608,1056
dummy,null_02366,4656,1056
dummy,null_02367,4704,1056
dummy,null_02368,4848,1056
dummy,null_02369,4896,1056
dummy,null_02370,5040,1056
dummy,null_02371,5136,1056
dummy,null_02372,5184,1056
dummy,null_02373,5232,1056
dummy,null_02374,5280,1056
dummy,null_02375,5376,1056
dummy,null_02376,5424,1056
dummy,null_02377,5472,1056
dummy,null_02378,5568,1056
dummy,null_02379,5616,1056
dummy,null_02380,5760,1056
dummy,null_02381,5808,1056
dummy,null_02382,5856,1056
dummy,null_02383,5952,1056
dummy,null_02384,6000,1056
dummy,null_02385,6048,1056
dummy,null_02386,6192,1056
dummy,null_02387,6288,1056
dummy,null_02388,6384,1056
dummy,null_02389,6432,1056
dummy,null_02390,6624,1056
dummy,null_02391,6672,1056
dummy,null_02392,6768,1056
dummy,null_02393,6816,1056
dummy,null_02394,6960,1056
dummy,null_02395,7008,1056
dummy,null_02396,7104,1056
dummy,null_02397,7200,1056
dummy,null_02398,7248,1056
dummy,null_02399,7296,1056
dummy,null_02400,7344,1056
dummy,null_02401,7392,1056
dummy,null_02402,7488,1056
dummy,null_02403,7536,1056
dummy,null_02404,7584,1056
dummy,null_02405,7632,1056
dummy,null_02406,7680,1056
dummy,null_02407,7728,1056
dummy,null_02408,7776,1056
dummy,null_02409,7824,1056
dummy,null_02410,7872,1056
dummy,null_02411,8064,1056
dummy,null_02412,8256,1056
dummy,null_02413,8304,1056
dummy,null_02414,8352,1056
dummy,null_02415,8400,1056
dummy,null_02416,8688,1056
dummy,null_02417,8832,1056
dummy,null_02418,8976,1056
dummy,null_02419,9024,1056
dummy,null_02420,9072,1056
dummy,null_02421,9120,1056
dummy,null_02422,9312,1056
dummy,null_02423,9408,1056
dummy,null_02424,9696,1056
dummy,null_02425,9888,1056
dummy,null_02426,9936,1056
dummy,null_02427,48,1104
dummy,null_02428,144,1104
dummy,null_02429,192,1104
dummy,null_02430,336,1104
dummy,null_02431,480,1104
dummy,null_02432,576,1104
dummy,null_02433,624,1104
dummy,null_02434,768,1104
dummy,null_02435,816,1104
dummy,null_02436,864,1104
dummy,null_02437,1008,1104
dummy,null_02438,1056,1104
dummy,null_02439,1104,1104
dummy,null_02440,1344,1104
dummy,null_02441,1392,1104
dummy,null_02442,1488,1104
dummy,null_02443,1584,1104
dummy,null_02444,1824,1104
dummy,null_02445,1872,1104
dummy,null_02446,1968,1104
dummy,null_02447,2016,1104
dummy,null_02448,2064,1104
dummy,null_02449,2112,1104
dummy,null_02450,2160,1104
dummy,null_02451,2208,1104
dummy,null_02452,2400,1104
dummy,null_02453,2496,1104
dummy,null_02454,2544,1104
dummy,null_02455,2640,1104
dummy,null_02456,2832,1104
dummy,null_02457,2928,1104
dummy,null_02458,3072,1104
dummy,null_02459,3168,1104
dummy,null_02460,3216,1104
dummy,null_02461,3408,1104
dummy,null_02462,3504,1104
dummy,null_02463,3600,1104
dummy,null_02464,3648,1104
dummy,null_02465,3936,1104
dummy,null_02466,3984,1104
dummy,null_02467,4032,1104
dummy,null_02468,4080,1104
dummy,null_02469,4176,1104
dummy,null_02470,4272,1104
dummy,null_02471,4320,1104
dummy,null_02472,4368,1104
dummy,null_02473,4464,1104
dummy,null_02474,4656,1104
dummy,null_02475,4704,1104
dummy,null_02476,4752,1104
dummy,null_02477,4800,1104
dummy,null_02478,4896,1104
dummy,null_02479,4944,1104
dummy,null_02480,5088,1104
dummy,null_02481,5232,1104
dummy,null_02482,5280,1104
dummy,null_02483,5328,1104
dummy,null_02484,5376,1104
dummy,null_02485,5568,1104
dummy,null_02486,5760,1104
dummy,null_02487,5808,1104
dummy,null_02488,5856,1104
dummy,null_02489,5904,1104
dummy,null_02490,6000,1104
dummy,null_02491,6096,1104
dummy,null_02492,6192,1104
dummy,null_02493,6480,1104
dummy,null_02494,6528,1104
dummy,null_02495,6624,1104
dummy,null_02496,6672,1104
dummy,null_02497,6720,1104
dummy,null_02498,6912,1104
dummy,null_02499,6960,1104
dummy,null_02500,7104,1104
dummy,null_02501,7200,1104
dummy,null_02502,7248,1104
dummy,null_02503,7296,1104
dummy,null_02504,7440,1104
dummy,null_02505,7488,1104
dummy,null_02506,7536,1104
dummy,null_02507,7584,1104
dummy,null_02508,7632,1104
dummy,null_02509,7728,1104
dummy,null_02510,7776,1104
dummy,null_02511,7872,1104
dummy,null_02512,7920,1104
dummy,null_02513,7968,1104
dummy,null_02514,8016,1104
dummy,null_02515,8064,1104
dummy,null_02516,8160,1104
dummy,null_02517,8208,1104
dummy,null_02518,8256,1104
dummy,null_02519,8352,1104
dummy,null_02520,8688,1104
dummy,null_02521,8736,1104
dummy,null_02522,8880,1104
dummy,null_02523,8928,1104
dummy,null_02524,9024,1104
dummy,null_02525,9072,1104
dummy,null_02526,9120,1104
dummy,null_02527,9168,1104
dummy,null_02528,9216,1104
dummy,null_02529,9264,1104
dummy,null_02530,9312,1104
dummy,null_02531,9360,1104
dummy,null_02532,9504,1104
dummy,null_02533,9648,1104
dummy,null_02534,9696,1104
dummy,null_02535,9744,1104
dummy,null_02536,9936,1104
dummy,null_02537,9984,1104
dummy,null_02538,0,1152
dummy,null_02539,48,1152
dummy,null_02540,240,1152
dummy,null_02541,288,1152
dummy,null_02542,432,1152
dummy,null_02543,480,1152
dummy,null_02544,528,1152
dummy,null_02545,576,1152
dummy,null_02546,720,1152
dummy,null_02547,768,1152
dummy,null_02548,816,1152
dummy,null_02549,1008,1152
dummy,null_02550,1056,1152
dummy,null_02551,1104,1152
dummy,null_02552,1152,1152
dummy,null_02553,1248,1152
dummy,null_02554,1344,1152
dummy,null_02555,1392,1152
dummy,null_02556,1536,1152
dummy,null_02557,1632,1152
dummy,null_02558,1872,1152
dummy,null_02559,1968,1152
dummy,null_02560,2016,1152
dummy,null_02561,2208,1152
dummy,null_02562,2352,1152
dummy,null_02563,2496,1152
dummy,null_02564,2592,1152
dummy,null_02565,2640,1152
dummy,null_02566,2832,1152
dummy,null_02567,2928,1152
dummy,null_02568,2976,1152
dummy,null_02569,3024,1152
dummy,null_02570,3168,1152
dummy,null_02571,3216,1152
dummy,null_02572,3312,1152
dummy,null_02573,3360,1152
dummy,null_02574,3504,1152
dummy,null_02575,3552,1152
dummy,null_02576,3600,1152
dummy,null_02577,3648,1152
dummy,null_02578,3696,1152
dummy,null_02579,3792,1152
dummy,null_02580,3936,1152
dummy,null_02581,3984,1152
dummy,null_02582,4032,1152
dummy,null_02583,4080,1152
dummy,null_02584,4176,1152
dummy,null_02585,4272,1152
dummy,null_02586,4320,1152
dummy,null_02587,4368,1152
dummy,null_02588,4416,1152
dummy,null_02589,4464,1152
dummy,null_02590,4512,1152
dummy,null_02591,4800,1152
dummy,null_02592,4944,1152
dummy,null_02593,4992,1152
dummy,null_02594,5040,1152
dummy,null_02595,5136,1152
dummy,null_02596,5184,1152
dummy,null_02597,5328,1152
dummy,null_02598,5568,1152
dummy,null_02599,5616,1152
dummy,null_02600,5952,1152
dummy,null_02601,6192,1152
dummy,null_02602,6240,1152
dummy,null_02603,6336,1152
dummy,null_02604,6384,1152
dummy,null_02605,6432,1152
dummy,null_02606,6576,1152
dummy,null_02607,6720,1152
dummy,null_02608,6816,1152
dummy,null_02609,6864,1152
dummy,null_02610,7200,1152
dummy,null_02611,7296,1152
dummy,null_02612,7584,1152
dummy,null_02613,7632,1152
dummy,null_02614,7776,1152
dummy,null_02615,7872,1152
dummy,null_02616,7920,1152
dummy,null_02617,8064,1152
dummy,null_02618,8112,1152
dummy,null_02619,8256,1152
dummy,null_02620,8352,1152
dummy,null_02621,8496,1152
dummy,null_02622,8544,1152
dummy,null_02623,8640,1152
dummy,null_02624,8688,1152
dummy,null_02625,8736,1152
dummy,null_02626,8832,1152
dummy,null_02627,8928,1152
dummy,null_02628,8976,1152
dummy,null_02629,9168,1152
dummy,null_02630,9216,1152
dummy,null_02631,9264,1152
dummy,null_02632,9312,1152
dummy,null_02633,9360,1152
dummy,null_02634,9408,1152
dummy,null_02635,9456,1152
dummy,null_02636,9504,1152
dummy,null_02637,9552,1152
dummy,null_02638,9696,1152
dummy,null_02639,9792,1152
dummy,null_02640,9840,1152
dummy,null_02641,9888,1152
dummy,null_02642,9984,1152
dummy,null_02643,0,1200
dummy,null_02644,48,1200
dummy,null_02645,96,1200
dummy,null_02646,144,1200
dummy,null_02647,192,1200
dummy,null_02648,240,1200
dummy,null_02649,384,1200
dummy,null_02650,528,1200
dummy,null_02651,576,1200
dummy,null_02652,624,1200
dummy,null_02653,672,1200
dummy,null_02654,720,1200
dummy,null_02655,768,1200
dummy,null_02656,816,1200
dummy,null_02657,864,1200
dummy,null_02658,912,1200
dummy,null_02659,960,1200
dummy,null_02660,1008,1200
dummy,null_02661,1200,1200
dummy,null_02662,1488,1200
dummy,null_02663,1536,1200
dummy,null_02664,1728,1200
dummy,null_02665,1968,1200
dummy,null_02666,2064,1200
dummy,null_02667,2208,1200
dummy,null_02668,2256,1200
dummy,null_02669,2304,1200
dummy,null_02670,2352,1200
dummy,null_02671,2400,1200
dummy,null_02672,2448,1200
dummy,null_02673,2496,1200
dummy,null_02674,2544,1200
dummy,null_02675,2688,1200
dummy,null_02676,2736,1200
dummy,null_02677,2832,1200
dummy,null_02678,3168,1200
dummy,null_02679,3216,1200
dummy,null_02680,3504,1200
dummy,null_02681,3552,1200
dummy,null_02682,3600,1200
dummy,null_02683,3696,1200
dummy,null_02684,3744,1200
dummy,null_02685,3792,1200
dummy,null_02686,3936,1200
dummy,null_02687,3984,1200
dummy,null_02688,4272,1200
dummy,null_02689,4320,1200
dummy,null_02690,4368,1200
dummy,null_02691,4416,1200
dummy,null_02692,4464,1200
dummy,null_02693,4512,1200
dummy,null_02694,4560,1200
dummy,null_02695,4608,1200
dummy,null_02696,4896,1200
dummy,null_02697,4944,1200
dummy,null_02698,4992,1200
dummy,null_02699,5040,1200
dummy,null_02700,5280,1200
dummy,null_02701,5328,1200
dummy,null_02702,5376,1200
dummy,null_02703,5424,1200
dummy,null_02704,5472,1200
dummy,null_02705,5520,1200
dummy,null_02706,5568,1200
dummy,null_02707,5760,1200
dummy,null_02708,5856,1200
dummy,null_02709,6096,1200
dummy,null_02710,6192,1200
dummy,null_02711,6480,1200
dummy,null_02712,6528,1200
dummy,null_02713,6576,1200
dummy,null_02714,6672,1200
dummy,null_02715,6720,1200
dummy,null_02716,6768,1200
dummy,null_02717,6816,1200
dummy,null_02718,6864,1200
dummy,null_02719,7056,1200
dummy,null_02720,7104,1200
dummy,null_02721,7152,1200
dummy,null_02722,7248,1200
dummy,null_02723,7440,1200
dummy,null_02724,7488,1200
dummy,null_02725,7632,1200
dummy,null_02726,7680,1200
dummy,null_02727,7776,1200
dummy,null_02728,7872,1200
dummy,null_02729,7920,1200
dummy,null_02730,7968,1200
dummy,null_02731,8016,1200
dummy,null_02732,8064,1200
dummy,null_02733,8112,1200
dummy,null_02734,8160,1200
dummy,null_02735,8304,1200
dummy,null_02736,8352,1200
dummy,null_02737,8496,1200
dummy,null_02738,8592,1200
dummy,null_02739,8784,1200
dummy,null_02740,8832,1200
dummy,null_02741,8928,1200
dummy,null_02742,8976,1200
dummy,null_02743,9168,1200
dummy,null_02744,9264,1200
dummy,null_02745,9456,1200
dummy,null_02746,9648,1200
dummy,null_02747,0,1248
dummy,null_02748,144,1248
dummy,null_02749,240,1248
dummy,null_02750,288,1248
dummy,null_02751,336,1248
dummy,null_02752,432,1248
dummy,null_02753,480,1248
dummy,null_02754,672,1248
dummy,null_02755,960,1248
dummy,null_02756,1008,1248
dummy,null_02757,1152,1248
dummy,null_02758,1248,1248
dummy,null_02759,1296,1248
dummy,null_02760,1488,1248
dummy,null_02761,1584,1248
dummy,null_02762,1632,1248
dummy,null_02763,1728,1248
dummy,null_02764,1776,1248
dummy,null_02765,1824,1248
dummy,null_02766,1872,1248
dummy,null_02767,2016,1248
dummy,null_02768,2064,1248
dummy,null_02769,2112,1248
dummy,null_02770,2208,1248
dummy,null_02771,2256,1248
dummy,null_02772,2352,1248
dummy,null_02773,2400,1248
dummy,null_02774,2544,1248
dummy,null_02775,2592,1248
dummy,null_02776,2640,1248
dummy,null_02777,2688,1248
dummy,null_02778,2832,1248
dummy,null_02779,3120,1248
dummy,null_02780,3264,1248
dummy,null_02781,3360,1248
dummy,null_02782,3456,1248
dummy,null_02783,3504,1248
dummy,null_02784,3696,1248
dummy,null_02785,3744,1248
dummy,null_02786,3792,1248
dummy,null_02787,3840,1248
dummy,null_02788,3888,1248
dummy,null_02789,3936,1248
dummy,null_02790,4080,1248
dummy,null_02791,4128,1248
dummy,null_02792,4176,1248
dummy,null_02793,4368,1248
dummy,null_02794,4416,1248
dummy,null_02795,4464,1248
dummy,null_02796,4560,1248
dummy,null_02797,4608,1248
dummy,null_02798,4704,1248
dummy,null_02799,4752,1248
dummy,null_02800,4992,1248
dummy,null_02801,5136,1248
dummy,null_02802,5232,1248
dummy,null_02803,5328,1248
dummy,null_02804,5424,1248
dummy,null_02805,5520,1248
dummy,null_02806,5664,1248
dummy,null_02807,5712,1248
dummy,null_02808,5904,1248
dummy,null_02809,6048,1248
dummy,null_02810,6144,1248
dummy,null_02811,6192,1248
dummy,null_02812,6288,1248
dummy,null_02813,6336,1248
dummy,null_02814,6432,1248
dummy,null_02815,6528,1248
dummy,null_02816,6720,1248
dummy,null_02817,6816,1248
dummy,null_02818,6864,1248
dummy,null_02819,7008,1248
dummy,null_02820,7248,1248
dummy,null_02821,7536,1248
dummy,null_02822,7632,1248
dummy,null_02823,7728,1248
dummy,null_02824,7824,1248
dummy,null_02825,7872,1248
dummy,null_02826,7968,1248
dummy,null_02827,8112,1248
dummy,null_02828,8208,1248
dummy,null_02829,8256,1248
dummy,null_02830,8448,1248
dummy,null_02831,8544,1248
dummy,null_02832,8640,1248
dummy,null_02833,8688,1248
dummy,null_02834,8784,1248
dummy,null_02835,8976,1248
dummy,null_02836,9120,1248
dummy,null_02837,9264,1248
dummy,null_02838,9312,1248
dummy,null_02839,9408,1248
dummy,null_02840,9504,1248
dummy,null_02841,9552,1248
dummy,null_02842,9648,1248
dummy,null_02843,9744,1248
dummy,null_02844,9792,1248
dummy,null_02845,9936,1248
dummy,null_02846,0,1296
dummy,null_02847,96,1296
dummy,null_02848,144,1296
dummy,null_02849,240,1296
dummy,null_02850,384,1296
dummy,null_02851,624,1296
dummy,null_02852,672,1296
dummy,null_02853,720,1296
dummy,null_02854,768,1296
dummy,null_02855,816,1296
dummy,null_02856,912,1296
dummy,null_02857,960,1296
dummy,null_02858,1008,1296
dummy,null_02859,1200,1296
dummy,null_02860,1440,1296
dummy,null_02861,1536,1296
dummy,null_02862,1680,1296
dummy,null_02863,1776,1296
dummy,null_02864,2016,1296
dummy,null_02865,2112,1296
dummy,null_02866,2160,1296
dummy,null_02867,2208,1296
dummy,null_02868,2352,1296
dummy,null_02869,2496,1296
dummy,null_02870,2640,1296
dummy,null_02871,2688,1296
dummy,null_02872,2736,1296
dummy,null_02873,2784,1296
dummy,null_02874,2832,1296
dummy,null_02875,2880,1296
dummy,null_02876,2976,1296
dummy,null_02877,3072,1296
dummy,null_02878,3120,1296
dummy,null_02879,3312,1296
dummy,null_02880,3600,1296
dummy,null_02881,3648,1296
dummy,null_02882,3744,1296
dummy,null_02883,3792,1296
dummy,null_02884,4128,1296
dummy,null_02885,4176,1296
dummy,null_02886,4272,1296
dummy,null_02887,4560,1296
dummy,null_02888,4704,1296
dummy,null_02889,4992,1296
dummy,null_02890,5040,1296
dummy,null_02891,5088,1296
dummy,null_02892,5136,1296
dummy,null_02893,5184,1296
dummy,null_02894,5232,1296
dummy,null_02895,5280,1296
dummy,null_02896,5328,1296
dummy,null_02897,5376,1296
dummy,null_02898,5568,1296
dummy,null_02899,5712,1296
dummy,null_02900,5760,1296
dummy,null_02901,5808,1296
dummy,null_02902,5856,1296
dummy,null_02903,5904,1296
dummy,null_02904,6048,1296
dummy,null_02905,6096,1296
dummy,null_02906,6288,1296
dummy,null_02907,6384,1296
dummy,null_02908,6480,1296
dummy,null_02909,6528,1296
dummy,null_02910,6576,1296
dummy,null_02911,6768,1296
dummy,null_02912,6816,1296
dummy,null_02913,6864,1296
dummy,null_02914,7056,1296
dummy,null_02915,7200,1296
dummy,null_02916,7248,1296
dummy,null_02917,7296,1296
dummy,null_02918,7392,1296
dummy,null_02919,7488,1296
dummy,null_02920,7680,1296
dummy,null_02921,7728,1296
dummy,null_02922,7776,1296
dummy,null_02923,7920,1296
dummy,null_02924,7968,1296
dummy,null_02925,8064,1296
dummy,null_02926,8208,1296
dummy,null_02927,8256,1296
dummy,null_02928,8304,1296
dummy,null_02929,8352,1296
dummy,null_02930,8544,1296
dummy,null_02931,8688,1296
dummy,null_02932,8880,1296
dummy,null_02933,9120,1296
dummy,null_02934,9216,1296
dummy,null_02935,9264,1296
dummy,null_02936,9360,1296
dummy,null_02937,9408,1296
dummy,null_02938,9504,1296
dummy,null_02939,9552,1296
dummy,null_02940,9648,1296
dummy,null_02941,9840,1296
dummy,null_02942,9936,1296
dummy,null_02943,9984,1296
dummy,null_02944,0,1344
dummy,null_02945,48,1344
dummy,null_02946,144,1344
dummy,null_02947,192,1344
dummy,null_02948,240,1344
dummy,null_02949,624,1344
dummy,null_02950,672,1344
dummy,null_02951,720,1344
dummy,null_02952,768,1344
dummy,null_02953,1008,1344
dummy,null_02954,1104,1344
dummy,null_02955,1296,1344
dummy,null_02956,1344,1344
dummy,null_02957,1392,1344
dummy,null_02958,1488,1344
dummy,null_02959,1536,1344
dummy,null_02960,1584,1344
dummy,null_02961,1632,1344
dummy,null_02962,1680,1344
dummy,null_02963,1872,1344
dummy,null_02964,1968,1344
dummy,null_02965,2160,1344
dummy,null_02966,2208,1344
dummy,null_02967,2352,1344
dummy,null_02968,2400,1344
dummy,null_02969,2448,1344
dummy,null_02970,2544,1344
dummy,null_02971,2688,1344
dummy,null_02972,2736,1344
dummy,null_02973,2832,1344
dummy,null_02974,2976,1344
dummy,null_02975,3024,1344
dummy,null_02976,3120,1344
dummy,null_02977,3168,1344
dummy,null_02978,3264,1344
dummy,null_02979,3312,1344
dummy,null_02980,3456,1344
dummy,null_02981,3504,1344
dummy,null_02982,3600,1344
dummy,null_02983,3648,1344
dummy,null_02984,3696,1344
dummy,null_02985,3792,1344
dummy,null_02986,3936,1344
dummy,null_02987,3984,1344
dummy,null_02988,4128,1344
dummy,null_02989,4176,1344
dummy,null_02990,4224,1344
dummy,null_02991,4272,1344
dummy,null_02992,4416,1344
dummy,null_02993,4800,1344
dummy,null_02994,4848,1344
dummy,null_02995,4896,1344
dummy,null_02996,4944,1344
dummy,null_02997,5040,1344
dummy,null_02998,5136,1344
dummy,null_02999,5184,1344
dummy,null_03000,5280,1344
dummy,null_03001,5424,1344
dummy,null_03002,5520,1344
dummy,null_03003,5568,1344
dummy,null_03004,5712,1344
dummy,null_03005,5760,1344
dummy,null_03006,5856,1344
dummy,null_03007,5952,1344
dummy,null_03008,6048,1344
dummy,null_03009,6288,1344
dummy,null_03010,6432,1344
dummy,null_03011,6624,1344
dummy,null_03012,6864,1344
dummy,null_03013,7392,1344
dummy,null_03014,7440,1344
dummy,null_03015,7488,1344
dummy,null_03016,7584,1344
dummy,null_03017,7632,1344
dummy,null_03018,7680,1344
dummy,null_03019,7920,1344
dummy,null_03020,7968,1344
dummy,null_03021,8016,1344
dummy,null_03022,8112,1344
dummy,null_03023,8160,1344
dummy,null_03024,8208,1344
dummy,null_03025,8256,1344
dummy,null_03026,8304,1344
dummy,null_03027,8400,1344
dummy,null_03028,8496,1344
dummy,null_03029,8736,1344
dummy,null_03030,8784,1344
dummy,null_03031,8976,1344
dummy,null_03032,9024,1344
dummy,null_03033,9120,1344
dummy,null_03034,9168,1344
dummy,null_03035,9264,1344
dummy,null_03036,9312,1344
dummy,null_03037,9360,1344
dummy,null_03038,9408,1344
dummy,null_03039,9504,1344
dummy,null_03040,9648,1344
dummy,null_03041,9696,1344
dummy,null_03042,9840,1344
dummy,null_03043,9888,1344
dummy,null_03044,9936,1344
dummy,null_03045,9984,1344
dummy,null_03046,0,1392
dummy,null_03047,48,1392
dummy,null_03048,144,1392
dummy,null_03049,192,1392
dummy,null_03050,384,1392
dummy,null_03051,528,1392
dummy,null_03052,624,1392
dummy,null_03053,720,1392
dummy,null_03054,768,1392
dummy,null_03055,912,1392
dummy,null_03056,960,1392
dummy,null_03057,1008,1392
dummy,null_03058,1056,1392
dummy,null_03059,1344,1392
dummy,null_03060,1392,1392
dummy,null_03061,1440,1392
dummy,null_03062,1584,1392
dummy,null_03063,1632,1392
dummy,null_03064,1728,1392
dummy,null_03065,1872,1392
dummy,null_03066,1968,1392
dummy,null_03067,2304,1392
dummy,null_03068,2352,1392
dummy,null_03069,2448,1392
dummy,null_03070,2544,1392
dummy,null_03071,2640,1392
dummy,null_03072,2688,1392
dummy,null_03073,3024,1392
dummy,null_03074,3072,1392
dummy,null_03075,3120,1392
dummy,null_03076,3360,1392
dummy,null_03077,3408,1392
dummy,null_03078,3504,1392
dummy,null_03079,3552,1392
dummy,null_03080,3600,1392
dummy,null_03081,3648,1392
dummy,null_03082,3696,1392
dummy,null_03083,3840,1392
dummy,null_03084,4032,1392
dummy,null_03085,4080,1392
dummy,null_03086,4176,1392
dummy,null_03087,4416,1392
dummy,null_03088,4464,1392
dummy,null_03089,4512,1392
dummy,null_03090,4560,1392
dummy,null_03091,4608,1392
dummy,null_03092,4656,1392
dummy,null_03093,4704,1392
dummy,null_03094,4752,1392
dummy,null_03095,4800,1392
dummy,null_03096,4896,1392
dummy,null_03097,4944,1392
dummy,null_03098,5040,1392
dummy,null_03099,5184,1392
dummy,null_03100,5232,1392
dummy,null_03101,5376,1392
dummy,null_03102,5424,1392
dummy,null_03103,5472,1392
dummy,null_03104,5568,1392
dummy,null_03105,5616,1392
dummy,null_03106,5712,1392
dummy,null_03107,5808,1392
dummy,null_03108,5952,1392
dummy,null_03109,6000,1392
dummy,null_03110,6096,1392
dummy,null_03111,6144,1392
dummy,null_03112,6528,1392
dummy,null_03113,6624,1392
dummy,null_03114,6864,1392
dummy,null_03115,7152,1392
dummy,null_03116,7248,1392
dummy,null_03117,7296,1392
dummy,null_03118,7392,1392
dummy,null_03119,7488,1392
dummy,null_03120,7536,1392
dummy,null_03121,7680,1392
dummy,null_03122,7824,1392
dummy,null_03123,7872,1392
dummy,null_03124,7968,1392
dummy,null_03125,8016,1392
dummy,null_03126,8064,1392
dummy,null_03127,8112,1392
dummy,null_03128,8256,1392
dummy,null_03129,8352,1392
dummy,null_03130,8448,1392
dummy,null_03131,8592,1392
dummy,null_03132,8688,1392
dummy,null_03133,8736,1392
dummy,null_03134,8880,1392
dummy,null_03135,8928,1392
dummy,null_03136,9120,1392
dummy,null_03137,9312,1392
dummy,null_03138,9360,1392
dummy,null_03139,9552,1392
dummy,null_03140,9648,1392
dummy,null_03141,9696,1392
dummy,null_03142,9888,1392
dummy,null_03143,0,1440
dummy,null_03144,48,1440
dummy,null_03145,144,1440
dummy,null_03146,192,1440
dummy,null_03147,240,1440
dummy,null_03148,288,1440
dummy,null_03149,384,1440
dummy,null_03150,432,1440
dummy,null_03151,528,1440
dummy,null_03152,624,1440
dummy,null_03153,672,1440
dummy,null_03154,768,1440
dummy,null_03155,864,1440
dummy,null_03156,912,1440
dummy,null_03157,960,1440
dummy,null_03158,1344,1440
dummy,null_03159,1392,1440
dummy,null_03160,1488,1440
dummy,null_03161,1584,1440
dummy,null_03162,1632,1440
dummy,null_03163,1824,1440
dummy,null_03164,1872,1440
dummy,null_03165,1920,1440
dummy,null_03166,2016,1440
dummy,null_03167,2064,1440
dummy,null_03168,2112,1440
dummy,null_03169,2160,1440
dummy,null_03170,2256,1440
dummy,null_03171,2352,1440
dummy,null_03172,2640,1440
dummy,null_03173,2688,1440
dummy,null_03174,2784,1440
dummy,null_03175,2928,1440
dummy,null_03176,3024,1440
dummy,null_03177,3120,1440
dummy,null_03178,3168,1440
dummy,null_03179,3216,1440
dummy,null_03180,3312,1440
dummy,null_03181,3600,1440
dummy,null_03182,3696,1440
dummy,null_03183,3888,1440
dummy,null_03184,4128,1440
dummy,null_03185,4272,1440
dummy,null_03186,4416,1440
dummy,null_03187,4464,1440
dummy,null_03188,4512,1440
dummy,null_03189,4800,1440
dummy,null_03190,5040,1440
dummy,null_03191,5088,1440
dummy,null_03192,5136,1440
dummy,null_03193,5184,1440
dummy,null_03194,5232,1440
dummy,null_03195,5280,1440
dummy,null_03196,5376,1440
dummy,null_03197,5424,1440
dummy,null_03198,5520,1440
dummy,null_03199,5760,1440
dummy,null_03200,5856,1440
dummy,null_03201,6000,1440
dummy,null_03202,6096,1440
dummy,null_03203,6144,1440
dummy,null_03204,6240,1440
dummy,null_03205,6336,1440
dummy,null_03206,6432,1440
dummy,null_03207,6480,1440
dummy,null_03208,6528,1440
dummy,null_03209,6768,1440
dummy,null_03210,6816,1440
dummy,null_03211,6864,1440
dummy,null_03212,6960,1440
dummy,null_03213,7056,1440
dummy,null_03214,7104,1440
dummy,null_03215,7248,1440
dummy,null_03216,7440,1440
dummy,null_03217,7632,1440
dummy,null_03218,7680,1440
dummy,null_03219,7728,1440
dummy,null_03220,7824,1440
dummy,null_03221,7872,1440
dummy,null_03222,7920,1440
dummy,null_03223,8016,1440
dummy,null_03224,8064,1440
dummy,null_03225,8112,1440
dummy,null_03226,8160,1440
dummy,null_03227,8256,1440
dummy,null_03228,8304,1440
dummy,null_03229,8448,1440
dummy,null_03230,8496,1440
dummy,null_03231,8544,1440
dummy,null_03232,8592,1440
dummy,null_03233,8640,1440
dummy,null_03234,8736,1440
dummy,null_03235,8880,1440
dummy,null_03236,9024,1440
dummy,null_03237,9120,1440
dummy,null_03238,9168,1440
dummy,null_03239,9312,1440
dummy,null_03240,9456,1440
dummy,null_03241,9648,1440
dummy,null_03242,9744,1440
dummy,null_03243,9888,1440
dummy,null_03244,9936,1440
dummy,null_03245,9984,1440
dummy,null_03246,48,1488
dummy,null_03247,144,1488
dummy,null_03248,192,1488
dummy,null_03249,480,1488
dummy,null_03250,768,1488
dummy,null_03251,864,1488
dummy,null_03252,1056,1488
dummy,null_03253,1152,1488
dummy,null_03254,1296,1488
dummy,null_03255,1344,1488
dummy,null_03256,1392,1488
dummy,null_03257,1440,1488
dummy,null_03258,1536,1488
dummy,null_03259,1584,1488
dummy,null_03260,1776,1488
dummy,null_03261,1968,1488
dummy,null_03262,2112,1488
dummy,null_03263,2160,1488
dummy,null_03264,2400,1488
dummy,null_03265,2448,1488
dummy,null_03266,2496,1488
dummy,null_03267,2736,1488
dummy,null_03268,2832,1488
dummy,null_03269,2928,1488
dummy,null_03270,3024,1488
dummy,null_03271,3216,1488
dummy,null_03272,3312,1488
dummy,null_03273,3408,1488
dummy,null_03274,3504,1488
dummy,null_03275,3648,1488
dummy,null_03276,3696,1488
dummy,null_03277,3744,1488
dummy,null_03278,3840,1488
dummy,null_03279,3888,1488
dummy,null_03280,3984,1488
dummy,null_03281,4080,1488
dummy,null_03282,4128,1488
dummy,null_03283,4224,1488
dummy,null_03284,4368,1488
dummy,null_03285,4656,1488
dummy,null_03286,4704,1488
dummy,null_03287,4752,1488
dummy,null_03288,4896,1488
dummy,null_03289,4992,1488
dummy,null_03290,5088,1488
dummy,null_03291,5136,1488
dummy,null_03292,5232,1488
dummy,null_03293,5328,1488
dummy,null_03294,5376,1488
dummy,null_03295,5424,1488
dummy,null_03296,5472,1488
dummy,null_03297,5568,1488
dummy,null_03298,5712,1488
dummy,null_03299,5760,1488
dummy,null_03300,5808,1488
dummy,null_03301,5904,1488
dummy,null_03302,5952,1488
dummy,null_03303,6048,1488
dummy,null_03304,6096,1488
dummy,null_03305,6144,1488
dummy,null_03306,6192,1488
dummy,null_03307,6240,1488
dummy,null_03308,6288,1488
dummy,null_03309,6336,1488
dummy,null_03310,6384,1488
dummy,null_03311,6432,1488
dummy,null_03312,6576,1488
dummy,null_03313,6624,1488
dummy,null_03314,7152,1488
dummy,null_03315,7200,1488
dummy,null_03316,7248,1488
dummy,null_03317,7344,1488
dummy,null_03318,7440,1488
dummy,null_03319,7488,1488
dummy,null_03320,7536,1488
dummy,null_03321,7584,1488
dummy,null_03322,7632,1488
dummy,null_03323,7680,1488
dummy,null_03324,7728,1488
dummy,null_03325,7776,1488
dummy,null_03326,7872,1488
dummy,null_03327,7920,1488
dummy,null_03328,8064,1488
dummy,null_03329,8160,1488
dummy,null_03330,8352,1488
dummy,null_03331,8400,1488
dummy,null_03332,8496,1488
dummy,null_03333,8544,1488
dummy,null_03334,8592,1488
dummy,null_03335,8640,1488
dummy,null_03336,8688,1488
dummy,null_03337,8880,1488
dummy,null_03338,9024,1488
dummy,null_03339,9120,1488
dummy,null_03340,9168,1488
dummy,null_03341,9552,1488
dummy,null_03342,9984,1488
dummy,null_03343,48,1536
dummy,null_03344,96,1536
dummy,null_03345,192,1536
dummy,null_03346,288,1536
dummy,null_03347,336,1536
dummy,null_03348,384,1536
dummy,null_03349,480,1536
dummy,null_03350,576,1536
dummy,null_03351,624,1536
dummy,null_03352,768,1536
dummy,null_03353,816,1536
dummy,null_03354,864,1536
dummy,null_03355,912,1536
dummy,null_03356,1056,1536
dummy,null_03357,1152,1536
dummy,null_03358,1248,1536
dummy,null_03359,1344,1536
dummy,null_03360,1392,1536
dummy,null_03361,1488,1536
dummy,null_03362,1584,1536
dummy,null_03363,1680,1536
dummy,null_03364,1824,1536
dummy,null_03365,1968,1536
dummy,null_03366,2064,1536
dummy,null_03367,2112,1536
dummy,null_03368,2160,1536
dummy,null_03369,2208,1536
dummy,null_03370,2256,1536
dummy,null_03371,2304,1536
dummy,null_03372,2352,1536
dummy,null_03373,2544,1536
dummy,null_03374,2592,1536
dummy,null_03375,2640,1536
dummy,null_03376,2688,1536
dummy,null_03377,2784,1536
dummy,null_03378,2832,1536
dummy,null_03379,2880,1536
dummy,null_03380,3072,1536
dummy,null_03381,3168,1536
dummy,null_03382,3312,1536
dummy,null_03383,3360,1536
dummy,null_03384,3408,1536
dummy,null_03385,3456,1536
dummy,null_03386,3600,1536
dummy,null_03387,3648,1536
dummy,null_03388,3792,1536
dummy,null_03389,4080,1536
dummy,null_03390,4128,1536
dummy,null_03391,4176,1536
dummy,null_03392,4224,1536
dummy,null_03393,4320,1536
dummy,null_03394,4368,1536
dummy,null_03395,4416,1536
dummy,null_03396,4464,1536
dummy,null_03397,4512,1536
dummy,null_03398,4656,1536
dummy,null_03399,4848,1536
dummy,null_03400,4896,1536
dummy,null_03401,4944,1536
dummy,null_03402,4992,1536
dummy,null_03403,5040,1536
dummy,null_03404,5088,1536
dummy,null_03405,5232,1536
dummy,null_03406,5280,1536
dummy,null_03407,5376,1536
dummy,null_03408,5424,1536
dummy,null_03409,5568,1536
dummy,null_03410,5664,1536
dummy,null_03411,5712,1536
dummy,null_03412,5856,1536
dummy,null_03413,6000,1536
dummy,null_03414,6048,1536
dummy,null_03415,6192,1536
dummy,null_03416,6240,1536
dummy,null_03417,6288,1536
dummy,null_03418,6336,1536
dummy,null_03419,6432,1536
dummy,null_03420,6480,1536
dummy,null_03421,6576,1536
dummy,null_03422,6624,1536
dummy,null_03423,6816,1536
dummy,null_03424,6912,1536
dummy,null_03425,6960,1536
dummy,null_03426,7008,1536
dummy,null_03427,7056,1536
dummy,null_03428,7152,1536
dummy,null_03429,7200,1536
dummy,null_03430,7296,1536
dummy,null_03431,7344,1536
dummy,null_03432,7392,1536
dummy,null_03433,7488,1536
dummy,null_03434,7584,1536
dummy,null_03435,7632,1536
dummy,null_03436,8256,1536
dummy,null_03437,8304,1536
dummy,null_03438,8496,1536
dummy,null_03439,8640,1536
dummy,null_03440,8688,1536
dummy,null_03441,8736,1536
dummy,null_03442,8832,1536
dummy,null_03443,8880,1536
dummy,null_03444,8928,1536
dummy,null_03445,8976,1536
dummy,null_03446,9024,1536
dummy,null_03447,9120,1536
dummy,null_03448,9168,1536
dummy,null_03449,9264,1536
dummy,null_03450,9312,1536
dummy,null_03451,9456,1536
dummy,null_03452,9600,1536
dummy,null_03453,9744,1536
dummy,null_03454,9792,1536
dummy,null_03455,9840,1536
dummy,null_03456,9936,1536
dummy,null_03457,0,1584
dummy,null_03458,48,1584
dummy,null_03459,144,1584
dummy,null_03460,192,1584
dummy,null_03461,336,1584
dummy,null_03462,384,1584
dummy,null_03463,432,1584
dummy,null_03464,480,1584
dummy,null_03465,624,1584
dummy,null_03466,720,1584
dummy,null_03467,816,1584
dummy,null_03468,912,1584
dummy,null_03469,1008,1584
dummy,null_03470,1440,1584
dummy,null_03471,1584,1584
dummy,null_03472,1824,1584
dummy,null_03473,1872,1584
dummy,null_03474,1968,1584
dummy,null_03475,2016,1584
dummy,null_03476,2256,1584
dummy,null_03477,2304,1584
dummy,null_03478,2352,1584
dummy,null_03479,2400,1584
dummy,null_03480,2448,1584
dummy,null_03481,2496,1584
dummy,null_03482,2592,1584
dummy,null_03483,2688,1584
dummy,null_03484,2784,1584
dummy,null_03485,2832,1584
dummy,null_03486,2880,1584
dummy,null_03487,2928,1584
dummy,null_03488,3120,1584
dummy,null_03489,3360,1584
dummy,null_03490,3504,1584
dummy,null_03491,3552,1584
dummy,null_03492,3648,1584
dummy,null_03493,3696,1584
dummy,null_03494,3744,1584
dummy,null_03495,3792,1584
dummy,null_03496,3888,1584
dummy,null_03497,4080,1584
dummy,null_03498,4128,1584
dummy,null_03499,4176,1584
dummy,null_03500,4272,1584
dummy,null_03501,4320,1584
dummy,null_03502,4512,1584
dummy,null_03503,4656,1584
dummy,null_03504,4704,1584
dummy,null_03505,4752,1584
dummy,null_03506,4848,1584
dummy,null_03507,4992,1584
dummy,null_03508,5088,1584
dummy,null_03509,5136,1584
dummy,null_03510,5232,1584
dummy,null_03511,5328,1584
dummy,null_03512,5424,1584
dummy,null_03513,5472,1584
dummy,null_03514,5520,1584
dummy,null_03515,5568,1584
dummy,null_03516,5616,1584
dummy,null_03517,5664,1584
dummy,null_03518,5712,1584
dummy,null_03519,5856,1584
dummy,null_03520,5904,1584
dummy,null_03521,6000,1584
dummy,null_03522,6096,1584
dummy,null_03523,6192,1584
dummy,null_03524,6336,1584
dummy,null_03525,6480,1584
dummy,null_03526,6528,1584
dummy,null_03527,6768,1584
dummy,null_03528,6912,1584
dummy,null_03529,7056,1584
dummy,null_03530,7152,1584
dummy,null_03531,7200,1584
dummy,null_03532,7296,1584
dummy,null_03533,7392,1584
dummy,null_03534,7488,1584
dummy,null_03535,7536,1584
dummy,null_03536,7728,1584
dummy,null_03537,7872,1584
dummy,null_03538,7920,1584
dummy,null_03539,8016,1584
dummy,null_03540,8160,1584
dummy,null_03541,8352,1584
dummy,null_03542,8448,1584
dummy,null_03543,8544,1584
dummy,null_03544,8592,1584
dummy,null_03545,8640,1584
dummy,null_03546,8832,1584
dummy,null_03547,8880,1584
dummy,null_03548,8928,1584
dummy,null_03549,8976,1584
dummy,null_03550,9024,1584
dummy,null_03551,9072,1584
dummy,null_03552,9120,1584
dummy,null_03553,9168,1584
dummy,null_03554,9216,1584
dummy,null_03555,9360,1584
dummy,null_03556,9408,1584
dummy,null_03557,9456,1584
dummy,null_03558,9504,1584
dummy,null_03559,9552,1584
dummy,null_03560,9648,1584
dummy,null_03561,9744,1584
dummy,null_03562,9792,1584
dummy,null_03563,9840,1584
dummy,null_03564,9888,1584
dummy,null_03565,9984,1584
dummy,null_03566,0,1632
dummy,null_03567,96,1632
dummy,null_03568,144,1632
dummy,null_03569,240,1632
dummy,null_03570,288,1632
dummy,null_03571,432,1632
dummy,null_03572,624,1632
dummy,null_03573,672,1632
dummy,null_03574,1152,1632
dummy,null_03575,1248,1632
dummy,null_03576,1296,1632
dummy,null_03577,1392,1632
dummy,null_03578,1680,1632
dummy,null_03579,1824,1632
dummy,null_03580,1920,1632
dummy,null_03581,2064,1632
dummy,null_03582,2208,1632
dummy,null_03583,2256,1632
dummy,null_03584,2400,1632
dummy,null_03585,2496,1632
dummy,null_03586,2640,1632
dummy,null_03587,2688,1632
dummy,null_03588,2784,1632
dummy,null_03589,2832,1632
dummy,null_03590,3024,1632
dummy,null_03591,3120,1632
dummy,null_03592,3360,1632
dummy,null_03593,3408,1632
dummy,null_03594,3504,1632
dummy,null_03595,3648,1632
dummy,null_03596,3696,1632
dummy,null_03597,3984,1632
dummy,null_03598,4080,1632
dummy,null_03599,4128,1632
dummy,null_03600,4464,1632
dummy,null_03601,4608,1632
dummy,null_03602,4656,1632
dummy,null_03603,4752,1632
dummy,null_03604,4800,1632
dummy,null_03605,4848,1632
dummy,null_03606,4896,1632
dummy,null_03607,4992,1632
dummy,null_03608,5040,1632
dummy,null_03609,5088,1632
dummy,null_03610,5136,1632
dummy,null_03611,5280,1632
dummy,null_03612,5328,1632
dummy,null_03613,5424,1632
dummy,null_03614,5568,1632
dummy,null_03615,5952,1632
dummy,null_03616,6000,1632
dummy,null_03617,6144,1632
dummy,null_03618,6192,1632
dummy,null_03619,6384,1632
dummy,null_03620,6432,1632
dummy,null_03621,6480,1632
dummy,null_03622,6528,1632
dummy,null_03623,6672,1632
dummy,null_03624,6720,1632
dummy,null_03625,6768,1632
dummy,null_03626,6864,1632
dummy,null_03627,6912,1632
dummy,null_03628,6960,1632
dummy,null_03629,7056,1632
dummy,null_03630,7104,1632
dummy,null_03631,7152,1632
dummy,null_03632,7248,1632
dummy,null_03633,7344,1632
dummy,null_03634,7440,1632
dummy,null_03635,7632,1632
dummy,null_03636,7680,1632
dummy,null_03637,7728,1632
dummy,null_03638,7872,1632
dummy,null_03639,7968,1632
dummy,null_03640,8016,1632
dummy,null_03641,8208,1632
dummy,null_03642,8352,1632
dummy,null_03643,8496,1632
dummy,null_03644,8544,1632
dummy,null_03645,8592,1632
dummy,null_03646,8784,1632
dummy,null_03647,8832,1632
dummy,null_03648,8928,1632
dummy,null_03649,9072,1632
dummy,null_03650,9120,1632
dummy,null_03651,9312,1632
dummy,null_03652,9360,1632
dummy,null_03653,9408,1632
dummy,null_03654,9456,1632
dummy,null_03655,9504,1632
dummy,null_03656,9552,1632
dummy,null_03657,9600,1632
dummy,null_03658,9888,1632
dummy,null_03659,9936,1632
dummy,null_03660,48,1680
dummy,null_03661,144,1680
dummy,null_03662,192,1680
dummy,null_03663,240,1680
dummy,null_03664,384,1680
dummy,null_03665,528,1680
dummy,null_03666,720,1680
dummy,null_03667,768,1680
dummy,null_03668,816,1680
dummy,null_03669,864,1680
dummy,null_03670,912,1680
dummy,null_03671,960,1680
dummy,null_03672,1008,1680
dummy,null_03673,1056,1680
dummy,null_03674,1152,1680
dummy,null_03675,1344,1680
dummy,null_03676,1392,1680
dummy,null_03677,1488,1680
dummy,null_03678,1632,1680
dummy,null_03679,1680,1680
dummy,null_03680,1728,1680
dummy,null_03681,1872,1680
dummy,null_03682,1920,1680
dummy,null_03683,2064,1680
dummy,null_03684,2256,1680
dummy,null_03685,2400,1680
dummy,null_03686,2496,1680
dummy,null_03687,2880,1680
dummy,null_03688,2928,1680
dummy,null_03689,3216,1680
dummy,null_03690,3408,1680
dummy,null_03691,3456,1680
dummy,null_03692,3504,1680
dummy,null_03693,3600,1680
dummy,null_03694,3648,1680
dummy,null_03695,3744,1680
dummy,null_03696,3792,1680
dummy,null_03697,4032,1680
dummy,null_03698,4080,1680
dummy,null_03699,4176,1680
dummy,null_03700,4224,1680
dummy,null_03701,4272,1680
dummy,null_03702,4368,1680
dummy,null_03703,4464,1680
dummy,null_03704,4512,1680
dummy,null_03705,4608,1680
dummy,null_03706,4704,1680
dummy,null_03707,4944,1680
dummy,null_03708,5040,1680
dummy,null_03709,5088,1680
dummy,null_03710,5184,1680
dummy,null_03711,5232,1680
dummy,null_03712,5424,1680
dummy,null_03713,5472,1680
dummy,null_03714,5520,1680
dummy,null_03715,5568,1680
dummy,null_03716,5712,1680
dummy,null_03717,5904,1680
dummy,null_03718,5952,1680
dummy,null_03719,6000,1680
dummy,null_03720,6048,1680
dummy,null_03721,6096,1680
dummy,null_03722,6192,1680
dummy,null_03723,6288,1680
dummy,null_03724,6432,1680
dummy,null_03725,6528,1680
dummy,null_03726,6624,1680
dummy,null_03727,6672,1680
dummy,null_03728,6720,1680
dummy,null_03729,6816,1680
dummy,null_03730,6960,1680
dummy,null_03731,7008,1680
dummy,null_03732,7056,1680
dummy,null_03733,7296,1680
dummy,null_03734,7344,1680
dummy,null_03735,7392,1680
dummy,null_03736,7440,1680
dummy,null_03737,7584,1680
dummy,null_03738,7776,1680
dummy,null_03739,7824,1680
dummy,null_03740,7872,1680
dummy,null_03741,8016,1680
dummy,null_03742,8112,1680
dummy,null_03743,8208,1680
dummy,null_03744,8256,1680
dummy,null_03745,8304,1680
dummy,null_03746,8448,1680
dummy,null_03747,8496,1680
dummy,null_03748,8544,1680
dummy,null_03749,8592,1680
dummy,null_03750,8640,1680
dummy,null_03751,8736,1680
dummy,null_03752,8928,1680
dummy,null_03753,9312,1680
dummy,null_03754,9360,1680
dummy,null_03755,9408,1680
dummy,null_03756,9600,1680
dummy,null_03757,9792,1680
dummy,null_03758,9840,1680
dummy,null_03759,9888,1680
dummy,null_03760,9936,1680
dummy,null_03761,9984,1680
dummy,null_03762,0,1728
dummy,null_03763,96,1728
dummy,null_03764,144,1728
dummy,null_03765,192,1728
dummy,null_03766,288,1728
dummy,null_03767,384,1728
dummy,null_03768,432,1728
dummy,null_03769,480,1728
dummy,null_03770,672,1728
dummy,null_03771,864,1728
dummy,null_03772,912,1728
dummy,null_03773,960,1728
dummy,null_03774,1008,1728
dummy,null_03775,1104,1728
dummy,null_03776,1152,1728
dummy,null_03777,1200,1728
dummy,null_03778,1248,1728
dummy,null_03779,1344,1728
dummy,null_03780,1488,1728
dummy,null_03781,1632,1728
dummy,null_03782,1680,1728
dummy,null_03783,1872,1728
dummy,null_03784,1968,1728
dummy,null_03785,2160,1728
dummy,null_03786,2208,1728
dummy,null_03787,2400,1728
dummy,null_03788,2544,1728
dummy,null_03789,2736,1728
dummy,null_03790,2784,1728
dummy,null_03791,2880,1728
dummy,null_03792,2928,1728
dummy,null_03793,2976,1728
dummy,null_03794,3216,1728
dummy,null_03795,3312,1728
dummy,null_03796,3360,1728
dummy,null_03797,3552,1728
dummy,null_03798,3600,1728
dummy,null_03799,3648,1728
dummy,null_03800,3936,1728
dummy,null_03801,3984,1728
dummy,null_03802,4176,1728
dummy,null_03803,4224,1728
dummy,null_03804,4272,1728
dummy,null_03805,4320,1728
dummy,null_03806,4512,1728
dummy,null_03807,4656,1728
dummy,null_03808,4704,1728
dummy,null_03809,4848,1728
dummy,null_03810,5040,1728
dummy,null_03811,5088,1728
dummy,null_03812,5280,1728
dummy,null_03813,5328,1728
dummy,null_03814,5376,1728
dummy,null_03815,5472,1728
dummy,null_03816,5520,1728
dummy,null_03817,5568,1728
dummy,null_03818,5616,1728
dummy,null_03819,5712,1728
dummy,null_03820,5808,1728
dummy,null_03821,5904,1728
dummy,null_03822,6048,1728
dummy,null_03823,6096,1728
dummy,null_03824,6144,1728
dummy,null_03825,6192,1728
dummy,null_03826,6288,1728
dummy,null_03827,6384,1728
dummy,null_03828,6432,1728
dummy,null_03829,6480,1728
dummy,null_03830,6528,1728
dummy,null_03831,6576,1728
dummy,null_03832,6624,1728
dummy,null_03833,6720,1728
dummy,null_03834,6768,1728
dummy,null_03835,6864,1728
dummy,null_03836,6912,1728
dummy,null_03837,6960,1728
dummy,null_03838,7008,1728
dummy,null_03839,7056,1728
dummy,null_03840,7104,1728
dummy,null_03841,7200,1728
dummy,null_03842,7248,1728
dummy,null_03843,7344,1728
dummy,null_03844,7392,1728
dummy,null_03845,7440,1728
dummy,null_03846,7488,1728
dummy,null_03847,7536,1728
dummy,null_03848,7584,1728
dummy,null_03849,7680,1728
dummy,null_03850,7776,1728
dummy,null_03851,7824,1728
dummy,null_03852,7872,1728
dummy,null_03853,7968,1728
dummy,null_03854,8016,1728
dummy,null_03855,8256,1728
dummy,null_03856,8400,1728
dummy,null_03857,8448,1728
dummy,null_03858,8496,1728
dummy,null_03859,8592,1728
dummy,null_03860,8736,1728
dummy,null_03861,8832,1728
dummy,null_03862,8880,1728
dummy,null_03863,9072,1728
dummy,null_03864,9360,1728
dummy,null_03865,9504,1728
dummy,null_03866,9552,1728
dummy,null_03867,9600,1728
dummy,null_03868,9648,1728
dummy,null_03869,9696,1728
dummy,null_03870,9744,1728
dummy,null_03871,9792,1728
dummy,null_03872,9888,1728
dummy,null_03873,48,1776
dummy,null_03874,144,1776
dummy,null_03875,192,1776
dummy,null_03876,288,1776
dummy,null_03877,336,1776
dummy,null_03878,384,1776
dummy,null_03879,432,1776
dummy,null_03880,576,1776
dummy,null_03881,624,1776
dummy,null_03882,720,1776
dummy,null_03883,1056,1776
dummy,null_03884,1152,1776
dummy,null_03885,1200,1776
dummy,null_03886,1248,1776
dummy,null_03887,1296,1776
dummy,null_03888,1392,1776
dummy,null_03889,1440,1776
dummy,null_03890,1536,1776
dummy,null_03891,1584,1776
dummy,null_03892,1632,1776
dummy,null_03893,1824,1776
dummy,null_03894,1968,1776
dummy,null_03895,2064,1776
dummy,null_03896,2112,1776
dummy,null_03897,2304,1776
dummy,null_03898,2448,1776
dummy,null_03899,2640,1776
dummy,null_03900,2688,1776
dummy,null_03901,2736,1776
dummy,null_03902,2784,1776
dummy,null_03903,2832,1776
dummy,null_03904,2880,1776
dummy,null_03905,3072,1776
dummy,null_03906,3264,1776
dummy,null_03907,3456,1776
dummy,null_03908,3696,1776
dummy,null_03909,3792,1776
dummy,null_03910,3840,1776
dummy,null_03911,3888,1776
dummy,null_03912,3984,1776
dummy,null_03913,4032,1776
dummy,null_03914,4080,1776
dummy,null_03915,4128,1776
dummy,null_03916,4224,1776
dummy,null_03917,4272,1776
dummy,null_03918,4368,1776
dummy,null_03919,4416,1776
dummy,null_03920,4464,1776
dummy,null_03921,4560,1776
dummy,null_03922,4608,1776
dummy,null_03923,4656,1776
dummy,null_03924,4896,1776
dummy,null_03925,5088,1776
dummy,null_03926,5136,1776
dummy,null_03927,5280,1776
dummy,null_03928,5328,1776
dummy,null_03929,5424,1776
dummy,null_03930,5472,1776
dummy,null_03931,5568,1776
dummy,null_03932,5664,1776
dummy,null_03933,5760,1776
dummy,null_03934,5856,1776
dummy,null_03935,6000,1776
dummy,null_03936,6048,1776
dummy,null_03937,6096,1776
dummy,null_03938,6144,1776
dummy,null_03939,6288,1776
dummy,null_03940,6336,1776
dummy,null_03941,6384,1776
dummy,null_03942,6432,1776
dummy,null_03943,6480,1776
dummy,null_03944,6576,1776
dummy,null_03945,6768,1776
dummy,null_03946,7008,1776
dummy,null_03947,7104,1776
dummy,null_03948,7248,1776
dummy,null_03949,7296,1776
dummy,null_03950,7392,1776
dummy,null_03951,7536,1776
dummy,null_03952,7584,1776
dummy,null_03953,7632,1776
dummy,null_03954,7728,1776
dummy,null_03955,7824,1776
dummy,null_03956,7872,1776
dummy,null_03957,7968,1776
dummy,null_03958,8112,1776
dummy,null_03959,8160,1776
dummy,null_03960,8304,1776
dummy,null_03961,8448,1776
dummy,null_03962,8496,1776
dummy,null_03963,8592,1776
dummy,null_03964,8688,1776
dummy,null_03965,8976,1776
dummy,null_03966,9072,1776
dummy,null_03967,9168,1776
dummy,null_03968,9312,1776
dummy,null_03969,9360,1776
dummy,null_03970,9408,1776
dummy,null_03971,9648,1776
dummy,null_03972,9744,1776
dummy,null_03973,9792,1776
dummy,null_03974,9840,1776
dummy,null_03975,48,1824
dummy,null_03976,96,1824
dummy,null_03977,192,1824
dummy,null_03978,288,1824
dummy,null_03979,432,1824
dummy,null_03980,528,1824
dummy,null_03981,576,1824
dummy,null_03982,816,1824
dummy,null_03983,912,1824
dummy,null_03984,1008,1824
dummy,null_03985,1056,1824
dummy,null_03986,1104,1824
dummy,null_03987,1152,1824
dummy,null_03988,1296,1824
dummy,null_03989,1392,1824
dummy,null_03990,1536,1824
dummy,null_03991,1584,1824
dummy,null_03992,1632,1824
dummy,null_03993,1680,1824
dummy,null_03994,1824,1824
dummy,null_03995,1872,1824
dummy,null_03996,2016,1824
dummy,null_03997,2112,1824
dummy,null_03998,2208,1824
dummy,null_03999,2304,1824
dummy,null_04000,2352,1824
dummy,null_04001,2400,1824
dummy,null_04002,2448,1824
dummy,null_04003,2496,1824
dummy,null_04004,2544,1824
dummy,null_04005,2592,1824
dummy,null_04006,2640,1824
dummy,null_04007,2688,1824
dummy,null_04008,2736,1824
dummy,null_04009,2880,1824
dummy,null_04010,2928,1824
dummy,null_04011,3072,1824
dummy,null_04012,3120,1824
dummy,null_04013,3168,1824
dummy,null_04014,3312,1824
dummy,null_04015,3360,1824
dummy,null_04016,3504,1824
dummy,null_04017,3648,1824
dummy,null_04018,3840,1824
dummy,null_04019,3888,1824
dummy,null_04020,3936,1824
dummy,null_04021,4128,1824
dummy,null_04022,4272,1824
dummy,null_04023,4320,1824
dummy,null_04024,4656,1824
dummy,null_04025,4752,1824
dummy,null_04026,4800,1824
dummy,null_04027,4848,1824
dummy,null_04028,4896,1824
dummy,null_04029,4992,1824
dummy,null_04030,5040,1824
dummy,null_04031,5088,1824
dummy,null_04032,5232,1824
dummy,null_04033,5280,1824
dummy,null_04034,5424,1824
dummy,null_04035,5568,1824
dummy,null_04036,5760,1824
dummy,null_04037,5808,1824
dummy,null_04038,5856,1824
dummy,null_04039,5904,1824
dummy,null_04040,5952,1824
dummy,null_04041,6048,1824
dummy,null_04042,6096,1824
dummy,null_04043,6336,1824
dummy,null_04044,6384,1824
dummy,null_04045,6432,1824
dummy,null_04046,6480,1824
dummy,null_04047,6576,1824
dummy,null_04048,6624,1824
dummy,null_04049,6672,1824
dummy,null_04050,6720,1824
dummy,null_04051,6768,1824
dummy,null_04052,6960,1824
dummy,null_04053,7008,1824
dummy,null_04054,7200,1824
dummy,null_04055,7248,1824
dummy,null_04056,7296,1824
dummy,null_04057,7392,1824
dummy,null_04058,7488,1824
dummy,null_04059,7536,1824
dummy,null_04060,7584,1824
dummy,null_04061,7632,1824
dummy,null_04062,7728,1824
dummy,null_04063,7920,1824
dummy,null_04064,8160,1824
dummy,null_04065,8400,1824
dummy,null_04066,8448,1824
dummy,null_04067,8496,1824
dummy,null_04068,8544,1824
dummy,null_04069,8592,1824
dummy,null_04070,8640,1824
dummy,null_04071,8688,1824
dummy,null_04072,8880,1824
dummy,null_04073,8928,1824
dummy,null_04074,8976,1824
dummy,null_04075,9024,1824
dummy,null_04076,9120,1824
dummy,null_04077,9168,1824
dummy,null_04078,9264,1824
dummy,null_04079,9312,1824
dummy,null_04080,9408,1824
dummy,null_04081,9552,1824
dummy,null_04082,9600,1824
dummy,null_04083,9648,1824
dummy,null_04084,9792,1824
dummy,null_04085,9840,1824
dummy,null_04086,9888,1824
dummy,null_04087,9984,1824
dummy,null_04088,0,1872
dummy,null_04089,96,1872
dummy,null_04090,144,1872
dummy,null_04091,384,1872
dummy,null_04092,576,1872
dummy,null_04093,672,1872
dummy,null_04094,720,1872
dummy,null_04095,816,1872
dummy,null_04096,864,1872
dummy,null_04097,1056,1872
dummy,null_04098,1152,1872
dummy,null_04099,1200,1872
dummy,null_04100,1296,1872
dummy,null_04101,1344,1872
dummy,null_04102,1392,1872
dummy,null_04103,1536,1872
dummy,null_04104,1632,1872
dummy,null_04105,1680,1872
dummy,null_04106,1776,1872
dummy,null_04107,1824,1872
dummy,null_04108,1872,1872
dummy,null_04109,1968,1872
dummy,null_04110,2016,1872
dummy,null_04111,2064,1872
dummy,null_04112,2112,1872
dummy,null_04113,2160,1872
dummy,null_04114,2208,1872
dummy,null_04115,2304,1872
dummy,null_04116,2496,1872
dummy,null_04117,2592,1872
dummy,null_04118,2640,1872
dummy,null_04119,2736,1872
dummy,null_04120,2880,1872
dummy,null_04121,2928,1872
dummy,null_04122,3024,1872
dummy,null_04123,3120,1872
dummy,null_04124,3312,1872
dummy,null_04125,3408,1872
dummy,null_04126,3456,1872
dummy,null_04127,3504,1872
dummy,null_04128,3552,1872
dummy,null_04129,3648,1872
dummy,null_04130,3792,1872
dummy,null_04131,3840,1872
dummy,null_04132,3936,1872
dummy,null_04133,3984,1872
dummy,null_04134,4032,1872
dummy,null_04135,4080,1872
dummy,null_04136,4176,1872
dummy,null_04137,4224,1872
dummy,null_04138,4272,1872
dummy,null_04139,4416,1872
dummy,null_04140,4464,1872
dummy,null_04141,4560,1872
dummy,null_04142,4608,1872
dummy,null_04143,4800,1872
dummy,null_04144,4944,1872
dummy,null_04145,4992,1872
dummy,null_04146,5088,1872
dummy,null_04147,5376,1872
dummy,null_04148,5472,1872
dummy,null_04149,5616,1872
dummy,null_04150,5664,1872
dummy,null_04151,5712,1872
dummy,null_04152,5760,1872
dummy,null_04153,5808,1872
dummy,null_04154,5952,1872
dummy,null_04155,6144,1872
dummy,null_04156,6240,1872
dummy,null_04157,6432,1872
dummy,null_04158,6480,1872
dummy,null_04159,6816,1872
dummy,null_04160,6864,1872
dummy,null_04161,6912,1872
dummy,null_04162,6960,1872
dummy,null_04163,7056,1872
dummy,null_04164,7104,1872
dummy,null_04165,7152,1872
dummy,null_04166,7344,1872
dummy,null_04167,7440,1872
dummy,null_04168,7488,1872
dummy,null_04169,7632,1872
dummy,null_04170,7728,1872
dummy,null_04171,7872,1872
dummy,null_04172,7920,1872
dummy,null_04173,7968,1872
dummy,null_04174,8016,1872
dummy,null_04175,8064,1872
dummy,null_04176,8112,1872
dummy,null_04177,8160,1872
dummy,null_04178,8256,1872
dummy,null_04179,8400,1872
dummy,null_04180,8496,1872
dummy,null_04181,8544,1872
dummy,null_04182,8592,1872
dummy,null_04183,8640,1872
dummy,null_04184,8688,1872
dummy,null_04185,8784,1872
dummy,null_04186,8880,1872
dummy,null_04187,8976,1872
dummy,null_04188,9024,1872
dummy,null_04189,9312,1872
dummy,null_04190,9408,1872
dummy,null_04191,9552,1872
dummy,null_04192,9648,1872
dummy,null_04193,9840,1872
dummy,null_04194,9888,1872
dummy,null_04195,9984,1872
dummy,null_04196,0,1920
dummy,null_04197,48,1920
dummy,null_04198,192,1920
dummy,null_04199,240,1920
dummy,null_04200,384,1920
dummy,null_04201,432,1920
dummy,null_04202,480,1920
dummy,null_04203,528,1920
dummy,null_04204,624,1920
dummy,null_04205,768,1920
dummy,null_04206,816,1920
dummy,null_04207,864,1920
dummy,null_04208,912,1920
dummy,null_04209,1056,1920
dummy,null_04210,1200,1920
dummy,null_04211,1248,1920
dummy,null_04212,1296,1920
dummy,null_04213,1440,1920
dummy,null_04214,1536,1920
dummy,null_04215,1584,1920
dummy,null_04216,1632,1920
dummy,null_04217,1728,1920
dummy,null_04218,1776,1920
dummy,null_04219,1920,1920
dummy,null_04220,2016,1920
dummy,null_04221,2064,1920
dummy,null_04222,2400,1920
dummy,null_04223,2448,1920
dummy,null_04224,2640,1920
dummy,null_04225,2688,1920
dummy,null_04226,2784,1920
dummy,null_04227,2880,1920
dummy,null_04228,2928,1920
dummy,null_04229,2976,1920
dummy,null_04230,3072,1920
dummy,null_04231,3120,1920
dummy,null_04232,3168,1920
dummy,null_04233,3264,1920
dummy,null_04234,3552,1920
dummy,null_04235,3696,1920
dummy,null_04236,3744,1920
dummy,null_04237,4176,1920
dummy,null_04238,4320,1920
dummy,null_04239,4368,1920
dummy,null_04240,4512,1920
dummy,null_04241,4656,1920
dummy,null_04242,4704,1920
dummy,null_04243,4800,1920
dummy,null_04244,4896,1920
dummy,null_04245,4944,1920
dummy,null_04246,5040,1920
dummy,null_04247,5088,1920
dummy,null_04248,5376,1920
dummy,null_04249,5472,1920
dummy,null_04250,5520,1920
dummy,null_04251,5616,1920
dummy,null_04252,5664,1920
dummy,null_04253,5712,1920
dummy,null_04254,5952,1920
dummy,null_04255,6048,1920
dummy,null_04256,6096,1920
dummy,null_04257,6240,1920
dummy,null_04258,6432,1920
dummy,null_04259,6480,1920
dummy,null_04260,6576,1920
dummy,null_04261,6672,1920
dummy,null_04262,6768,1920
dummy,null_04263,6864,1920
dummy,null_04264,6912,1920
dummy,null_04265,6960,1920
dummy,null_04266,7008,1920
dummy,null_04267,7056,1920
dummy,null_04268,7440,1920
dummy,null_04269,7488,1920
dummy,null_04270,7536,1920
dummy,null_04271,7680,1920
dummy,null_04272,7728,1920
dummy,null_04273,7824,1920
dummy,null_04274,7872,1920
dummy,null_04275,7968,1920
dummy,null_04276,8160,1920
dummy,null_04277,8400,1920
dummy,null_04278,8448,1920
dummy,null_04279,8496,1920
dummy,null_04280,8544,1920
dummy,null_04281,8592,1920
dummy,null_04282,8640,1920
dummy,null_04283,8688,1920
dummy,null_04284,8784,1920
dummy,null_04285,8832,1920
dummy,null_04286,8928,1920
dummy,null_04287,9168,1920
dummy,null_04288,9312,1920
dummy,null_04289,9408,1920
dummy,null_04290,9456,1920
dummy,null_04291,9552,1920
dummy,null_04292,9600,1920
dummy,null_04293,9648,1920
dummy,null_04294,9696,1920
dummy,null_04295,9792,1920
dummy,null_04296,9888,1920
dummy,null_04297,9936,1920
dummy,null_04298,9984,1920
dummy,null_04299,48,1968
dummy,null_04300,96,1968
dummy,null_04301,240,1968
dummy,null_04302,288,1968
dummy,null_04303,336,1968
dummy,null_04304,432,1968
dummy,null_04305,1008,1968
dummy,null_04306,1056,1968
dummy,null_04307,1152,1968
dummy,null_04308,1200,1968
dummy,null_04309,1248,1968
dummy,null_04310,1296,1968
dummy,null_04311,1344,1968
dummy,null_04312,1440,1968
dummy,null_04313,1488,1968
dummy,null_04314,1536,1968
dummy,null_04315,1584,1968
dummy,null_04316,1680,1968
dummy,null_04317,1824,1968
dummy,null_04318,1920,1968
dummy,null_04319,2016,1968
dummy,null_04320,2112,1968
dummy,null_04321,2160,1968
dummy,null_04322,2256,1968
dummy,null_04323,2352,1968
dummy,null_04324,2400,1968
dummy,null_04325,2592,1968
dummy,null_04326,2688,1968
dummy,null_04327,2736,1968
dummy,null_04328,2784,1968
dummy,null_04329,2832,1968
dummy,null_04330,2928,1968
dummy,null_04331,2976,1968
dummy,null_04332,3024,1968
dummy,null_04333,3072,1968
dummy,null_04334,3120,1968
dummy,null_04335,3168,1968
dummy,null_04336,3216,1968
dummy,null_04337,3264,1968
dummy,null_04338,3456,1968
dummy,null_04339,3504,1968
dummy,null_04340,3696,1968
dummy,null_04341,3744,1968
dummy,null_04342,3792,1968
dummy,null_04343,3840,1968
dummy,null_04344,3984,1968
dummy,null_04345,4032,1968
dummy,null_04346,4080,1968
dummy,null_04347,4176,1968
dummy,null_04348,4224,1968
dummy,null_04349,4272,1968
dummy,null_04350,4320,1968
dummy,null_04351,4368,1968
dummy,null_04352,4512,1968
dummy,null_04353,4560,1968
dummy,null_04354,4608,1968
dummy,null_04355,4704,1968
dummy,null_04356,4800,1968
dummy,null_04357,4848,1968
dummy,null_04358,4944,1968
dummy,null_04359,5040,1968
dummy,null_04360,5184,1968
dummy,null_04361,5232,1968
dummy,null_04362,5280,1968
dummy,null_04363,5328,1968
dummy,null_04364,5376,1968
dummy,null_04365,5424,1968
dummy,null_04366,5472,1968
dummy,null_04367,5712,1968
dummy,null_04368,5856,1968
dummy,null_04369,5952,1968
dummy,null_04370,6048,1968
dummy,null_04371,6096,1968
dummy,null_04372,6288,1968
dummy,null_04373,6384,1968
dummy,null_04374,6480,1968
dummy,null_04375,6528,1968
dummy,null_04376,6672,1968
dummy,null_04377,6720,1968
dummy,null_04378,6960,1968
dummy,null_04379,7152,1968
dummy,null_04380,7248,1968
dummy,null_04381,7344,1968
dummy,null_04382,7488,1968
dummy,null_04383,7536,1968
dummy,null_04384,7632,1968
dummy,null_04385,7680,1968
dummy,null_04386,7824,1968
dummy,null_04387,7968,1968
dummy,null_04388,8112,1968
dummy,null_04389,8256,1968
dummy,null_04390,8448,1968
dummy,null_04391,8592,1968
dummy,null_04392,8688,1968
dummy,null_04393,8928,1968
dummy,null_04394,8976,1968
dummy,null_04395,9024,1968
dummy,null_04396,9216,1968
dummy,null_04397,9264,1968
dummy,null_04398,9312,1968
dummy,null_04399,9360,1968
dummy,null_04400,9744,1968
dummy,null_04401,9888,1968
dummy,null_04402,0,2016
dummy,null_04403,48,2016
dummy,null_04404,192,2016
dummy,null_04405,336,2016
dummy,null_04406,480,2016
dummy,null_04407,528,2016
dummy,null_04408,672,2016
dummy,null_04409,864,2016
dummy,null_04410,912,2016
dummy,null_04411,960,2016
dummy,null_04412,1056,2016
dummy,null_04413,1248,2016
dummy,null_04414,1296,2016
dummy,null_04415,1440,2016
dummy,null_04416,1536,2016
dummy,null_04417,1632,2016
dummy,null_04418,1680,2016
dummy,null_04419,1776,2016
dummy,null_04420,1872,2016
dummy,null_04421,1920,2016
dummy,null_04422,1968,2016
dummy,null_04423,2016,2016
dummy,null_04424,2064,2016
dummy,null_04425,2160,2016
dummy,null_04426,2208,2016
dummy,null_04427,2256,2016
dummy,null_04428,2352,2016
dummy,null_04429,2592,2016
dummy,null_04430,2688,2016
dummy,null_04431,2736,2016
dummy,null_04432,2880,2016
dummy,null_04433,2928,2016
dummy,null_04434,3072,2016
dummy,null_04435,3120,2016
dummy,null_04436,3168,2016
dummy,null_04437,3264,2016
dummy,null_04438,3312,2016
dummy,null_04439,3408,2016
dummy,null_04440,3552,2016
dummy,null_04441,3696,2016
dummy,null_04442,3888,2016
dummy,null_04443,3936,2016
dummy,null_04444,4080,2016
dummy,null_04445,4128,2016
dummy,null_04446,4272,2016
dummy,null_04447,4464,2016
dummy,null_04448,4512,2016
dummy,null_04449,4752,2016
dummy,null_04450,4800,2016
dummy,null_04451,4944,2016
dummy,null_04452,5040,2016
dummy,null_04453,5136,2016
dummy,null_04454,5232,2016
dummy,null_04455,5280,2016
dummy,null_04456,5328,2016
dummy,null_04457,5376,2016
dummy,null_04458,5424,2016
dummy,null_04459,5568,2016
dummy,null_04460,5616,2016
dummy,null_04461,5664,2016
dummy,null_04462,5712,2016
dummy,null_04463,5856,2016
dummy,null_04464,6144,2016
dummy,null_04465,6336,2016
dummy,null_04466,6480,2016
dummy,null_04467,6528,2016
dummy,null_04468,6576,2016
dummy,null_04469,6768,2016
dummy,null_04470,6816,2016
dummy,null_04471,6864,2016
dummy,null_04472,6912,2016
dummy,null_04473,7056,2016
dummy,null_04474,7104,2016
dummy,null_04475,7200,2016
dummy,null_04476,7248,2016
dummy,null_04477,7296,2016
dummy,null_04478,7392,2016
dummy,null_04479,7440,2016
dummy,null_04480,7632,2016
dummy,null_04481,7680,2016
dummy,null_04482,7728,2016
dummy,null_04483,7872,2016
dummy,null_04484,7920,2016
dummy,null_04485,8064,2016
dummy,null_04486,8112,2016
dummy,null_04487,8160,2016
dummy,null_04488,8400,2016
dummy,null_04489,8448,2016
dummy,null_04490,8544,2016
dummy,null_04491,8640,2016
dummy,null_04492,8688,2016
dummy,null_04493,8736,2016
dummy,null_04494,8928,2016
dummy,null_04495,8976,2016
dummy,null_04496,9024,2016
dummy,null_04497,9120,2016
dummy,null_04498,9168,2016
dummy,null_04499,9216,2016
dummy,null_04500,9264,2016
dummy,null_04501,9360,2016
dummy,null_04502,9408,2016
dummy,null_04503,9504,2016
dummy,null_04504,9552,2016
dummy,null_04505,9696,2016
dummy,null_04506,9888,2016
dummy,null_04507,9984,2016
dummy,null_04508,0,2064
dummy,null_04509,240,2064
dummy,null_04510,336,2064
dummy,null_04511,384,2064
dummy,null_04512,480,2064
dummy,null_04513,528,2064
dummy,null_04514,624,2064
dummy,null_04515,672,2064
dummy,null_04516,720,2064
dummy,null_04517,768,2064
dummy,null_04518,912,2064
dummy,null_04519,960,2064
dummy,null_04520,1200,2064
dummy,null_04521,1296,2064
dummy,null_04522,1344,2064
dummy,null_04523,1440,2064
dummy,null_04524,1488,2064
dummy,null_04525,1536,2064
dummy,null_04526,1680,2064
dummy,null_04527,1824,2064
dummy,null_04528,1920,2064
dummy,null_04529,1968,2064
dummy,null_04530,2064,2064
dummy,null_04531,2112,2064
dummy,null_04532,2208,2064
dummy,null_04533,2304,2064
dummy,null_04534,2352,2064
dummy,null_04535,2448,2064
dummy,null_04536,2496,2064
dummy,null_04537,2544,2064
dummy,null_04538,2592,2064
dummy,null_04539,2688,2064
dummy,null_04540,2736,2064
dummy,null_04541,2784,2064
dummy,null_04542,2928,2064
dummy,null_04543,3024,2064
dummy,null_04544,3072,2064
dummy,null_04545,3120,2064
dummy,null_04546,3216,2064
dummy,null_04547,3264,2064
dummy,null_04548,3312,2064
dummy,null_04549,3456,2064
dummy,null_04550,3552,2064
dummy,null_04551,3648,2064
dummy,null_04552,3840,2064
dummy,null_04553,4080,2064
dummy,null_04554,4176,2064
dummy,null_04555,4224,2064
dummy,null_04556,4464,2064
dummy,null_04557,4512,2064
dummy,null_04558,4608,2064
dummy,null_04559,4656,2064
dummy,null_04560,4704,2064
dummy,null_04561,4800,2064
dummy,null_04562,4944,2064
dummy,null_04563,5136,2064
dummy,null_04564,5184,2064
dummy,null_04565,5280,2064
dummy,null_04566,5328,2064
dummy,null_04567,5616,2064
dummy,null_04568,5856,2064
dummy,null_04569,6000,2064
dummy,null_04570,6048,2064
dummy,null_04571,6144,2064
dummy,null_04572,6192,2064
dummy,null_04573,6720,2064
dummy,null_04574,6816,2064
dummy,null_04575,6864,2064
dummy,null_04576,6912,2064
dummy,null_04577,6960,2064
dummy,null_04578,7392,2064
dummy,null_04579,7440,2064
dummy,null_04580,7488,2064
dummy,null_04581,7584,2064
dummy,null_04582,7632,2064
dummy,null_04583,7824,2064
dummy,null_04584,7872,2064
dummy,null_04585,7968,2064
dummy,null_04586,8016,2064
dummy,null_04587,8112,2064
dummy,null_04588,8160,2064
dummy,null_04589,8208,2064
dummy,null_04590,8304,2064
dummy,null_04591,8448,2064
dummy,null_04592,8592,2064
dummy,null_04593,8640,2064
dummy,null_04594,8832,2064
dummy,null_04595,8880,2064
dummy,null_04596,8976,2064
dummy,null_04597,9024,2064
dummy,null_04598,9072,2064
dummy,null_04599,9168,2064
dummy,null_04600,9264,2064
dummy,null_04601,9312,2064
dummy,null_04602,9360,2064
dummy,null_04603,9408,2064
dummy,null_04604,9504,2064
dummy,null_04605,9600,2064
dummy,null_04606,9648,2064
dummy,null_04607,9696,2064
dummy,null_04608,9792,2064
dummy,null_04609,9840,2064
dummy,null_04610,9888,2064
dummy,null_04611,48,2112
dummy,null_04612,96,2112
dummy,null_04613,192,2112
dummy,null_04614,240,2112
dummy,null_04615,288,2112
dummy,null_04616,384,2112
dummy,null_04617,432,2112
dummy,null_04618,480,2112
dummy,null_04619,528,2112
dummy,null_04620,624,2112
dummy,null_04621,720,2112
dummy,null_04622,768,2112
dummy,null_04623,912,2112
dummy,null_04624,960,2112
dummy,null_04625,1008,2112
dummy,null_04626,1152,2112
dummy,null_04627,1248,2112
dummy,null_04628,1344,2112
dummy,null_04629,1392,2112
dummy,null_04630,1440,2112
dummy,null_04631,1584,2112
dummy,null_04632,1680,2112
dummy,null_04633,1728,2112
dummy,null_04634,1824,2112
dummy,null_04635,1872,2112
dummy,null_04636,2112,2112
dummy,null_04637,2256,2112
dummy,null_04638,2304,2112
dummy,null_04639,2352,2112
dummy,null_04640,2448,2112
dummy,null_04641,2592,2112
dummy,null_04642,2640,2112
dummy,null_04643,2880,2112
dummy,null_04644,3168,2112
dummy,null_04645,3216,2112
dummy,null_04646,3264,2112
dummy,null_04647,3360,2112
dummy,null_04648,3408,2112
dummy,null_04649,3600,2112
dummy,null_04650,3648,2112
dummy,null_04651,3744,2112
dummy,null_04652,3840,2112
dummy,null_04653,3888,2112
dummy,null_04654,4032,2112
dummy,null_04655,4176,2112
dummy,null_04656,4368,2112
dummy,null_04657,4512,2112
dummy,null_04658,4560,2112
dummy,null_04659,4656,2112
dummy,null_04660,4704,2112
dummy,null_04661,4752,2112
dummy,null_04662,4944,2112
dummy,null_04663,5232,2112
dummy,null_04664,5280,2112
dummy,null_04665,5424,2112
dummy,null_04666,5520,2112
dummy,null_04667,5568,2112
dummy,null_04668,5616,2112
dummy,null_04669,5712,2112
dummy,null_04670,5760,2112
dummy,null_04671,5808,2112
dummy,null_04672,5904,2112
dummy,null_04673,6000,2112
dummy,null_04674,6048,2112
dummy,null_04675,6192,2112
dummy,null_04676,6240,2112
dummy,null_04677,6288,2112
dummy,null_04678,6336,2112
dummy,null_04679,6528,2112
dummy,null_04680,6624,2112
dummy,null_04681,6672,2112
dummy,null_04682,6768,2112
dummy,null_04683,6816,2112
dummy,null_04684,6864,2112
dummy,null_04685,6912,2112
dummy,null_04686,6960,2112
dummy,null_04687,7008,2112
dummy,null_04688,7056,2112
dummy,null_04689,7152,2112
dummy,null_04690,7200,2112
dummy,null_04691,7296,2112
dummy,null_04692,7536,2112
dummy,null_04693,7584,2112
dummy,null_04694,7728,2112
dummy,null_04695,7872,2112
dummy,null_04696,7968,2112
dummy,null_04697,8016,2112
dummy,null_04698,8064,2112
dummy,null_04699,8160,2112
dummy,null_04700,8208,2112
dummy,null_04701,8256,2112
dummy,null_04702,8352,2112
dummy,null_04703,8400,2112
dummy,null_04704,8448,2112
dummy,null_04705,8880,2112
dummy,null_04706,8928,2112
dummy,null_04707,9024,2112
dummy,null_04708,9360,2112
dummy,null_04709,9456,2112
dummy,null_04710,9600,2112
dummy,null_04711,9648,2112
dummy,null_04712,9696,2112
dummy,null_04713,9744,2112
dummy,null_04714,9792,2112
dummy,null_04715,9936,2112
dummy,null_04716,9984,2112
dummy,null_04717,48,2160
dummy,null_04718,96,2160
dummy,null_04719,144,2160
dummy,null_04720,240,2160
dummy,null_04721,288,2160
dummy,null_04722,336,2160
dummy,null_04723,384,2160
dummy,null_04724,432,2160
dummy,null_04725,480,2160
dummy,null_04726,576,2160
dummy,null_04727,672,2160
dummy,null_04728,720,2160
dummy,null_04729,816,2160
dummy,null_04730,864,2160
dummy,null_04731,912,2160
dummy,null_04732,1008,2160
dummy,null_04733,1152,2160
dummy,null_04734,1248,2160
dummy,null_04735,1392,2160
dummy,null_04736,1440,2160
dummy,null_04737,1536,2160
dummy,null_04738,1632,2160
dummy,null_04739,1680,2160
dummy,null_04740,1728,2160
dummy,null_04741,1824,2160
dummy,null_04742,1968,2160
dummy,null_04743,2064,2160
dummy,null_04744,2112,2160
dummy,null_04745,2160,2160
dummy,null_04746,2304,2160
dummy,null_04747,2352,2160
dummy,null_04748,2448,2160
dummy,null_04749,2640,2160
dummy,null_04750,2736,2160
dummy,null_04751,2784,2160
dummy,null_04752,2880,2160
dummy,null_04753,2928,2160
dummy,null_04754,2976,2160
dummy,null_04755,3120,2160
dummy,null_04756,3168,2160
dummy,null_04757,3216,2160
dummy,null_04758,3408,2160
dummy,null_04759,3456,2160
dummy,null_04760,3504,2160
dummy,null_04761,3552,2160
dummy,null_04762,3744,2160
dummy,null_04763,3792,2160
dummy,null_04764,3840,2160
dummy,null_04765,3936,2160
dummy,null_04766,3984,2160
dummy,null_04767,4176,2160
dummy,null_04768,4224,2160
dummy,null_04769,4272,2160
dummy,null_04770,4320,2160
dummy,null_04771,4416,2160
dummy,null_04772,4560,2160
dummy,null_04773,4608,2160
dummy,null_04774,4656,2160
dummy,null_04775,4752,2160
dummy,null_04776,4800,2160
dummy,null_04777,4848,2160
dummy,null_04778,4944,2160
dummy,null_04779,5040,2160
dummy,null_04780,5136,2160
dummy,null_04781,5376,2160
dummy,null_04782,5472,2160
dummy,null_04783,5520,2160
dummy,null_04784,5664,2160
dummy,null_04785,5712,2160
dummy,null_04786,5760,2160
dummy,null_04787,5808,2160
dummy,null_04788,5856,2160
dummy,null_04789,5904,2160
dummy,null_04790,5952,2160
dummy,null_04791,6240,2160
dummy,null_04792,6288,2160
dummy,null_04793,6336,2160
dummy,null_04794,6432,2160
dummy,null_04795,6672,2160
dummy,null_04796,6720,2160
dummy,null_04797,6768,2160
dummy,null_04798,6864,2160
dummy,null_04799,7008,2160
dummy,null_04800,7056,2160
dummy,null_04801,7200,2160
dummy,null_04802,7344,2160
dummy,null_04803,7392,2160
dummy,null_04804,7536,2160
dummy,null_04805,7584,2160
dummy,null_04806,7632,2160
dummy,null_04807,7680,2160
dummy,null_04808,7776,2160
dummy,null_04809,7920,2160
dummy,null_04810,8016,2160
dummy,null_04811,8064,2160
dummy,null_04812,8112,2160
dummy,null_04813,8256,2160
dummy,null_04814,8352,2160
dummy,null_04815,8592,2160
dummy,null_04816,8640,2160
dummy,null_04817,8688,2160
dummy,null_04818,8832,2160
dummy,null_04819,8928,2160
dummy,null_04820,9072,2160
dummy,null_04821,9264,2160
dummy,null_04822,9312,2160
dummy,null_04823,9360,2160
dummy,null_04824,9408,2160
dummy,null_04825,9504,2160
dummy,null_04826,9648,2160
dummy,null_04827,9696,2160
dummy,null_04828,9744,2160
dummy,null_04829,9792,2160
dummy,null_04830,9888,2160
dummy,null_04831,9936,2160
dummy,null_04832,96,2208
dummy,null_04833,192,2208
dummy,null_04834,240,2208
dummy,null_04835,336,2208
dummy,null_04836,384,2208
dummy,null_04837,432,2208
dummy,null_04838,480,2208
dummy,null_04839,576,2208
dummy,null_04840,624,2208
dummy,null_04841,720,2208
dummy,null_04842,768,2208
dummy,null_04843,864,2208
dummy,null_04844,1152,2208
dummy,null_04845,1200,2208
dummy,null_04846,1248,2208
dummy,null_04847,1296,2208
dummy,null_04848,1344,2208
dummy,null_04849,1440,2208
dummy,null_04850,1488,2208
dummy,null_04851,1632,2208
dummy,null_04852,1680,2208
dummy,null_04853,1776,2208
dummy,null_04854,1872,2208
dummy,null_04855,1968,2208
dummy,null_04856,2064,2208
dummy,null_04857,2400,2208
dummy,null_04858,2592,2208
dummy,null_04859,2640,2208
dummy,null_04860,2784,2208
dummy,null_04861,2832,2208
dummy,null_04862,3072,2208
dummy,null_04863,3168,2208
dummy,null_04864,3216,2208
dummy,null_04865,3264,2208
dummy,null_04866,3312,2208
dummy,null_04867,3408,2208
dummy,null_04868,3456,2208
dummy,null_04869,3552,2208
dummy,null_04870,3648,2208
dummy,null_04871,3840,2208
dummy,null_04872,3888,2208
dummy,null_04873,3936,2208
dummy,null_04874,4128,2208
dummy,null_04875,4320,2208
dummy,null_04876,4464,2208
dummy,null_04877,4560,2208
dummy,null_04878,4608,2208
dummy,null_04879,4752,2208
dummy,null_04880,4944,2208
dummy,null_04881,5136,2208
dummy,null_04882,5232,2208
dummy,null_04883,5424,2208
dummy,null_04884,5472,2208
dummy,null_04885,5520,2208
dummy,null_04886,5616,2208
dummy,null_04887,5664,2208
dummy,null_04888,5808,2208
dummy,null_04889,5856,2208
dummy,null_04890,5904,2208
dummy,null_04891,5952,2208
dummy,null_04892,6000,2208
dummy,null_04893,6048,2208
dummy,null_04894,6240,2208
dummy,null_04895,6288,2208
dummy,null_04896,6336,2208
dummy,null_04897,6432,2208
dummy,null_04898,6480,2208
dummy,null_04899,6624,2208
dummy,null_04900,6672,2208
dummy,null_04901,6720,2208
dummy,null_04902,6816,2208
dummy,null_04903,6864,2208
dummy,null_04904,7008,2208
dummy,null_04905,7104,2208
dummy,null_04906,7200,2208
dummy,null_04907,7248,2208
dummy,null_04908,7344,2208
dummy,null_04909,7776,2208
dummy,null_04910,7824,2208
dummy,null_04911,7968,2208
dummy,null_04912,8016,2208
dummy,null_04913,8112,2208
dummy,null_04914,8160,2208
dummy,null_04915,8208,2208
dummy,null_04916,8352,2208
dummy,null_04917,8400,2208
dummy,null_04918,8592,2208
dummy,null_04919,8640,2208
dummy,null_04920,8688,2208
dummy,null_04921,8736,2208
dummy,null_04922,8784,2208
dummy,null_04923,8832,2208
dummy,null_04924,8928,2208
dummy,null_04925,8976,2208
dummy,null_04926,9072,2208
dummy,null_04927,9120,2208
dummy,null_04928,9168,2208
dummy,null_04929,9216,2208
dummy,null_04930,9360,2208
dummy,null_04931,9408,2208
dummy,null_04932,9456,2208
dummy,null_04933,9504,2208
dummy,null_04934,9600,2208
dummy,null_04935,9648,2208
dummy,null_04936,9696,2208
dummy,null_04937,9744,2208
dummy,null_04938,9792,2208
dummy,null_04939,9888,2208
dummy,null_04940,9936,2208
dummy,null_04941,9984,2208
dummy,null_04942,48,2256
dummy,null_04943,96,2256
dummy,null_04944,336,2256
dummy,null_04945,384,2256
dummy,null_04946,432,2256
dummy,null_04947,480,2256
dummy,null_04948,576,2256
dummy,null_04949,624,2256
dummy,null_04950,768,2256
dummy,null_04951,816,2256
dummy,null_04952,912,2256
dummy,null_04953,960,2256
dummy,null_04954,1104,2256
dummy,null_04955,1248,2256
dummy,null_04956,1440,2256
dummy,null_04957,1488,2256
dummy,null_04958,1584,2256
dummy,null_04959,1776,2256
dummy,null_04960,1920,2256
dummy,null_04961,2016,2256
dummy,null_04962,2064,2256
dummy,null_04963,2112,2256
dummy,null_04964,2160,2256
dummy,null_04965,2208,2256
dummy,null_04966,2400,2256
dummy,null_04967,2448,2256
dummy,null_04968,2496,2256
dummy,null_04969,2592,2256
dummy,null_04970,2688,2256
dummy,null_04971,2784,2256
dummy,null_04972,2880,2256
dummy,null_04973,2928,2256
dummy,null_04974,3024,2256
dummy,null_04975,3120,2256
dummy,null_04976,3312,2256
dummy,null_04977,3360,2256
dummy,null_04978,3408,2256
dummy,null_04979,3504,2256
dummy,null_04980,3648,2256
dummy,null_04981,3696,2256
dummy,null_04982,3840,2256
dummy,null_04983,3888,2256
dummy,null_04984,4080,2256
dummy,null_04985,4176,2256
dummy,null_04986,4272,2256
dummy,null_04987,4320,2256
dummy,null_04988,4368,2256
dummy,null_04989,4416,2256
dummy,null_04990,4512,2256
dummy,null_04991,4608,2256
dummy,null_04992,4656,2256
dummy,null_04993,4704,2256
dummy,null_04994,4752,2256
dummy,null_04995,4896,2256
dummy,null_04996,4944,2256
dummy,null_04997,4992,2256
dummy,null_04998,5088,2256
dummy,null_04999,5232,2256
dummy,null_05000,5280,2256
dummy,null_05001,5472,2256
dummy,null_05002,5904,2256
dummy,null_05003,5952,2256
dummy,null_05004,6288,2256
dummy,null_05005,6384,2256
dummy,null_05006,6576,2256
dummy,null_05007,6720,2256
dummy,null_05008,6816,2256
dummy,null_05009,7008,2256
dummy,null_05010,7104,2256
dummy,null_05011,7152,2256
dummy,null_05012,7200,2256
dummy,null_05013,7488,2256
dummy,null_05014,7584,2256
dummy,null_05015,7776,2256
dummy,null_05016,7824,2256
dummy,null_05017,7872,2256
dummy,null_05018,7920,2256
dummy,null_05019,7968,2256
dummy,null_05020,8160,2256
dummy,null_05021,8208,2256
dummy,null_05022,8352,2256
dummy,null_05023,8448,2256
dummy,null_05024,8736,2256
dummy,null_05025,8928,2256
dummy,null_05026,9024,2256
dummy,null_05027,9072,2256
dummy,null_05028,9120,2256
dummy,null_05029,9264,2256
dummy,null_05030,9456,2256
dummy,null_05031,9504,2256
dummy,null_05032,9600,2256
dummy,null_05033,9648,2256
dummy,null_05034,9696,2256
dummy,null_05035,9744,2256
dummy,null_05036,9840,2256
dummy,null_05037,336,2304
dummy,null_05038,384,2304
dummy,null_05039,432,2304
dummy,null_05040,576,2304
dummy,null_05041,624,2304
dummy,null_05042,672,2304
dummy,null_05043,768,2304
dummy,null_05044,864,2304
dummy,null_05045,912,2304
dummy,null_05046,1056,2304
dummy,null_05047,1104,2304
dummy,null_05048,1152,2304
dummy,null_05049,1296,2304
dummy,null_05050,1344,2304
dummy,null_05051,1632,2304
dummy,null_05052,1728,2304
dummy,null_05053,1824,2304
dummy,null_05054,1872,2304
dummy,null_05055,2160,2304
dummy,null_05056,2208,2304
dummy,null_05057,2256,2304
dummy,null_05058,2304,2304
dummy,null_05059,2352,2304
dummy,null_05060,2592,2304
dummy,null_05061,2688,2304
dummy,null_05062,2784,2304
dummy,null_05063,2928,2304
dummy,null_05064,3024,2304
dummy,null_05065,3072,2304
dummy,null_05066,3120,2304
dummy,null_05067,3216,2304
dummy,null_05068,3264,2304
dummy,null_05069,3312,2304
dummy,null_05070,3504,2304
dummy,null_05071,3552,2304
dummy,null_05072,3744,2304
dummy,null_05073,3888,2304
dummy,null_05074,3936,2304
dummy,null_05075,4128,2304
dummy,null_05076,4224,2304
dummy,null_05077,4272,2304
dummy,null_05078,4320,2304
dummy,null_05079,4416,2304
dummy,null_05080,4512,2304
dummy,null_05081,4704,2304
dummy,null_05082,4800,2304
dummy,null_05083,4848,2304
dummy,null_05084,4944,2304
dummy,null_05085,4992,2304
dummy,null_05086,5088,2304
dummy,null_05087,5136,2304
dummy,null_05088,5472,2304
dummy,null_05089,5520,2304
dummy,null_05090,5568,2304
dummy,null_05091,5664,2304
dummy,null_05092,5760,2304
dummy,null_05093,5808,2304
dummy,null_05094,5856,2304
dummy,null_05095,5904,2304
dummy,null_05096,5952,2304
dummy,null_05097,6000,2304
dummy,null_05098,6048,2304
dummy,null_05099,6096,2304
dummy,null_05100,6144,2304
dummy,null_05101,6192,2304
dummy,null_05102,6288,2304
dummy,null_05103,6384,2304
dummy,null_05104,6528,2304
dummy,null_05105,6576,2304
dummy,null_05106,6768,2304
dummy,null_05107,6816,2304
dummy,null_05108,6912,2304
dummy,null_05109,6960,2304
dummy,null_05110,7056,2304
dummy,null_05111,7200,2304
dummy,null_05112,7296,2304
dummy,null_05113,7344,2304
dummy,null_05114,7440,2304
dummy,null_05115,7584,2304
dummy,null_05116,7632,2304
dummy,null_05117,7680,2304
dummy,null_05118,7728,2304
dummy,null_05119,7776,2304
dummy,null_05120,8016,2304
dummy,null_05121,8112,2304
dummy,null_05122,8160,2304
dummy,null_05123,8208,2304
dummy,null_05124,8256,2304
dummy,null_05125,8304,2304
dummy,null_05126,8400,2304
dummy,null_05127,8448,2304
dummy,null_05128,8544,2304
dummy,null_05129,8640,2304
dummy,null_05130,8784,2304
dummy,null_05131,8928,2304
dummy,null_05132,9024,2304
dummy,null_05133,9168,2304
dummy,null_05134,9312,2304
dummy,null_05135,9456,2304
dummy,null_05136,9552,2304
dummy,null_05137,9600,2304
dummy,null_05138,9648,2304
dummy,null_05139,9936,2304
dummy,null_05140,9984,2304
dummy,null_05141,48,2352
dummy,null_05142,96,2352
dummy,null_05143,192,2352
dummy,null_05144,240,2352
dummy,null_05145,432,2352
dummy,null_05146,480,2352
dummy,null_05147,576,2352
dummy,null_05148,624,2352
dummy,null_05149,672,2352
dummy,null_05150,720,2352
dummy,null_05151,816,2352
dummy,null_05152,912,2352
dummy,null_05153,1008,2352
dummy,null_05154,1056,2352
dummy,null_05155,1104,2352
dummy,null_05156,1152,2352
dummy,null_05157,1248,2352
dummy,null_05158,1296,2352
dummy,null_05159,1392,2352
dummy,null_05160,1728,2352
dummy,null_05161,1776,2352
dummy,null_05162,1920,2352
dummy,null_05163,2112,2352
dummy,null_05164,2256,2352
dummy,null_05165,2448,2352
dummy,null_05166,2592,2352
dummy,null_05167,2640,2352
dummy,null_05168,2736,2352
dummy,null_05169,2880,2352
dummy,null_05170,2928,2352
dummy,null_05171,2976,2352
dummy,null_05172,3024,2352
dummy,null_05173,3120,2352
dummy,null_05174,3312,2352
dummy,null_05175,3360,2352
dummy,null_05176,3456,2352
dummy,null_05177,3552,2352
dummy,null_05178,3648,2352
dummy,null_05179,3744,2352
dummy,null_05180,3840,2352
dummy,null_05181,3984,2352
dummy,null_05182,4032,2352
dummy,null_05183,4080,2352
dummy,null_05184,4128,2352
dummy,null_05185,4176,2352
dummy,null_05186,4224,2352
dummy,null_05187,4272,2352
dummy,null_05188,4320,2352
dummy,null_05189,4416,2352
dummy,null_05190,4560,2352
dummy,null_05191,4656,2352
dummy,null_05192,4752,2352
dummy,null_05193,4848,2352
dummy,null_05194,4992,2352
dummy,null_05195,5088,2352
dummy,null_05196,5136,2352
dummy,null_05197,5232,2352
dummy,null_05198,5328,2352
dummy,null_05199,5376,2352
dummy,null_05200,5424,2352
dummy,null_05201,5472,2352
dummy,null_05202,5520,2352
dummy,null_05203,5568,2352
dummy,null_05204,5712,2352
dummy,null_05205,5760,2352
dummy,null_05206,5856,2352
dummy,null_05207,6000,2352
dummy,null_05208,6096,2352
dummy,null_05209,6336,2352
dummy,null_05210,6432,2352
dummy,null_05211,6480,2352
dummy,null_05212,6528,2352
dummy,null_05213,6624,2352
dummy,null_05214,6672,2352
dummy,null_05215,6720,2352
dummy,null_05216,7008,2352
dummy,null_05217,7056,2352
dummy,null_05218,7104,2352
dummy,null_05219,7152,2352
dummy,null_05220,7200,2352
dummy,null_05221,7344,2352
dummy,null_05222,7440,2352
dummy,null_05223,7488,2352
dummy,null_05224,7728,2352
dummy,null_05225,7968,2352
dummy,null_05226,8160,2352
dummy,null_05227,8304,2352
dummy,null_05228,8544,2352
dummy,null_05229,8640,2352
dummy,null_05230,8688,2352
dummy,null_05231,8784,2352
dummy,null_05232,8976,2352
dummy,null_05233,9072,2352
dummy,null_05234,9120,2352
dummy,null_05235,9168,2352
dummy,null_05236,9216,2352
dummy,null_05237,9360,2352
dummy,null_05238,9456,2352
dummy,null_05239,9648,2352
dummy,null_05240,9696,2352
dummy,null_05241,9840,2352
dummy,null_05242,9936,2352
dummy,null_05243,288,2400
dummy,null_05244,432,2400
dummy,null_05245,864,2400
dummy,null_05246,960,2400
dummy,null_05247,1008,2400
dummy,null_05248,1056,2400
dummy,null_05249,1104,2400
dummy,null_05250,1248,2400
dummy,null_05251,1296,2400
dummy,null_05252,1488,2400
dummy,null_05253,1584,2400
dummy,null_05254,1632,2400
dummy,null_05255,1728,2400
dummy,null_05256,1776,2400
dummy,null_05257,1824,2400
dummy,null_05258,1872,2400
dummy,null_05259,1968,2400
dummy,null_05260,2016,2400
dummy,null_05261,2064,2400
dummy,null_05262,2112,2400
dummy,null_05263,2208,2400
dummy,null_05264,2304,2400
dummy,null_05265,2400,2400
dummy,null_05266,2496,2400
dummy,null_05267,2544,2400
dummy,null_05268,2688,2400
dummy,null_05269,2736,2400
dummy,null_05270,2832,2400
dummy,null_05271,2928,2400
dummy,null_05272,2976,2400
dummy,null_05273,3024,2400
dummy,null_05274,3072,2400
dummy,null_05275,3120,2400
dummy,null_05276,3168,2400
dummy,null_05277,3264,2400
dummy,null_05278,3360,2400
dummy,null_05279,3408,2400
dummy,null_05280,3456,2400
dummy,null_05281,3504,2400
dummy,null_05282,3600,2400
dummy,null_05283,3696,2400
dummy,null_05284,3792,2400
dummy,null_05285,3888,2400
dummy,null_05286,3936,2400
dummy,null_05287,4176,2400
dummy,null_05288,4224,2400
dummy,null_05289,4272,2400
dummy,null_05290,4416,2400
dummy,null_05291,4464,2400
dummy,null_05292,4512,2400
dummy,null_05293,4608,2400
dummy,null_05294,4800,2400
dummy,null_05295,4896,2400
dummy,null_05296,4944,2400
dummy,null_05297,5040,2400
dummy,null_05298,5232,2400
dummy,null_05299,5376,2400
dummy,null_05300,5472,2400
dummy,null_05301,5520,2400
dummy,null_05302,5568,2400
dummy,null_05303,5616,2400
dummy,null_05304,5664,2400
dummy,null_05305,5712,2400
dummy,null_05306,5760,2400
dummy,null_05307,5808,2400
dummy,null_05308,5856,2400
dummy,null_05309,5904,2400
dummy,null_05310,6192,2400
dummy,null_05311,6336,2400
dummy,null_05312,6384,2400
dummy,null_05313,6432,2400
dummy,null_05314,6480,2400
dummy,null_05315,6528,2400
dummy,null_05316,6576,2400
dummy,null_05317,6672,2400
dummy,null_05318,6720,2400
dummy,null_05319,6816,2400
dummy,null_05320,7008,2400
dummy,null_05321,7056,2400
dummy,null_05322,7152,2400
dummy,null_05323,7200,2400
dummy,null_05324,7296,2400
dummy,null_05325,7440,2400
dummy,null_05326,7584,2400
dummy,null_05327,7632,2400
dummy,null_05328,7728,2400
dummy,null_05329,7776,2400
dummy,null_05330,7824,2400
dummy,null_05331,7920,2400
dummy,null_05332,7968,2400
dummy,null_05333,8112,2400
dummy,null_05334,8400,2400
dummy,null_05335,8496,2400
dummy,null_05336,8544,2400
dummy,null_05337,8592,2400
dummy,null_05338,8640,2400
dummy,null_05339,8688,2400
dummy,null_05340,8736,2400
dummy,null_05341,8880,2400
dummy,null_05342,8928,2400
dummy,null_05343,8976,2400
dummy,null_05344,9024,2400
dummy,null_05345,9072,2400
dummy,null_05346,9120,2400
dummy,null_05347,9168,2400
dummy,null_05348,9216,2400
dummy,null_05349,9408,2400
dummy,null_05350,9456,2400
dummy,null_05351,9552,2400
dummy,null_05352,9696,2400
dummy,null_05353,9744,2400
dummy,null_05354,9984,2400
dummy,null_05355,96,2448
dummy,null_05356,144,2448
dummy,null_05357,192,2448
dummy,null_05358,240,2448
dummy,null_05359,336,2448
dummy,null_05360,720,2448
dummy,null_05361,768,2448
dummy,null_05362,960,2448
dummy,null_05363,1056,2448
dummy,null_05364,1200,2448
dummy,null_05365,1248,2448
dummy,null_05366,1344,2448
dummy,null_05367,1392,2448
dummy,null_05368,1440,2448
dummy,null_05369,1488,2448
dummy,null_05370,1536,2448
dummy,null_05371,1632,2448
dummy,null_05372,1920,2448
dummy,null_05373,1968,2448
dummy,null_05374,2112,2448
dummy,null_05375,2208,2448
dummy,null_05376,2304,2448
dummy,null_05377,2784,2448
dummy,null_05378,2832,2448
dummy,null_05379,2880,2448
dummy,null_05380,3072,2448
dummy,null_05381,3168,2448
dummy,null_05382,3264,2448
dummy,null_05383,3360,2448
dummy,null_05384,3744,2448
dummy,null_05385,3936,2448
dummy,null_05386,4176,2448
dummy,null_05387,4272,2448
dummy,null_05388,4512,2448
dummy,null_05389,4560,2448
dummy,null_05390,4656,2448
dummy,null_05391,4752,2448
dummy,null_05392,4944,2448
dummy,null_05393,4992,2448
dummy,null_05394,5040,2448
dummy,null_05395,5136,2448
dummy,null_05396,5376,2448
dummy,null_05397,5568,2448
dummy,null_05398,5712,2448
dummy,null_05399,5760,2448
dummy,null_05400,5856,2448
dummy,null_05401,5904,2448
dummy,null_05402,6000,2448
dummy,null_05403,6048,2448
dummy,null_05404,6096,2448
dummy,null_05405,6192,2448
dummy,null_05406,6240,2448
dummy,null_05407,6336,2448
dummy,null_05408,6528,2448
dummy,null_05409,6816,2448
dummy,null_05410,7104,2448
dummy,null_05411,7344,2448
dummy,null_05412,7392,2448
dummy,null_05413,7488,2448
dummy,null_05414,7536,2448
dummy,null_05415,7632,2448
dummy,null_05416,7680,2448
dummy,null_05417,7728,2448
dummy,null_05418,7824,2448
dummy,null_05419,8208,2448
dummy,null_05420,8304,2448
dummy,null_05421,8544,2448
dummy,null_05422,8592,2448
dummy,null_05423,8688,2448
dummy,null_05424,8784,2448
dummy,null_05425,8928,2448
dummy,null_05426,9072,2448
dummy,null_05427,9120,2448
dummy,null_05428,9552,2448
dummy,null_05429,9600,2448
dummy,null_05430,9648,2448
dummy,null_05431,9840,2448
dummy,null_05432,9888,2448
dummy,null_05433,0,2496
dummy,null_05434,240,2496
dummy,null_05435,288,2496
dummy,null_05436,528,2496
dummy,null_05437,624,2496
dummy,null_05438,768,2496
dummy,null_05439,816,2496
dummy,null_05440,912,2496
dummy,null_05441,960,2496
dummy,null_05442,1152,2496
dummy,null_05443,1200,2496
dummy,null_05444,1392,2496
dummy,null_05445,1536,2496
dummy,null_05446,1680,2496
dummy,null_05447,1728,2496
dummy,null_05448,1776,2496
dummy,null_05449,2064,2496
dummy,null_05450,2208,2496
dummy,null_05451,2400,2496
dummy,null_05452,2544,2496
dummy,null_05453,2640,2496
dummy,null_05454,2976,2496
dummy,null_05455,3024,2496
dummy,null_05456,3168,2496
dummy,null_05457,3264,2496
dummy,null_05458,3312,2496
dummy,null_05459,3360,2496
dummy,null_05460,3408,2496
dummy,null_05461,3600,2496
dummy,null_05462,3648,2496
dummy,null_05463,3696,2496
dummy,null_05464,3744,2496
dummy,null_05465,3792,2496
dummy,null_05466,3840,2496
dummy,null_05467,3888,2496
dummy,null_05468,3984,2496
dummy,null_05469,4128,2496
dummy,null_05470,4224,2496
dummy,null_05471,4368,2496
dummy,null_05472,4416,2496
dummy,null_05473,4464,2496
dummy,null_05474,4560,2496
dummy,null_05475,4896,2496
dummy,null_05476,4944,2496
dummy,null_05477,4992,2496
dummy,null_05478,5088,2496
dummy,null_05479,5136,2496
dummy,null_05480,5184,2496
dummy,null_05481,5280,2496
dummy,null_05482,5328,2496
dummy,null_05483,5376,2496
dummy,null_05484,5760,2496
dummy,null_05485,5952,2496
dummy,null_05486,6000,2496
dummy,null_05487,6192,2496
dummy,null_05488,6240,2496
dummy,null_05489,6288,2496
dummy,null_05490,6336,2496
dummy,null_05491,6384,2496
dummy,null_05492,6432,2496
dummy,null_05493,6624,2496
dummy,null_05494,6672,2496
dummy,null_05495,6768,2496
dummy,null_05496,6816,2496
dummy,null_05497,6864,2496
dummy,null_05498,7008,2496
dummy,null_05499,7104,2496
dummy,null_05500,7152,2496
dummy,null_05501,7344,2496
dummy,null_05502,7392,2496
dummy,null_05503,7440,2496
dummy,null_05504,7488,2496
dummy,null_05505,7536,2496
dummy,null_05506,7680,2496
dummy,null_05507,7776,2496
dummy,null_05508,7872,2496
dummy,null_05509,7968,2496
dummy,null_05510,8016,2496
dummy,null_05511,8064,2496
dummy,null_05512,8208,2496
dummy,null_05513,8352,2496
dummy,null_05514,8400,2496
dummy,null_05515,8592,2496
dummy,null_05516,8880,2496
dummy,null_05517,8928,2496
dummy,null_05518,9120,2496
dummy,null_05519,9552,2496
dummy,null_05520,9648,2496
dummy,null_05521,9744,2496
dummy,null_05522,9936,2496
dummy,null_05523,48,2544
dummy,null_05524,144,2544
dummy,null_05525,192,2544
dummy,null_05526,336,2544
dummy,null_05527,384,2544
dummy,null_05528,480,2544
dummy,null_05529,576,2544
dummy,null_05530,672,2544
dummy,null_05531,864,2544
dummy,null_05532,912,2544
dummy,null_05533,1008,2544
dummy,null_05534,1344,2544
dummy,null_05535,1392,2544
dummy,null_05536,1488,2544
dummy,null_05537,1680,2544
dummy,null_05538,1728,2544
dummy,null_05539,1776,2544
dummy,null_05540,1824,2544
dummy,null_05541,2016,2544
dummy,null_05542,2064,2544
dummy,null_05543,2112,2544
dummy,null_05544,2208,2544
dummy,null_05545,2256,2544
dummy,null_05546,2304,2544
dummy,null_05547,2592,2544
dummy,null_05548,2688,2544
dummy,null_05549,2736,2544
dummy,null_05550,2832,2544
dummy,null_05551,2928,2544
dummy,null_05552,3072,2544
dummy,null_05553,3120,2544
dummy,null_05554,3168,2544
dummy,null_05555,3312,2544
dummy,null_05556,3504,2544
dummy,null_05557,3648,2544
dummy,null_05558,3696,2544
dummy,null_05559,3792,2544
dummy,null_05560,3888,2544
dummy,null_05561,4080,2544
dummy,null_05562,4320,2544
dummy,null_05563,4512,2544
dummy,null_05564,4848,2544
dummy,null_05565,4896,2544
dummy,null_05566,4992,2544
dummy,null_05567,5088,2544
dummy,null_05568,5184,2544
dummy,null_05569,5280,2544
dummy,null_05570,5328,2544
dummy,null_05571,5376,2544
dummy,null_05572,5568,2544
dummy,null_05573,5616,2544
dummy,null_05574,5664,2544
dummy,null_05575,5712,2544
dummy,null_05576,5856,2544
dummy,null_05577,5904,2544
dummy,null_05578,5952,2544
dummy,null_05579,6000,2544
dummy,null_05580,6144,2544
dummy,null_05581,6240,2544
dummy,null_05582,6336,2544
dummy,null_05583,6384,2544
dummy,null_05584,6528,2544
dummy,null_05585,6576,2544
dummy,null_05586,6624,2544
dummy,null_05587,6864,2544
dummy,null_05588,6960,2544
dummy,null_05589,7104,2544
dummy,null_05590,7200,2544
dummy,null_05591,7248,2544
dummy,null_05592,7344,2544
dummy,null_05593,7392,2544
dummy,null_05594,7488,2544
dummy,null_05595,7536,2544
dummy,null_05596,7632,2544
dummy,null_05597,7680,2544
dummy,null_05598,7728,2544
dummy,null_05599,7776,2544
dummy,null_05600,7872,2544
dummy,null_05601,8064,2544
dummy,null_05602,8112,2544
dummy,null_05603,8160,2544
dummy,null_05604,8256,2544
dummy,null_05605,8352,2544
dummy,null_05606,8400,2544
dummy,null_05607,8448,2544
dummy,null_05608,8544,2544
dummy,null_05609,8592,2544
dummy,null_05610,8640,2544
dummy,null_05611,8784,2544
dummy,null_05612,8832,2544
dummy,null_05613,8880,2544
dummy,null_05614,8928,2544
dummy,null_05615,9264,2544
dummy,null_05616,9408,2544
dummy,null_05617,9456,2544
dummy,null_05618,9504,2544
dummy,null_05619,9600,2544
dummy,null_05620,9648,2544
dummy,null_05621,9744,2544
dummy,null_05622,9936,2544
dummy,null_05623,9984,2544
dummy,null_05624,0,2592
dummy,null_05625,96,2592
dummy,null_05626,192,2592
dummy,null_05627,336,2592
dummy,null_05628,528,2592
dummy,null_05629,672,2592
dummy,null_05630,720,2592
dummy,null_05631,768,2592
dummy,null_05632,864,2592
dummy,null_05633,912,2592
dummy,null_05634,960,2592
dummy,null_05635,1056,2592
dummy,null_05636,1104,2592
dummy,null_05637,1200,2592
dummy,null_05638,1248,2592
dummy,null_05639,1296,2592
dummy,null_05640,1344,2592
dummy,null_05641,1632,2592
dummy,null_05642,1680,2592
dummy,null_05643,1728,2592
dummy,null_05644,1776,2592
dummy,null_05645,1872,2592
dummy,null_05646,1968,2592
dummy,null_05647,2016,2592
dummy,null_05648,2064,2592
dummy,null_05649,2112,2592
dummy,null_05650,2400,2592
dummy,null_05651,2448,2592
dummy,null_05652,2496,2592
dummy,null_05653,2640,2592
dummy,null_05654,2976,2592
dummy,null_05655,3120,2592
dummy,null_05656,3216,2592
dummy,null_05657,3360,2592
dummy,null_05658,3408,2592
dummy,null_05659,3456,2592
dummy,null_05660,3504,2592
dummy,null_05661,3552,2592
dummy,null_05662,3600,2592
dummy,null_05663,3744,2592
dummy,null_05664,3792,2592
dummy,null_05665,3888,2592
dummy,null_05666,4080,2592
dummy,null_05667,4176,2592
dummy,null_05668,4224,2592
dummy,null_05669,4416,2592
dummy,null_05670,4464,2592
dummy,null_05671,4560,2592
dummy,null_05672,4608,2592
dummy,null_05673,4704,2592
dummy,null_05674,4800,2592
dummy,null_05675,4848,2592
dummy,null_05676,4944,2592
dummy,null_05677,4992,2592
dummy,null_05678,5040,2592
dummy,null_05679,5088,2592
dummy,null_05680,5136,2592
dummy,null_05681,5184,2592
dummy,null_05682,5232,2592
dummy,null_05683,5328,2592
dummy,null_05684,5376,2592
dummy,null_05685,5424,2592
dummy,null_05686,5472,2592
dummy,null_05687,5616,2592
dummy,null_05688,5712,2592
dummy,null_05689,5760,2592
dummy,null_05690,5808,2592
dummy,null_05691,5904,2592
dummy,null_05692,5952,2592
dummy,null_05693,6048,2592
dummy,null_05694,6096,2592
dummy,null_05695,6240,2592
dummy,null_05696,6384,2592
dummy,null_05697,6432,2592
dummy,null_05698,6624,2592
dummy,null_05699,6720,2592
dummy,null_05700,6768,2592
dummy,null_05701,6816,2592
dummy,null_05702,6864,2592
dummy,null_05703,6912,2592
dummy,null_05704,6960,2592
dummy,null_05705,7056,2592
dummy,null_05706,7152,2592
dummy,null_05707,7200,2592
dummy,null_05708,7392,2592
dummy,null_05709,7440,2592
dummy,null_05710,7536,2592
dummy,null_05711,7632,2592
dummy,null_05712,7680,2592
dummy,null_05713,7728,2592
dummy,null_05714,7776,2592
dummy,null_05715,7872,2592
dummy,null_05716,8016,2592
dummy,null_05717,8064,2592
dummy,null_05718,8112,2592
dummy,null_05719,8160,2592
dummy,null_05720,8304,2592
dummy,null_05721,8352,2592
dummy,null_05722,8400,2592
dummy,null_05723,8544,2592
dummy,null_05724,8592,2592
dummy,null_05725,8640,2592
dummy,null_05726,8688,2592
dummy,null_05727,8832,2592
dummy,null_05728,8880,2592
dummy,null_05729,9024,2592
dummy,null_05730,9072,2592
dummy,null_05731,9120,2592
dummy,null_05732,9216,2592
dummy,null_05733,9648,2592
dummy,null_05734,9696,2592
dummy,null_05735,9744,2592
dummy,null_05736,9792,2592
dummy,null_05737,9840,2592
dummy,null_05738,9888,2592
dummy,null_05739,0,2640
dummy,null_05740,48,2640
dummy,null_05741,96,2640
dummy,null_05742,336,2640
dummy,null_05743,480,2640
dummy,null_05744,528,2640
dummy,null_05745,672,2640
dummy,null_05746,720,2640
dummy,null_05747,912,2640
dummy,null_05748,960,2640
dummy,null_05749,1056,2640
dummy,null_05750,1104,2640
dummy,null_05751,1296,2640
dummy,null_05752,1344,2640
dummy,null_05753,1488,2640
dummy,null_05754,1536,2640
dummy,null_05755,1584,2640
dummy,null_05756,1728,2640
dummy,null_05757,1776,2640
dummy,null_05758,1824,2640
dummy,null_05759,1872,2640
dummy,null_05760,1968,2640
dummy,null_05761,2064,2640
dummy,null_05762,2208,2640
dummy,null_05763,2304,2640
dummy,null_05764,2448,2640
dummy,null_05765,2544,2640
dummy,null_05766,2640,2640
dummy,null_05767,2880,2640
dummy,null_05768,2928,2640
dummy,null_05769,2976,2640
dummy,null_05770,3024,2640
dummy,null_05771,3072,2640
dummy,null_05772,3120,2640
dummy,null_05773,3264,2640
dummy,null_05774,3312,2640
dummy,null_05775,3360,2640
dummy,null_05776,3552,2640
dummy,null_05777,3696,2640
dummy,null_05778,3744,2640
dummy,null_05779,3792,2640
dummy,null_05780,3936,2640
dummy,null_05781,3984,2640
dummy,null_05782,4032,2640
dummy,null_05783,4080,2640
dummy,null_05784,4128,2640
dummy,null_05785,4176,2640
dummy,null_05786,4224,2640
dummy,null_05787,4368,2640
dummy,null_05788,4416,2640
dummy,null_05789,4464,2640
dummy,null_05790,4512,2640
dummy,null_05791,4560,2640
dummy,null_05792,4656,2640
dummy,null_05793,4752,2640
dummy,null_05794,4992,2640
dummy,null_05795,5088,2640
dummy,null_05796,5232,2640
dummy,null_05797,5568,2640
dummy,null_05798,5616,2640
dummy,null_05799,5664,2640
dummy,null_05800,5712,2640
dummy,null_05801,5760,2640
dummy,null_05802,6096,2640
dummy,null_05803,6144,2640
dummy,null_05804,6288,2640
dummy,null_05805,6528,2640
dummy,null_05806,6624,2640
dummy,null_05807,6672,2640
dummy,null_05808,6768,2640
dummy,null_05809,6816,2640
dummy,null_05810,6864,2640
dummy,null_05811,6912,2640
dummy,null_05812,7008,2640
dummy,null_05813,7104,2640
dummy,null_05814,7152,2640
dummy,null_05815,7200,2640
dummy,null_05816,7248,2640
dummy,null_05817,7296,2640
dummy,null_05818,7392,2640
dummy,null_05819,7440,2640
dummy,null_05820,7536,2640
dummy,null_05821,7632,2640
dummy,null_05822,7680,2640
dummy,null_05823,7728,2640
dummy,null_05824,7776,2640
dummy,null_05825,7824,2640
dummy,null_05826,7920,2640
dummy,null_05827,8112,2640
dummy,null_05828,8256,2640
dummy,null_05829,8688,2640
dummy,null_05830,8736,2640
dummy,null_05831,8976,2640
dummy,null_05832,9024,2640
dummy,null_05833,9072,2640
dummy,null_05834,9168,2640
dummy,null_05835,9216,2640
dummy,null_05836,9360,2640
dummy,null_05837,9456,2640
dummy,null_05838,9552,2640
dummy,null_05839,9600,2640
dummy,null_05840,9648,2640
dummy,null_05841,9840,2640
dummy,null_05842,9936,2640
dummy,null_05843,0,2688
dummy,null_05844,144,2688
dummy,null_05845,192,2688
dummy,null_05846,432,2688
dummy,null_05847,576,2688
dummy,null_05848,720,2688
dummy,null_05849,1056,2688
dummy,null_05850,1104,2688
dummy,null_05851,1344,2688
dummy,null_05852,1392,2688
dummy,null_05853,1872,2688
dummy,null_05854,1920,2688
dummy,null_05855,2112,2688
dummy,null_05856,2208,2688
dummy,null_05857,2304,2688
dummy,null_05858,2448,2688
dummy,null_05859,2496,2688
dummy,null_05860,2688,2688
dummy,null_05861,2784,2688
dummy,null_05862,2832,2688
dummy,null_05863,2976,2688
dummy,null_05864,3072,2688
dummy,null_05865,3120,2688
dummy,null_05866,3168,2688
dummy,null_05867,3264,2688
dummy,null_05868,3456,2688
dummy,null_05869,3504,2688
dummy,null_05870,3696,2688
dummy,null_05871,3888,2688
dummy,null_05872,3936,2688
dummy,null_05873,3984,2688
dummy,null_05874,4224,2688
dummy,null_05875,4320,2688
dummy,null_05876,4416,2688
dummy,null_05877,4560,2688
dummy,null_05878,4608,2688
dummy,null_05879,4704,2688
dummy,null_05880,4800,2688
dummy,null_05881,4848,2688
dummy,null_05882,4896,2688
dummy,null_05883,4992,2688
dummy,null_05884,5088,2688
dummy,null_05885,5184,2688
dummy,null_05886,5232,2688
dummy,null_05887,5328,2688
dummy,null_05888,5424,2688
dummy,null_05889,5472,2688
dummy,null_05890,5568,2688
dummy,null_05891,5712,2688
dummy,null_05892,6000,2688
dummy,null_05893,6144,2688
dummy,null_05894,6192,2688
dummy,null_05895,6288,2688
dummy,null_05896,6384,2688
dummy,null_05897,6432,2688
dummy,null_05898,6528,2688
dummy,null_05899,6576,2688
dummy,null_05900,6624,2688
dummy,null_05901,6720,2688
dummy,null_05902,6768,2688
dummy,null_05903,6816,2688
dummy,null_05904,6864,2688
dummy,null_05905,6912,2688
dummy,null_05906,7104,2688
dummy,null_05907,7248,2688
dummy,null_05908,7296,2688
dummy,null_05909,7440,2688
dummy,null_05910,7488,2688
dummy,null_05911,7536,2688
dummy,null_05912,7632,2688
dummy,null_05913,7824,2688
dummy,null_05914,7968,2688
dummy,null_05915,8256,2688
dummy,null_05916,8448,2688
dummy,null_05917,9168,2688
dummy,null_05918,9264,2688
dummy,null_05919,9312,2688
dummy,null_05920,9504,2688
dummy,null_05921,9552,2688
dummy,null_05922,9600,2688
dummy,null_05923,9792,2688
dummy,null_05924,9840,2688
dummy,null_05925,9888,2688
dummy,null_05926,0,2736
dummy,null_05927,96,2736
dummy,null_05928,192,2736
dummy,null_05929,528,2736
dummy,null_05930,576,2736
dummy,null_05931,720,2736
dummy,null_05932,864,2736
dummy,null_05933,960,2736
dummy,null_05934,1008,2736
dummy,null_05935,1056,2736
dummy,null_05936,1104,2736
dummy,null_05937,1152,2736
dummy,null_05938,1200,2736
dummy,null_05939,1296,2736
dummy,null_05940,1344,2736
dummy,null_05941,1440,2736
dummy,null_05942,1584,2736
dummy,null_05943,1776,2736
dummy,null_05944,1968,2736
dummy,null_05945,2016,2736
dummy,null_05946,2064,2736
dummy,null_05947,2256,2736
dummy,null_05948,2352,2736
dummy,null_05949,2640,2736
dummy,null_05950,2784,2736
dummy,null_05951,3024,2736
dummy,null_05952,3072,2736
dummy,null_05953,3168,2736
dummy,null_05954,3216,2736
dummy,null_05955,3312,2736
dummy,null_05956,3408,2736
dummy,null_05957,3504,2736
dummy,null_05958,3552,2736
dummy,null_05959,3600,2736
dummy,null_05960,3744,2736
dummy,null_05961,3888,2736
dummy,null_05962,3936,2736
dummy,null_05963,3984,2736
dummy,null_05964,4128,2736
dummy,null_05965,4224,2736
dummy,null_05966,4272,2736
dummy,null_05967,4320,2736
dummy,null_05968,4368,2736
dummy,null_05969,4416,2736
dummy,null_05970,4512,2736
dummy,null_05971,4752,2736
dummy,null_05972,4848,2736
dummy,null_05973,4944,2736
dummy,null_05974,4992,2736
dummy,null_05975,5088,2736
dummy,null_05976,5232,2736
dummy,null_05977,5376,2736
dummy,null_05978,5664,2736
dummy,null_05979,5760,2736
dummy,null_05980,5808,2736
dummy,null_05981,5856,2736
dummy,null_05982,5904,2736
dummy,null_05983,6000,2736
dummy,null_05984,6048,2736
dummy,null_05985,6096,2736
dummy,null_05986,6144,2736
dummy,null_05987,6240,2736
dummy,null_05988,6384,2736
dummy,null_05989,6624,2736
dummy,null_05990,6720,2736
dummy,null_05991,6768,2736
dummy,null_05992,6960,2736
dummy,null_05993,7056,2736
dummy,null_05994,7104,2736
dummy,null_05995,7152,2736
dummy,null_05996,7248,2736
dummy,null_05997,7392,2736
dummy,null_05998,7440,2736
dummy,null_05999,7488,2736
dummy,null_06000,7584,2736
dummy,null_06001,7632,2736
dummy,null_06002,7824,2736
dummy,null_06003,8064,2736
dummy,null_06004,8112,2736
dummy,null_06005,8160,2736
dummy,null_06006,8352,2736
dummy,null_06007,8448,2736
dummy,null_06008,8688,2736
dummy,null_06009,8736,2736
dummy,null_06010,8784,2736
dummy,null_06011,8832,2736
dummy,null_06012,8880,2736
dummy,null_06013,9072,2736
dummy,null_06014,9264,2736
dummy,null_06015,9360,2736
dummy,null_06016,9408,2736
dummy,null_06017,9504,2736
dummy,null_06018,9840,2736
dummy,null_06019,9888,2736
dummy,null_06020,9984,2736
dummy,null_06021,48,2784
dummy,null_06022,96,2784
dummy,null_06023,192,2784
dummy,null_06024,288,2784
dummy,null_06025,336,2784
dummy,null_06026,480,2784
dummy,null_06027,528,2784
dummy,null_06028,576,2784
dummy,null_06029,720,2784
dummy,null_06030,816,2784
dummy,null_06031,864,2784
dummy,null_06032,1008,2784
dummy,null_06033,1296,2784
dummy,null_06034,1344,2784
dummy,null_06035,1392,2784
dummy,null_06036,1488,2784
dummy,null_06037,1680,2784
dummy,null_06038,1728,2784
dummy,null_06039,1776,2784
dummy,null_06040,1824,2784
dummy,null_06041,2208,2784
dummy,null_06042,2256,2784
dummy,null_06043,2352,2784
dummy,null_06044,2448,2784
dummy,null_06045,2544,2784
dummy,null_06046,2592,2784
dummy,null_06047,2784,2784
dummy,null_06048,2832,2784
dummy,null_06049,2976,2784
dummy,null_06050,3264,2784
dummy,null_06051,3312,2784
dummy,null_06052,3360,2784
dummy,null_06053,3504,2784
dummy,null_06054,3552,2784
dummy,null_06055,3600,2784
dummy,null_06056,3840,2784
dummy,null_06057,4032,2784
dummy,null_06058,4128,2784
dummy,null_06059,4176,2784
dummy,null_06060,4224,2784
dummy,null_06061,4272,2784
dummy,null_06062,4368,2784
dummy,null_06063,4416,2784
dummy,null_06064,4464,2784
dummy,null_06065,4800,2784
dummy,null_06066,4848,2784
dummy,null_06067,4944,2784
dummy,null_06068,5040,2784
dummy,null_06069,5136,2784
dummy,null_06070,5232,2784
dummy,null_06071,5376,2784
dummy,null_06072,5616,2784
dummy,null_06073,5664,2784
dummy,null_06074,5712,2784
dummy,null_06075,5760,2784
dummy,null_06076,5808,2784
dummy,null_06077,5856,2784
dummy,null_06078,5904,2784
dummy,null_06079,5952,2784
dummy,null_06080,6096,2784
dummy,null_06081,6144,2784
dummy,null_06082,6192,2784
dummy,null_06083,6240,2784
dummy,null_06084,6336,2784
dummy,null_06085,6624,2784
dummy,null_06086,6720,2784
dummy,null_06087,6816,2784
dummy,null_06088,6864,2784
dummy,null_06089,6912,2784
dummy,null_06090,6960,2784
dummy,null_06091,7008,2784
dummy,null_06092,7056,2784
dummy,null_06093,7104,2784
dummy,null_06094,7248,2784
dummy,null_06095,7392,2784
dummy,null_06096,7440,2784
dummy,null_06097,7584,2784
dummy,null_06098,7728,2784
dummy,null_06099,7776,2784
dummy,null_06100,7824,2784
dummy,null_06101,7872,2784
dummy,null_06102,7968,2784
dummy,null_06103,8064,2784
dummy,null_06104,8160,2784
dummy,null_06105,8304,2784
dummy,null_06106,8352,2784
dummy,null_06107,8400,2784
dummy,null_06108,8448,2784
dummy,null_06109,8592,2784
dummy,null_06110,8640,2784
dummy,null_06111,8688,2784
dummy,null_06112,8736,2784
dummy,null_06113,8784,2784
dummy,null_06114,8928,2784
dummy,null_06115,9120,2784
dummy,null_06116,9312,2784
dummy,null_06117,9360,2784
dummy,null_06118,9408,2784
dummy,null_06119,9504,2784
dummy,null_06120,9696,2784
dummy,null_06121,9840,2784
dummy,null_06122,9888,2784
dummy,null_06123,9936,2784
dummy,null_06124,9984,2784
dummy,null_06125,96,2832
dummy,null_06126,192,2832
dummy,null_06127,240,2832
dummy,null_06128,288,2832
dummy,null_06129,336,2832
dummy,null_06130,384,2832
dummy,null_06131,432,2832
dummy,null_06132,624,2832
dummy,null_06133,672,2832
dummy,null_06134,720,2832
dummy,null_06135,768,2832
dummy,null_06136,816,2832
dummy,null_06137,1008,2832
dummy,null_06138,1104,2832
dummy,null_06139,1152,2832
dummy,null_06140,1200,2832
dummy,null_06141,1248,2832
dummy,null_06142,1488,2832
dummy,null_06143,1536,2832
dummy,null_06144,1680,2832
dummy,null_06145,1872,2832
dummy,null_06146,1920,2832
dummy,null_06147,2016,2832
dummy,null_06148,2064,2832
dummy,null_06149,2112,2832
dummy,null_06150,2160,2832
dummy,null_06151,2208,2832
dummy,null_06152,2352,2832
dummy,null_06153,2400,2832
dummy,null_06154,2448,2832
dummy,null_06155,2496,2832
dummy,null_06156,2544,2832
dummy,null_06157,2640,2832
dummy,null_06158,2688,2832
dummy,null_06159,2784,2832
dummy,null_06160,2832,2832
dummy,null_06161,2880,2832
dummy,null_06162,2976,2832
dummy,null_06163,3024,2832
dummy,null_06164,3072,2832
dummy,null_06165,3216,2832
dummy,null_06166,3312,2832
dummy,null_06167,3408,2832
dummy,null_06168,3552,2832
dummy,null_06169,3600,2832
dummy,null_06170,3648,2832
dummy,null_06171,3696,2832
dummy,null_06172,3840,2832
dummy,null_06173,3888,2832
dummy,null_06174,3936,2832
dummy,null_06175,3984,2832
dummy,null_06176,4032,2832
dummy,null_06177,4176,2832
dummy,null_06178,4224,2832
dummy,null_06179,4272,2832
dummy,null_06180,4320,2832
dummy,null_06181,4368,2832
dummy,null_06182,4464,2832
dummy,null_06183,4704,2832
dummy,null_06184,4800,2832
dummy,null_06185,4944,2832
dummy,null_06186,4992,2832
dummy,null_06187,5040,2832
dummy,null_06188,5088,2832
dummy,null_06189,5184,2832
dummy,null_06190,5280,2832
dummy,null_06191,5328,2832
dummy,null_06192,5376,2832
dummy,null_06193,5472,2832
dummy,null_06194,5520,2832
dummy,null_06195,5664,2832
dummy,null_06196,5712,2832
dummy,null_06197,6000,2832
dummy,null_06198,6096,2832
dummy,null_06199,6192,2832
dummy,null_06200,6480,2832
dummy,null_06201,6624,2832
dummy,null_06202,6816,2832
dummy,null_06203,6912,2832
dummy,null_06204,6960,2832
dummy,null_06205,7056,2832
dummy,null_06206,7248,2832
dummy,null_06207,7296,2832
dummy,null_06208,7344,2832
dummy,null_06209,7440,2832
dummy,null_06210,7488,2832
dummy,null_06211,7632,2832
dummy,null_06212,7680,2832
dummy,null_06213,7776,2832
dummy,null_06214,7824,2832
dummy,null_06215,7872,2832
dummy,null_06216,8016,2832
dummy,null_06217,8064,2832
dummy,null_06218,8160,2832
dummy,null_06219,8208,2832
dummy,null_06220,8304,2832
dummy,null_06221,8400,2832
dummy,null_06222,8448,2832
dummy,null_06223,8544,2832
dummy,null_06224,8592,2832
dummy,null_06225,8688,2832
dummy,null_06226,8784,2832
dummy,null_06227,8832,2832
dummy,null_06228,8880,2832
dummy,null_06229,8976,2832
dummy,null_06230,9168,2832
dummy,null_06231,9312,2832
dummy,null_06232,9360,2832
dummy,null_06233,9408,2832
dummy,null_06234,9456,2832
dummy,null_06235,9600,2832
dummy,null_06236,9648,2832
dummy,null_06237,9696,2832
dummy,null_06238,9792,2832
dummy,null_06239,9888,2832
dummy,null_06240,9984,2832
dummy,null_06241,48,2880
dummy,null_06242,144,2880
dummy,null_06243,192,2880
dummy,null_06244,240,2880
dummy,null_06245,288,2880
dummy,null_06246,336,2880
dummy,null_06247,384,2880
dummy,null_06248,432,2880
dummy,null_06249,528,2880
dummy,null_06250,672,2880
dummy,null_06251,864,2880
dummy,null_06252,960,2880
dummy,null_06253,1104,2880
dummy,null_06254,1200,2880
dummy,null_06255,1248,2880
dummy,null_06256,1440,2880
dummy,null_06257,1488,2880
dummy,null_06258,1536,2880
dummy,null_06259,1632,2880
dummy,null_06260,1680,2880
dummy,null_06261,1824,2880
dummy,null_06262,1872,2880
dummy,null_06263,1920,2880
dummy,null_06264,1968,2880
dummy,null_06265,2160,2880
dummy,null_06266,2208,2880
dummy,null_06267,2304,2880
dummy,null_06268,2400,2880
dummy,null_06269,2448,2880
dummy,null_06270,2544,2880
dummy,null_06271,2592,2880
dummy,null_06272,2688,2880
dummy,null_06273,2832,2880
dummy,null_06274,2976,2880
dummy,null_06275,3024,2880
dummy,null_06276,3072,2880
dummy,null_06277,3264,2880
dummy,null_06278,3408,2880
dummy,null_06279,3504,2880
dummy,null_06280,3600,2880
dummy,null_06281,3648,2880
dummy,null_06282,3696,2880
dummy,null_06283,3888,2880
dummy,null_06284,3984,2880
dummy,null_06285,4080,2880
dummy,null_06286,4128,2880
dummy,null_06287,4176,2880
dummy,null_06288,4320,2880
dummy,null_06289,4368,2880
dummy,null_06290,4464,2880
dummy,null_06291,4512,2880
dummy,null_06292,4656,2880
dummy,null_06293,4704,2880
dummy,null_06294,4752,2880
dummy,null_06295,4848,2880
dummy,null_06296,4896,2880
dummy,null_06297,4992,2880
dummy,null_06298,5280,2880
dummy,null_06299,5328,2880
dummy,null_06300,5424,2880
dummy,null_06301,5472,2880
dummy,null_06302,5520,2880
dummy,null_06303,5568,2880
dummy,null_06304,5616,2880
dummy,null_06305,5664,2880
dummy,null_06306,5712,2880
dummy,null_06307,5760,2880
dummy,null_06308,5856,2880
dummy,null_06309,5904,2880
dummy,null_06310,6000,2880
dummy,null_06311,6048,2880
dummy,null_06312,6144,2880
dummy,null_06313,6288,2880
dummy,null_06314,6336,2880
dummy,null_06315,6480,2880
dummy,null_06316,6912,2880
dummy,null_06317,7104,2880
dummy,null_06318,7200,2880
dummy,null_06319,7296,2880
dummy,null_06320,7344,2880
dummy,null_06321,7536,2880
dummy,null_06322,7728,2880
dummy,null_06323,7824,2880
dummy,null_06324,7872,2880
dummy,null_06325,7968,2880
dummy,null_06326,8208,2880
dummy,null_06327,8304,2880
dummy,null_06328,8352,2880
dummy,null_06329,8448,2880
dummy,null_06330,8544,2880
dummy,null_06331,8592,2880
dummy,null_06332,8640,2880
dummy,null_06333,8784,2880
dummy,null_06334,8928,2880
dummy,null_06335,9024,2880
dummy,null_06336,9120,2880
dummy,null_06337,9264,2880
dummy,null_06338,9312,2880
dummy,null_06339,9456,2880
dummy,null_06340,9504,2880
dummy,null_06341,9552,2880
dummy,null_06342,9600,2880
dummy,null_06343,9696,2880
dummy,null_06344,9744,2880
dummy,null_06345,9792,2880
dummy,null_06346,9840,2880
dummy,null_06347,9888,2880
dummy,null_06348,9936,2880
dummy,null_06349,9984,2880
dummy,null_06350,0,2928
dummy,null_06351,48,2928
dummy,null_06352,144,2928
dummy,null_06353,240,2928
dummy,null_06354,384,2928
dummy,null_06355,480,2928
dummy,null_06356,528,2928
dummy,null_06357,624,2928
dummy,null_06358,672,2928
dummy,null_06359,768,2928
dummy,null_06360,816,2928
dummy,null_06361,912,2928
dummy,null_06362,960,2928
dummy,null_06363,1008,2928
dummy,null_06364,1152,2928
dummy,null_06365,1248,2928
dummy,null_06366,1344,2928
dummy,null_06367,1392,2928
dummy,null_06368,1440,2928
dummy,null_06369,1584,2928
dummy,null_06370,1728,2928
dummy,null_06371,1968,2928
dummy,null_06372,2064,2928
dummy,null_06373,2112,2928
dummy,null_06374,2208,2928
dummy,null_06375,2256,2928
dummy,null_06376,2496,2928
dummy,null_06377,2544,2928
dummy,null_06378,2592,2928
dummy,null_06379,2784,2928
dummy,null_06380,2880,2928
dummy,null_06381,2976,2928
dummy,null_06382,3024,2928
dummy,null_06383,3120,2928
dummy,null_06384,3168,2928
dummy,null_06385,3216,2928
dummy,null_06386,3264,2928
dummy,null_06387,3360,2928
dummy,null_06388,3504,2928
dummy,null_06389,3600,2928
dummy,null_06390,3744,2928
dummy,null_06391,3888,2928
dummy,null_06392,4080,2928
dummy,null_06393,4320,2928
dummy,null_06394,4416,2928
dummy,null_06395,4512,2928
dummy,null_06396,4560,2928
dummy,null_06397,4656,2928
dummy,null_06398,4752,2928
dummy,null_06399,4896,2928
dummy,null_06400,4944,2928
dummy,null_06401,4992,2928
dummy,null_06402,5088,2928
dummy,null_06403,5232,2928
dummy,null_06404,5280,2928
dummy,null_06405,5472,2928
dummy,null_06406,5568,2928
dummy,null_06407,5664,2928
dummy,null_06408,5760,2928
dummy,null_06409,5856,2928
dummy,null_06410,6096,2928
dummy,null_06411,6144,2928
dummy,null_06412,6192,2928
dummy,null_06413,6384,2928
dummy,null_06414,6480,2928
dummy,null_06415,6528,2928
dummy,null_06416,6576,2928
dummy,null_06417,6624,2928
dummy,null_06418,6768,2928
dummy,null_06419,6816,2928
dummy,null_06420,6864,2928
dummy,null_06421,7008,2928
dummy,null_06422,7248,2928
dummy,null_06423,7536,2928
dummy,null_06424,7632,2928
dummy,null_06425,7680,2928
dummy,null_06426,7728,2928
dummy,null_06427,7872,2928
dummy,null_06428,7968,2928
dummy,null_06429,8016,2928
dummy,null_06430,8112,2928
dummy,null_06431,8208,2928
dummy,null_06432,8304,2928
dummy,null_06433,8400,2928
dummy,null_06434,8688,2928
dummy,null_06435,8880,2928
dummy,null_06436,8928,2928
dummy,null_06437,8976,2928
dummy,null_06438,9072,2928
dummy,null_06439,9168,2928
dummy,null_06440,9264,2928
dummy,null_06441,9408,2928
dummy,null_06442,9600,2928
dummy,null_06443,9744,2928
dummy,null_06444,9792,2928
dummy,null_06445,9888,2928
dummy,null_06446,9936,2928
dummy,null_06447,144,2976
dummy,null_06448,192,2976
dummy,null_06449,240,2976
dummy,null_06450,384,2976
dummy,null_06451,432,2976
dummy,null_06452,480,2976
dummy,null_06453,768,2976
dummy,null_06454,816,2976
dummy,null_06455,912,2976
dummy,null_06456,1008,2976
dummy,null_06457,1056,2976
dummy,null_06458,1344,2976
dummy,null_06459,1392,2976
dummy,null_06460,1536,2976
dummy,null_06461,1584,2976
dummy,null_06462,1872,2976
dummy,null_06463,2112,2976
dummy,null_06464,2448,2976
dummy,null_06465,2496,2976
dummy,null_06466,2544,2976
dummy,null_06467,2592,2976
dummy,null_06468,2832,2976
dummy,null_06469,3024,2976
dummy,null_06470,3120,2976
dummy,null_06471,3216,2976
dummy,null_06472,3408,2976
dummy,null_06473,3696,2976
dummy,null_06474,3744,2976
dummy,null_06475,3792,2976
dummy,null_06476,3936,2976
dummy,null_06477,4080,2976
dummy,null_06478,4128,2976
dummy,null_06479,4368,2976
dummy,null_06480,4464,2976
dummy,null_06481,4704,2976
dummy,null_06482,4800,2976
dummy,null_06483,4848,2976
dummy,null_06484,4896,2976
dummy,null_06485,4992,2976
dummy,null_06486,5424,2976
dummy,null_06487,5472,2976
dummy,null_06488,5568,2976
dummy,null_06489,5760,2976
dummy,null_06490,5808,2976
dummy,null_06491,5856,2976
dummy,null_06492,5952,2976
dummy,null_06493,6000,2976
dummy,null_06494,6240,2976
dummy,null_06495,6576,2976
dummy,null_06496,6624,2976
dummy,null_06497,6912,2976
dummy,null_06498,7008,2976
dummy,null_06499,7056,2976
dummy,null_06500,7104,2976
dummy,null_06501,7152,2976
dummy,null_06502,7200,2976
dummy,null_06503,7248,2976
dummy,null_06504,7296,2976
dummy,null_06505,7344,2976
dummy,null_06506,7392,2976
dummy,null_06507,7440,2976
dummy,null_06508,7488,2976
dummy,null_06509,7536,2976
dummy,null_06510,7680,2976
dummy,null_06511,7728,2976
dummy,null_06512,7824,2976
dummy,null_06513,7968,2976
dummy,null_06514,8016,2976
dummy,null_06515,8160,2976
dummy,null_06516,8208,2976
dummy,null_06517,8352,2976
dummy,null_06518,8496,2976
dummy,null_06519,8544,2976
dummy,null_06520,8784,2976
dummy,null_06521,8880,2976
dummy,null_06522,9072,2976
dummy,null_06523,9120,2976
dummy,null_06524,9312,2976
dummy,null_06525,9408,2976
dummy,null_06526,9552,2976
dummy,null_06527,9648,2976
dummy,null_06528,9696,2976
dummy,null_06529,9744,2976
dummy,null_06530,9840,2976
dummy,null_06531,9984,2976
dummy,null_06532,192,3024
dummy,null_06533,240,3024
dummy,null_06534,288,3024
dummy,null_06535,336,3024
dummy,null_06536,384,3024
dummy,null_06537,432,3024
dummy,null_06538,576,3024
dummy,null_06539,624,3024
dummy,null_06540,720,3024
dummy,null_06541,768,3024
dummy,null_06542,1008,3024
dummy,null_06543,1248,3024
dummy,null_06544,1344,3024
dummy,null_06545,1440,3024
dummy,null_06546,1488,3024
dummy,null_06547,1584,3024
dummy,null_06548,1680,3024
dummy,null_06549,1728,3024
dummy,null_06550,1824,3024
dummy,null_06551,1920,3024
dummy,null_06552,2064,3024
dummy,null_06553,2208,3024
dummy,null_06554,2256,3024
dummy,null_06555,2304,3024
dummy,null_06556,2352,3024
dummy,null_06557,2400,3024
dummy,null_06558,2448,3024
dummy,null_06559,2496,3024
dummy,null_06560,2592,3024
dummy,null_06561,2640,3024
dummy,null_06562,2784,3024
dummy,null_06563,3168,3024
dummy,null_06564,3216,3024
dummy,null_06565,3264,3024
dummy,null_06566,3360,3024
dummy,null_06567,3408,3024
dummy,null_06568,3456,3024
dummy,null_06569,3504,3024
dummy,null_06570,3600,3024
dummy,null_06571,3648,3024
dummy,null_06572,3696,3024
dummy,null_06573,3888,3024
dummy,null_06574,3936,3024
dummy,null_06575,3984,3024
dummy,null_06576,4128,3024
dummy,null_06577,4176,3024
dummy,null_06578,4272,3024
dummy,null_06579,4320,3024
dummy,null_06580,4512,3024
dummy,null_06581,4560,3024
dummy,null_06582,4608,3024
dummy,null_06583,4704,3024
dummy,null_06584,4992,3024
dummy,null_06585,5040,3024
dummy,null_06586,5136,3024
dummy,null_06587,5232,3024
dummy,null_06588,5280,3024
dummy,null_06589,5376,3024
dummy,null_06590,5424,3024
dummy,null_06591,5568,3024
dummy,null_06592,5616,3024
dummy,null_06593,5664,3024
dummy,null_06594,5712,3024
dummy,null_06595,5760,3024
dummy,null_06596,5856,3024
dummy,null_06597,6000,3024
dummy,null_06598,6048,3024
dummy,null_06599,6096,3024
dummy,null_06600,6144,3024
dummy,null_06601,6192,3024
dummy,null_06602,6384,3024
dummy,null_06603,6432,3024
dummy,null_06604,6480,3024
dummy,null_06605,6528,3024
dummy,null_06606,6672,3024
dummy,null_06607,6864,3024
dummy,null_06608,6960,3024
dummy,null_06609,7296,3024
dummy,null_06610,7344,3024
dummy,null_06611,7488,3024
dummy,null_06612,7536,3024
dummy,null_06613,7680,3024
dummy,null_06614,7776,3024
dummy,null_06615,7872,3024
dummy,null_06616,7920,3024
dummy,null_06617,8016,3024
dummy,null_06618,8064,3024
dummy,null_06619,8160,3024
dummy,null_06620,8208,3024
dummy,null_06621,8256,3024
dummy,null_06622,8400,3024
dummy,null_06623,8544,3024
dummy,null_06624,8688,3024
dummy,null_06625,8784,3024
dummy,null_06626,9024,3024
dummy,null_06627,9264,3024
dummy,null_06628,9360,3024
dummy,null_06629,9408,3024
dummy,null_06630,9456,3024
dummy,null_06631,9552,3024
dummy,null_06632,9648,3024
dummy,null_06633,9696,3024
dummy,null_06634,9744,3024
dummy,null_06635,9840,3024
dummy,null_06636,9888,3024
dummy,null_06637,9936,3024
dummy,null_06638,9984,3024
dummy,null_06639,0,3072
dummy,null_06640,48,3072
dummy,null_06641,144,3072
dummy,null_06642,288,3072
dummy,null_06643,528,3072
dummy,null_06644,912,3072
dummy,null_06645,960,3072
dummy,null_06646,1056,3072
dummy,null_06647,1104,3072
dummy,null_06648,1200,3072
dummy,null_06649,1344,3072
dummy,null_06650,1392,3072
dummy,null_06651,1584,3072
dummy,null_06652,1632,3072
dummy,null_06653,1776,3072
dummy,null_06654,1920,3072
dummy,null_06655,1968,3072
dummy,null_06656,2064,3072
dummy,null_06657,2400,3072
dummy,null_06658,2448,3072
dummy,null_06659,2496,3072
dummy,null_06660,2592,3072
dummy,null_06661,2832,3072
dummy,null_06662,3024,3072
dummy,null_06663,3216,3072
dummy,null_06664,3264,3072
dummy,null_06665,3312,3072
dummy,null_06666,3360,3072
dummy,null_06667,3504,3072
dummy,null_06668,3552,3072
dummy,null_06669,3600,3072
dummy,null_06670,3648,3072
dummy,null_06671,3744,3072
dummy,null_06672,3792,3072
dummy,null_06673,3888,3072
dummy,null_06674,4128,3072
dummy,null_06675,4320,3072
dummy,null_06676,4512,3072
dummy,null_06677,4608,3072
dummy,null_06678,4656,3072
dummy,null_06679,4704,3072
dummy,null_06680,4752,3072
dummy,null_06681,4848,3072
dummy,null_06682,4992,3072
dummy,null_06683,5088,3072
dummy,null_06684,5280,3072
dummy,null_06685,5376,3072
dummy,null_06686,5424,3072
dummy,null_06687,5712,3072
dummy,null_06688,5808,3072
dummy,null_06689,5904,3072
dummy,null_06690,5952,3072
dummy,null_06691,6000,3072
dummy,null_06692,6048,3072
dummy,null_06693,6144,3072
dummy,null_06694,6192,3072
dummy,null_06695,6240,3072
dummy,null_06696,6288,3072
dummy,null_06697,6336,3072
dummy,null_06698,6384,3072
dummy,null_06699,6480,3072
dummy,null_06700,6624,3072
dummy,null_06701,6816,3072
dummy,null_06702,6960,3072
dummy,null_06703,7152,3072
dummy,null_06704,7200,3072
dummy,null_06705,7344,3072
dummy,null_06706,7392,3072
dummy,null_06707,7488,3072
dummy,null_06708,7536,3072
dummy,null_06709,7584,3072
dummy,null_06710,8112,3072
dummy,null_06711,8160,3072
dummy,null_06712,8208,3072
dummy,null_06713,8256,3072
dummy,null_06714,8304,3072
dummy,null_06715,8352,3072
dummy,null_06716,8832,3072
dummy,null_06717,8880,3072
dummy,null_06718,8976,3072
dummy,null_06719,9024,3072
dummy,null_06720,9072,3072
dummy,null_06721,9600,3072
dummy,null_06722,9696,3072
dummy,null_06723,9744,3072
dummy,null_06724,9888,3072
dummy,null_06725,9936,3072
dummy,null_06726,9984,3072
dummy,null_06727,0,3120
dummy,null_06728,48,3120
dummy,null_06729,144,3120
dummy,null_06730,288,3120
dummy,null_06731,336,3120
dummy,null_06732,480,3120
dummy,null_06733,528,3120
dummy,null_06734,672,3120
dummy,null_06735,768,3120
dummy,null_06736,960,3120
dummy,null_06737,1152,3120
dummy,null_06738,1200,3120
dummy,null_06739,1248,3120
dummy,null_06740,1296,3120
dummy,null_06741,1344,3120
dummy,null_06742,1392,3120
dummy,null_06743,1440,3120
dummy,null_06744,1488,3120
dummy,null_06745,1536,3120
dummy,null_06746,1728,3120
dummy,null_06747,2208,3120
dummy,null_06748,2304,3120
dummy,null_06749,2400,3120
dummy,null_06750,2448,3120
dummy,null_06751,2544,3120
dummy,null_06752,2688,3120
dummy,null_06753,3072,3120
dummy,null_06754,3168,3120
dummy,null_06755,3216,3120
dummy,null_06756,3264,3120
dummy,null_06757,3312,3120
dummy,null_06758,3360,3120
dummy,null_06759,3408,3120
dummy,null_06760,3504,3120
dummy,null_06761,3648,3120
dummy,null_06762,3696,3120
dummy,null_06763,3840,3120
dummy,null_06764,3984,3120
dummy,null_06765,4176,3120
dummy,null_06766,4272,3120
dummy,null_06767,4368,3120
dummy,null_06768,4416,3120
dummy,null_06769,4512,3120
dummy,null_06770,4608,3120
dummy,null_06771,4656,3120
dummy,null_06772,4800,3120
dummy,null_06773,4848,3120
dummy,null_06774,4992,3120
dummy,null_06775,5088,3120
dummy,null_06776,5184,3120
dummy,null_06777,5280,3120
dummy,null_06778,5328,3120
dummy,null_06779,5376,3120
dummy,null_06780,5424,3120
dummy,null_06781,5472,3120
dummy,null_06782,5520,3120
dummy,null_06783,5664,3120
dummy,null_06784,5760,3120
dummy,null_06785,5856,3120
dummy,null_06786,5952,3120
dummy,null_06787,6000,3120
dummy,null_06788,6096,3120
dummy,null_06789,6144,3120
dummy,null_06790,6192,3120
dummy,null_06791,6288,3120
dummy,null_06792,6336,3120
dummy,null_06793,6384,3120
dummy,null_06794,6432,3120
dummy,null_06795,6528,3120
dummy,null_06796,6624,3120
dummy,null_06797,6768,3120
dummy,null_06798,6960,3120
dummy,null_06799,7248,3120
dummy,null_06800,7296,3120
dummy,null_06801,7344,3120
dummy,null_06802,7440,3120
dummy,null_06803,7488,3120
dummy,null_06804,7536,3120
dummy,null_06805,7584,3120
dummy,null_06806,7632,3120
dummy,null_06807,7728,3120
dummy,null_06808,7776,3120
dummy,null_06809,7920,3120
dummy,null_06810,7968,3120
dummy,null_06811,8064,3120
dummy,null_06812,8160,3120
dummy,null_06813,8208,3120
dummy,null_06814,8352,3120
dummy,null_06815,8448,3120
dummy,null_06816,8496,3120
dummy,null_06817,8544,3120
dummy,null_06818,8688,3120
dummy,null_06819,8832,3120
dummy,null_06820,8880,3120
dummy,null_06821,8976,3120
dummy,null_06822,9072,3120
dummy,null_06823,9360,3120
dummy,null_06824,9408,3120
dummy,null_06825,9456,3120
dummy,null_06826,9504,3120
dummy,null_06827,9600,3120
dummy,null_06828,9648,3120
dummy,null_06829,9744,3120
dummy,null_06830,9792,3120
dummy,null_06831,9840,3120
dummy,null_06832,9888,3120
dummy,null_06833,9984,3120
dummy,null_06834,0,3168
dummy,null_06835,96,3168
dummy,null_06836,240,3168
dummy,null_06837,336,3168
dummy,null_06838,384,3168
dummy,null_06839,624,3168
dummy,null_06840,720,3168
dummy,null_06841,1008,3168
dummy,null_06842,1056,3168
dummy,null_06843,1104,3168
dummy,null_06844,1200,3168
dummy,null_06845,1248,3168
dummy,null_06846,1296,3168
dummy,null_06847,1440,3168
dummy,null_06848,1632,3168
dummy,null_06849,1680,3168
dummy,null_06850,1728,3168
dummy,null_06851,1872,3168
dummy,null_06852,2112,3168
dummy,null_06853,2160,3168
dummy,null_06854,2208,3168
dummy,null_06855,2256,3168
dummy,null_06856,2400,3168
dummy,null_06857,2448,3168
dummy,null_06858,2496,3168
dummy,null_06859,2640,3168
dummy,null_06860,2784,3168
dummy,null_06861,2832,3168
dummy,null_06862,2928,3168
dummy,null_06863,3024,3168
dummy,null_06864,3120,3168
dummy,null_06865,3168,3168
dummy,null_06866,3264,3168
dummy,null_06867,3312,3168
dummy,null_06868,3456,3168
dummy,null_06869,3504,3168
dummy,null_06870,3552,3168
dummy,null_06871,3600,3168
dummy,null_06872,3696,3168
dummy,null_06873,3792,3168
dummy,null_06874,3840,3168
dummy,null_06875,3888,3168
dummy,null_06876,3936,3168
dummy,null_06877,4128,3168
dummy,null_06878,4320,3168
dummy,null_06879,4368,3168
dummy,null_06880,4464,3168
dummy,null_06881,4560,3168
dummy,null_06882,4608,3168
dummy,null_06883,4800,3168
dummy,null_06884,4944,3168
dummy,null_06885,4992,3168
dummy,null_06886,5040,3168
dummy,null_06887,5184,3168
dummy,null_06888,5424,3168
dummy,null_06889,5472,3168
dummy,null_06890,5520,3168
dummy,null_06891,5616,3168
dummy,null_06892,5952,3168
dummy,null_06893,6000,3168
dummy,null_06894,6096,3168
dummy,null_06895,6144,3168
dummy,null_06896,6192,3168
dummy,null_06897,6288,3168
dummy,null_06898,6336,3168
dummy,null_06899,6432,3168
dummy,null_06900,6480,3168
dummy,null_06901,6528,3168
dummy,null_06902,6576,3168
dummy,null_06903,6816,3168
dummy,null_06904,6912,3168
dummy,null_06905,6960,3168
dummy,null_06906,7008,3168
dummy,null_06907,7248,3168
dummy,null_06908,7296,3168
dummy,null_06909,7392,3168
dummy,null_06910,7488,3168
dummy,null_06911,7536,3168
dummy,null_06912,7584,3168
dummy,null_06913,7680,3168
dummy,null_06914,7824,3168
dummy,null_06915,7920,3168
dummy,null_06916,8016,3168
dummy,null_06917,8064,3168
dummy,null_06918,8160,3168
dummy,null_06919,8208,3168
dummy,null_06920,8448,3168
dummy,null_06921,8544,3168
dummy,null_06922,8784,3168
dummy,null_06923,8832,3168
dummy,null_06924,8880,3168
dummy,null_06925,9072,3168
dummy,null_06926,9216,3168
dummy,null_06927,9312,3168
dummy,null_06928,9360,3168
dummy,null_06929,9456,3168
dummy,null_06930,9504,3168
dummy,null_06931,9552,3168
dummy,null_06932,9744,3168
dummy,null_06933,9792,3168
dummy,null_06934,9888,3168
dummy,null_06935,9936,3168
dummy,null_06936,96,3216
dummy,null_06937,144,3216
dummy,null_06938,192,3216
dummy,null_06939,240,3216
dummy,null_06940,384,3216
dummy,null_06941,432,3216
dummy,null_06942,528,3216
dummy,null_06943,768,3216
dummy,null_06944,864,3216
dummy,null_06945,1008,3216
dummy,null_06946,1200,3216
dummy,null_06947,1248,3216
dummy,null_06948,1344,3216
dummy,null_06949,1392,3216
dummy,null_06950,1440,3216
dummy,null_06951,1488,3216
dummy,null_06952,1536,3216
dummy,null_06953,1584,3216
dummy,null_06954,1680,3216
dummy,null_06955,1728,3216
dummy,null_06956,2016,3216
dummy,null_06957,2208,3216
dummy,null_06958,2304,3216
dummy,null_06959,2496,3216
dummy,null_06960,2592,3216
dummy,null_06961,2736,3216
dummy,null_06962,2880,3216
dummy,null_06963,3456,3216
dummy,null_06964,3504,3216
dummy,null_06965,3600,3216
dummy,null_06966,3744,3216
dummy,null_06967,3888,3216
dummy,null_06968,4080,3216
dummy,null_06969,4176,3216
dummy,null_06970,4368,3216
dummy,null_06971,4560,3216
dummy,null_06972,4704,3216
dummy,null_06973,4752,3216
dummy,null_06974,4848,3216
dummy,null_06975,4992,3216
dummy,null_06976,5088,3216
dummy,null_06977,5184,3216
dummy,null_06978,5232,3216
dummy,null_06979,5328,3216
dummy,null_06980,5376,3216
dummy,null_06981,5424,3216
dummy,null_06982,5472,3216
dummy,null_06983,5520,3216
dummy,null_06984,5568,3216
dummy,null_06985,6000,3216
dummy,null_06986,6144,3216
dummy,null_06987,6192,3216
dummy,null_06988,6288,3216
dummy,null_06989,6384,3216
dummy,null_06990,6528,3216
dummy,null_06991,6624,3216
dummy,null_06992,6672,3216
dummy,null_06993,6864,3216
dummy,null_06994,7008,3216
dummy,null_06995,7056,3216
dummy,null_06996,7104,3216
dummy,null_06997,7152,3216
dummy,null_06998,7200,3216
dummy,null_06999,7248,3216
dummy,null_07000,7344,3216
dummy,null_07001,7488,3216
dummy,null_07002,7632,3216
dummy,null_07003,7872,3216
dummy,null_07004,7920,3216
dummy,null_07005,8016,3216
dummy,null_07006,8064,3216
dummy,null_07007,8112,3216
dummy,null_07008,8160,3216
dummy,null_07009,8256,3216
dummy,null_07010,8400,3216
dummy,null_07011,8496,3216
dummy,null_07012,8544,3216
dummy,null_07013,8592,3216
dummy,null_07014,8832,3216
dummy,null_07015,8880,3216
dummy,null_07016,9168,3216
dummy,null_07017,9264,3216
dummy,null_07018,9360,3216
dummy,null_07019,9408,3216
dummy,null_07020,9456,3216
dummy,null_07021,9504,3216
dummy,null_07022,9552,3216
dummy,null_07023,9648,3216
dummy,null_07024,9696,3216
dummy,null_07025,9744,3216
dummy,null_07026,9888,3216
dummy,null_07027,9936,3216
dummy,null_07028,48,3264
dummy,null_07029,192,3264
dummy,null_07030,288,3264
dummy,null_07031,336,3264
dummy,null_07032,480,3264
dummy,null_07033,528,3264
dummy,null_07034,624,3264
dummy,null_07035,720,3264
dummy,null_07036,912,3264
dummy,null_07037,1008,3264
dummy,null_07038,1056,3264
dummy,null_07039,1296,3264
dummy,null_07040,1440,3264
dummy,null_07041,1488,3264
dummy,null_07042,1584,3264
dummy,null_07043,1728,3264
dummy,null_07044,1776,3264
dummy,null_07045,1872,3264
dummy,null_07046,2064,3264
dummy,null_07047,2160,3264
dummy,null_07048,2208,3264
dummy,null_07049,2352,3264
dummy,null_07050,2400,3264
dummy,null_07051,2496,3264
dummy,null_07052,2544,3264
dummy,null_07053,2592,3264
dummy,null_07054,2640,3264
dummy,null_07055,2688,3264
dummy,null_07056,2784,3264
dummy,null_07057,2928,3264
dummy,null_07058,3024,3264
dummy,null_07059,3120,3264
dummy,null_07060,3168,3264
dummy,null_07061,3216,3264
dummy,null_07062,3264,3264
dummy,null_07063,3360,3264
dummy,null_07064,3456,3264
dummy,null_07065,3504,3264
dummy,null_07066,3840,3264
dummy,null_07067,3888,3264
dummy,null_07068,4032,3264
dummy,null_07069,4128,3264
dummy,null_07070,4320,3264
dummy,null_07071,4416,3264
dummy,null_07072,4464,3264
dummy,null_07073,4752,3264
dummy,null_07074,4800,3264
dummy,null_07075,4896,3264
dummy,null_07076,4944,3264
dummy,null_07077,4992,3264
dummy,null_07078,5136,3264
dummy,null_07079,5328,3264
dummy,null_07080,5376,3264
dummy,null_07081,5472,3264
dummy,null_07082,5568,3264
dummy,null_07083,5712,3264
dummy,null_07084,5808,3264
dummy,null_07085,5904,3264
dummy,null_07086,6000,3264
dummy,null_07087,6096,3264
dummy,null_07088,6192,3264
dummy,null_07089,6240,3264
dummy,null_07090,6288,3264
dummy,null_07091,6384,3264
dummy,null_07092,6528,3264
dummy,null_07093,6576,3264
dummy,null_07094,6624,3264
dummy,null_07095,6912,3264
dummy,null_07096,6960,3264
dummy,null_07097,7008,3264
dummy,null_07098,7056,3264
dummy,null_07099,7104,3264
dummy,null_07100,7200,3264
dummy,null_07101,7248,3264
dummy,null_07102,7392,3264
dummy,null_07103,7440,3264
dummy,null_07104,7680,3264
dummy,null_07105,7728,3264
dummy,null_07106,7824,3264
dummy,null_07107,7968,3264
dummy,null_07108,8016,3264
dummy,null_07109,8064,3264
dummy,null_07110,8304,3264
dummy,null_07111,8400,3264
dummy,null_07112,8544,3264
dummy,null_07113,8592,3264
dummy,null_07114,8640,3264
dummy,null_07115,8832,3264
dummy,null_07116,8928,3264
dummy,null_07117,8976,3264
dummy,null_07118,9024,3264
dummy,null_07119,9072,3264
dummy,null_07120,9216,3264
dummy,null_07121,9312,3264
dummy,null_07122,9408,3264
dummy,null_07123,9456,3264
dummy,null_07124,9504,3264
dummy,null_07125,9552,3264
dummy,null_07126,9600,3264
dummy,null_07127,9696,3264
dummy,null_07128,9744,3264
dummy,null_07129,9792,3264
dummy,null_07130,9888,3264
dummy,null_07131,9936,3264
dummy,null_07132,0,3312
dummy,null_07133,48,3312
dummy,null_07134,96,3312
dummy,null_07135,144,3312
dummy,null_07136,192,3312
dummy,null_07137,288,3312
dummy,null_07138,336,3312
dummy,null_07139,384,3312
dummy,null_07140,480,3312
dummy,null_07141,528,3312
dummy,null_07142,576,3312
dummy,null_07143,1008,3312
dummy,null_07144,1056,3312
dummy,null_07145,1104,3312
dummy,null_07146,1152,3312
dummy,null_07147,1200,3312
dummy,null_07148,1248,3312
dummy,null_07149,1344,3312
dummy,null_07150,1392,3312
dummy,null_07151,1440,3312
dummy,null_07152,1536,3312
dummy,null_07153,1632,3312
dummy,null_07154,1920,3312
dummy,null_07155,2016,3312
dummy,null_07156,2256,3312
dummy,null_07157,2352,3312
dummy,null_07158,2400,3312
dummy,null_07159,2448,3312
dummy,null_07160,2496,3312
dummy,null_07161,2784,3312
dummy,null_07162,2976,3312
dummy,null_07163,3168,3312
dummy,null_07164,3216,3312
dummy,null_07165,3504,3312
dummy,null_07166,3552,3312
dummy,null_07167,3600,3312
dummy,null_07168,3744,3312
dummy,null_07169,3984,3312
dummy,null_07170,4080,3312
dummy,null_07171,4320,3312
dummy,null_07172,4416,3312
dummy,null_07173,4512,3312
dummy,null_07174,4560,3312
dummy,null_07175,4608,3312
dummy,null_07176,4656,3312
dummy,null_07177,4752,3312
dummy,null_07178,4800,3312
dummy,null_07179,4848,3312
dummy,null_07180,4896,3312
dummy,null_07181,5040,3312
dummy,null_07182,5376,3312
dummy,null_07183,5424,3312
dummy,null_07184,5472,3312
dummy,null_07185,5664,3312
dummy,null_07186,5856,3312
dummy,null_07187,6048,3312
dummy,null_07188,6096,3312
dummy,null_07189,6144,3312
dummy,null_07190,6192,3312
dummy,null_07191,6240,3312
dummy,null_07192,6288,3312
dummy,null_07193,6384,3312
dummy,null_07194,6480,3312
dummy,null_07195,6528,3312
dummy,null_07196,6576,3312
dummy,null_07197,6672,3312
dummy,null_07198,7008,3312
dummy,null_07199,7296,3312
dummy,null_07200,7344,3312
dummy,null_07201,7488,3312
dummy,null_07202,7680,3312
dummy,null_07203,7776,3312
dummy,null_07204,7872,3312
dummy,null_07205,7920,3312
dummy,null_07206,7968,3312
dummy,null_07207,8064,3312
dummy,null_07208,8160,3312
dummy,null_07209,8352,3312
dummy,null_07210,8496,3312
dummy,null_07211,8544,3312
dummy,null_07212,8688,3312
dummy,null_07213,8784,3312
dummy,null_07214,8880,3312
dummy,null_07215,9024,3312
dummy,null_07216,9168,3312
dummy,null_07217,9408,3312
dummy,null_07218,9504,3312
dummy,null_07219,9552,3312
dummy,null_07220,9600,3312
dummy,null_07221,9744,3312
dummy,null_07222,9792,3312
dummy,null_07223,9936,3312
dummy,null_07224,9984,3312
dummy,null_07225,96,3360
dummy,null_07226,144,3360
dummy,null_07227,192,3360
dummy,null_07228,240,3360
dummy,null_07229,288,3360
dummy,null_07230,384,3360
dummy,null_07231,432,3360
dummy,null_07232,480,3360
dummy,null_07233,528,3360
dummy,null_07234,576,3360
dummy,null_07235,624,3360
dummy,null_07236,912,3360
dummy,null_07237,1056,3360
dummy,null_07238,1104,3360
dummy,null_07239,1152,3360
dummy,null_07240,1200,3360
dummy,null_07241,1248,3360
dummy,null_07242,1296,3360
dummy,null_07243,1392,3360
dummy,null_07244,1440,3360
dummy,null_07245,1536,3360
dummy,null_07246,1584,3360
dummy,null_07247,1632,3360
dummy,null_07248,1728,3360
dummy,null_07249,1776,3360
dummy,null_07250,2112,3360
dummy,null_07251,2160,3360
dummy,null_07252,2256,3360
dummy,null_07253,2304,3360
dummy,null_07254,2448,3360
dummy,null_07255,2496,3360
dummy,null_07256,2640,3360
dummy,null_07257,2688,3360
dummy,null_07258,2784,3360
dummy,null_07259,2880,3360
dummy,null_07260,2928,3360
dummy,null_07261,2976,3360
dummy,null_07262,3024,3360
dummy,null_07263,3072,3360
dummy,null_07264,3120,3360
dummy,null_07265,3312,3360
dummy,null_07266,3360,3360
dummy,null_07267,3408,3360
dummy,null_07268,3456,3360
dummy,null_07269,3504,3360
dummy,null_07270,3552,3360
dummy,null_07271,3600,3360
dummy,null_07272,3696,3360
dummy,null_07273,3744,3360
dummy,null_07274,3792,3360
dummy,null_07275,3840,3360
dummy,null_07276,3936,3360
dummy,null_07277,4032,3360
dummy,null_07278,4368,3360
dummy,null_07279,4416,3360
dummy,null_07280,4608,3360
dummy,null_07281,4656,3360
dummy,null_07282,4752,3360
dummy,null_07283,4896,3360
dummy,null_07284,5232,3360
dummy,null_07285,5328,3360
dummy,null_07286,5376,3360
dummy,null_07287,5568,3360
dummy,null_07288,5616,3360
dummy,null_07289,5904,3360
dummy,null_07290,5952,3360
dummy,null_07291,6000,3360
dummy,null_07292,6048,3360
dummy,null_07293,6144,3360
dummy,null_07294,6192,3360
dummy,null_07295,6240,3360
dummy,null_07296,6288,3360
dummy,null_07297,6336,3360
dummy,null_07298,6480,3360
dummy,null_07299,6528,3360
dummy,null_07300,6576,3360
dummy,null_07301,6624,3360
dummy,null_07302,6672,3360
dummy,null_07303,6816,3360
dummy,null_07304,6960,3360
dummy,null_07305,7008,3360
dummy,null_07306,7152,3360
dummy,null_07307,7200,3360
dummy,null_07308,7248,3360
dummy,null_07309,7344,3360
dummy,null_07310,7536,3360
dummy,null_07311,7584,3360
dummy,null_07312,7632,3360
dummy,null_07313,7824,3360
dummy,null_07314,7968,3360
dummy,null_07315,8112,3360
dummy,null_07316,8160,3360
dummy,null_07317,8208,3360
dummy,null_07318,8400,3360
dummy,null_07319,8496,3360
dummy,null_07320,8784,3360
dummy,null_07321,8832,3360
dummy,null_07322,8880,3360
dummy,null_07323,8976,3360
dummy,null_07324,9024,3360
dummy,null_07325,9120,3360
dummy,null_07326,9168,3360
dummy,null_07327,9408,3360
dummy,null_07328,9456,3360
dummy,null_07329,9648,3360
dummy,null_07330,9696,3360
dummy,null_07331,9792,3360
dummy,null_07332,192,3408
dummy,null_07333,240,3408
dummy,null_07334,288,3408
dummy,null_07335,384,3408
dummy,null_07336,528,3408
dummy,null_07337,576,3408
dummy,null_07338,672,3408
dummy,null_07339,960,3408
dummy,null_07340,1008,3408
dummy,null_07341,1104,3408
dummy,null_07342,1200,3408
dummy,null_07343,1296,3408
dummy,null_07344,1536,3408
dummy,null_07345,1584,3408
dummy,null_07346,1632,3408
dummy,null_07347,1728,3408
dummy,null_07348,2016,3408
dummy,null_07349,2112,3408
dummy,null_07350,2448,3408
dummy,null_07351,2496,3408
dummy,null_07352,2544,3408
dummy,null_07353,2592,3408
dummy,null_07354,3024,3408
dummy,null_07355,3168,3408
dummy,null_07356,3216,3408
dummy,null_07357,3312,3408
dummy,null_07358,3600,3408
dummy,null_07359,3696,3408
dummy,null_07360,3744,3408
dummy,null_07361,3888,3408
dummy,null_07362,3984,3408
dummy,null_07363,4080,3408
dummy,null_07364,4176,3408
dummy,null_07365,4272,3408
dummy,null_07366,4368,3408
dummy,null_07367,4416,3408
dummy,null_07368,4608,3408
dummy,null_07369,4752,3408
dummy,null_07370,4800,3408
dummy,null_07371,5136,3408
dummy,null_07372,5232,3408
dummy,null_07373,5280,3408
dummy,null_07374,5328,3408
dummy,null_07375,5424,3408
dummy,null_07376,5472,3408
dummy,null_07377,5568,3408
dummy,null_07378,5664,3408
dummy,null_07379,5760,3408
dummy,null_07380,5856,3408
dummy,null_07381,5952,3408
dummy,null_07382,6048,3408
dummy,null_07383,6144,3408
dummy,null_07384,6336,3408
dummy,null_07385,6528,3408
dummy,null_07386,6576,3408
dummy,null_07387,6672,3408
dummy,null_07388,6768,3408
dummy,null_07389,6864,3408
dummy,null_07390,7248,3408
dummy,null_07391,7296,3408
dummy,null_07392,7440,3408
dummy,null_07393,7584,3408
dummy,null_07394,7728,3408
dummy,null_07395,7776,3408
dummy,null_07396,7872,3408
dummy,null_07397,7920,3408
dummy,null_07398,8064,3408
dummy,null_07399,8112,3408
dummy,null_07400,8160,3408
dummy,null_07401,8208,3408
dummy,null_07402,8256,3408
dummy,null_07403,8352,3408
dummy,null_07404,8400,3408
dummy,null_07405,8448,3408
dummy,null_07406,8592,3408
dummy,null_07407,8688,3408
dummy,null_07408,8928,3408
dummy,null_07409,9024,3408
dummy,null_07410,9072,3408
dummy,null_07411,9120,3408
dummy,null_07412,9168,3408
dummy,null_07413,9312,3408
dummy,null_07414,9408,3408
dummy,null_07415,9456,3408
dummy,null_07416,9504,3408
dummy,null_07417,9648,3408
dummy,null_07418,0,3456
dummy,null_07419,96,3456
dummy,null_07420,144,3456
dummy,null_07421,192,3456
dummy,null_07422,384,3456
dummy,null_07423,432,3456
dummy,null_07424,480,3456
dummy,null_07425,576,3456
dummy,null_07426,624,3456
dummy,null_07427,720,3456
dummy,null_07428,816,3456
dummy,null_07429,912,3456
dummy,null_07430,960,3456
dummy,null_07431,1056,3456
dummy,null_07432,1104,3456
dummy,null_07433,1296,3456
dummy,null_07434,1536,3456
dummy,null_07435,1680,3456
dummy,null_07436,1920,3456
dummy,null_07437,1968,3456
dummy,null_07438,2016,3456
dummy,null_07439,2064,3456
dummy,null_07440,2160,3456
dummy,null_07441,2208,3456
dummy,null_07442,2400,3456
dummy,null_07443,2496,3456
dummy,null_07444,2544,3456
dummy,null_07445,2592,3456
dummy,null_07446,2784,3456
dummy,null_07447,2832,3456
dummy,null_07448,2976,3456
dummy,null_07449,3072,3456
dummy,null_07450,3120,3456
dummy,null_07451,3264,3456
dummy,null_07452,3408,3456
dummy,null_07453,3456,3456
dummy,null_07454,3552,3456
dummy,null_07455,3648,3456
dummy,null_07456,3696,3456
dummy,null_07457,3744,3456
dummy,null_07458,3888,3456
dummy,null_07459,3936,3456
dummy,null_07460,4032,3456
dummy,null_07461,4128,3456
dummy,null_07462,4224,3456
dummy,null_07463,4320,3456
dummy,null_07464,4368,3456
dummy,null_07465,4416,3456
dummy,null_07466,4560,3456
dummy,null_07467,4608,3456
dummy,null_07468,4656,3456
dummy,null_07469,4800,3456
dummy,null_07470,4848,3456
dummy,null_07471,4896,3456
dummy,null_07472,4944,3456
dummy,null_07473,4992,3456
dummy,null_07474,5040,3456
dummy,null_07475,5088,3456
dummy,null_07476,5184,3456
dummy,null_07477,5424,3456
dummy,null_07478,5616,3456
dummy,null_07479,5808,3456
dummy,null_07480,5904,3456
dummy,null_07481,6048,3456
dummy,null_07482,6240,3456
dummy,null_07483,6288,3456
dummy,null_07484,6336,3456
dummy,null_07485,6576,3456
dummy,null_07486,6672,3456
dummy,null_07487,6816,3456
dummy,null_07488,6912,3456
dummy,null_07489,6960,3456
dummy,null_07490,7008,3456
dummy,null_07491,7104,3456
dummy,null_07492,7488,3456
dummy,null_07493,7920,3456
dummy,null_07494,8016,3456
dummy,null_07495,8112,3456
dummy,null_07496,8160,3456
dummy,null_07497,8304,3456
dummy,null_07498,8352,3456
dummy,null_07499,8496,3456
dummy,null_07500,8640,3456
dummy,null_07501,8736,3456
dummy,null_07502,8832,3456
dummy,null_07503,8928,3456
dummy,null_07504,9072,3456
dummy,null_07505,9120,3456
dummy,null_07506,9168,3456
dummy,null_07507,9216,3456
dummy,null_07508,9264,3456
dummy,null_07509,9456,3456
dummy,null_07510,9504,3456
dummy,null_07511,9696,3456
dummy,null_07512,9744,3456
dummy,null_07513,9792,3456
dummy,null_07514,9840,3456
dummy,null_07515,9888,3456
dummy,null_07516,9984,3456
dummy,null_07517,48,3504
dummy,null_07518,96,3504
dummy,null_07519,144,3504
dummy,null_07520,288,3504
dummy,null_07521,432,3504
dummy,null_07522,528,3504
dummy,null_07523,576,3504
dummy,null_07524,624,3504
dummy,null_07525,672,3504
dummy,null_07526,768,3504
dummy,null_07527,912,3504
dummy,null_07528,960,3504
dummy,null_07529,1008,3504
dummy,null_07530,1200,3504
dummy,null_07531,1344,3504
dummy,null_07532,1392,3504
dummy,null_07533,1440,3504
dummy,null_07534,1488,3504
dummy,null_07535,1680,3504
dummy,null_07536,1728,3504
dummy,null_07537,1776,3504
dummy,null_07538,1824,3504
dummy,null_07539,1872,3504
dummy,null_07540,1920,3504
dummy,null_07541,2112,3504
dummy,null_07542,2160,3504
dummy,null_07543,2208,3504
dummy,null_07544,2256,3504
dummy,null_07545,2304,3504
dummy,null_07546,2352,3504
dummy,null_07547,2400,3504
dummy,null_07548,2592,3504
dummy,null_07549,2640,3504
dummy,null_07550,2688,3504
dummy,null_07551,2880,3504
dummy,null_07552,2928,3504
dummy,null_07553,3072,3504
dummy,null_07554,3168,3504
dummy,null_07555,3312,3504
dummy,null_07556,3360,3504
dummy,null_07557,3408,3504
dummy,null_07558,3744,3504
dummy,null_07559,3792,3504
dummy,null_07560,3936,3504
dummy,null_07561,4176,3504
dummy,null_07562,4320,3504
dummy,null_07563,4368,3504
dummy,null_07564,4464,3504
dummy,null_07565,4512,3504
dummy,null_07566,4704,3504
dummy,null_07567,4800,3504
dummy,null_07568,4848,3504
dummy,null_07569,4896,3504
dummy,null_07570,4992,3504
dummy,null_07571,5040,3504
dummy,null_07572,5184,3504
dummy,null_07573,5232,3504
dummy,null_07574,5376,3504
dummy,null_07575,5424,3504
dummy,null_07576,5472,3504
dummy,null_07577,5520,3504
dummy,null_07578,5616,3504
dummy,null_07579,5664,3504
dummy,null_07580,5904,3504
dummy,null_07581,5952,3504
dummy,null_07582,6048,3504
dummy,null_07583,6096,3504
dummy,null_07584,6192,3504
dummy,null_07585,6336,3504
dummy,null_07586,6384,3504
dummy,null_07587,6624,3504
dummy,null_07588,6768,3504
dummy,null_07589,6816,3504
dummy,null_07590,6960,3504
dummy,null_07591,7008,3504
dummy,null_07592,7104,3504
dummy,null_07593,7296,3504
dummy,null_07594,7392,3504
dummy,null_07595,7440,3504
dummy,null_07596,7728,3504
dummy,null_07597,7872,3504
dummy,null_07598,7920,3504
dummy,null_07599,8016,3504
dummy,null_07600,8112,3504
dummy,null_07601,8160,3504
dummy,null_07602,8256,3504
dummy,null_07603,8352,3504
dummy,null_07604,8400,3504
dummy,null_07605,8448,3504
dummy,null_07606,8496,3504
dummy,null_07607,8544,3504
dummy,null_07608,8688,3504
dummy,null_07609,8784,3504
dummy,null_07610,8880,3504
dummy,null_07611,8928,3504
dummy,null_07612,8976,3504
dummy,null_07613,9168,3504
dummy,null_07614,9312,3504
dummy,null_07615,9360,3504
dummy,null_07616,9456,3504
dummy,null_07617,9600,3504
dummy,null_07618,9744,3504
dummy,null_07619,9888,3504
dummy,null_07620,9936,3504
dummy,null_07621,0,3552
dummy,null_07622,144,3552
dummy,null_07623,336,3552
dummy,null_07624,624,3552
dummy,null_07625,768,3552
dummy,null_07626,816,3552
dummy,null_07627,912,3552
dummy,null_07628,1152,3552
dummy,null_07629,1200,3552
dummy,null_07630,1296,3552
dummy,null_07631,1488,3552
dummy,null_07632,1536,3552
dummy,null_07633,1632,3552
dummy,null_07634,1920,3552
dummy,null_07635,1968,3552
dummy,null_07636,2112,3552
dummy,null_07637,2208,3552
dummy,null_07638,2256,3552
dummy,null_07639,2352,3552
dummy,null_07640,2400,3552
dummy,null_07641,2448,3552
dummy,null_07642,2592,3552
dummy,null_07643,2640,3552
dummy,null_07644,2688,3552
dummy,null_07645,2832,3552
dummy,null_07646,2928,3552
dummy,null_07647,2976,3552
dummy,null_07648,3024,3552
dummy,null_07649,3072,3552
dummy,null_07650,3168,3552
dummy,null_07651,3408,3552
dummy,null_07652,3456,3552
dummy,null_07653,3504,3552
dummy,null_07654,3648,3552
dummy,null_07655,3696,3552
dummy,null_07656,3744,3552
dummy,null_07657,3888,3552
dummy,null_07658,3984,3552
dummy,null_07659,4080,3552
dummy,null_07660,4176,3552
dummy,null_07661,4272,3552
dummy,null_07662,4464,3552
dummy,null_07663,4512,3552
dummy,null_07664,4560,3552
dummy,null_07665,4656,3552
dummy,null_07666,4752,3552
dummy,null_07667,4992,3552
dummy,null_07668,5040,3552
dummy,null_07669,5232,3552
dummy,null_07670,5280,3552
dummy,null_07671,5376,3552
dummy,null_07672,5472,3552
dummy,null_07673,5520,3552
dummy,null_07674,5760,3552
dummy,null_07675,5808,3552
dummy,null_07676,5856,3552
dummy,null_07677,5904,3552
dummy,null_07678,5952,3552
dummy,null_07679,6000,3552
dummy,null_07680,6048,3552
dummy,null_07681,6096,3552
dummy,null_07682,6144,3552
dummy,null_07683,6192,3552
dummy,null_07684,6384,3552
dummy,null_07685,6432,3552
dummy,null_07686,6480,3552
dummy,null_07687,6528,3552
dummy,null_07688,6624,3552
dummy,null_07689,6672,3552
dummy,null_07690,6864,3552
dummy,null_07691,6960,3552
dummy,null_07692,7008,3552
dummy,null_07693,7056,3552
dummy,null_07694,7104,3552
dummy,null_07695,7152,3552
dummy,null_07696,7200,3552
dummy,null_07697,7248,3552
dummy,null_07698,7344,3552
dummy,null_07699,7488,3552
dummy,null_07700,7536,3552
dummy,null_07701,7584,3552
dummy,null_07702,7680,3552
dummy,null_07703,7728,3552
dummy,null_07704,8016,3552
dummy,null_07705,8064,3552
dummy,null_07706,8256,3552
dummy,null_07707,8304,3552
dummy,null_07708,8352,3552
dummy,null_07709,8400,3552
dummy,null_07710,8448,3552
dummy,null_07711,8496,3552
dummy,null_07712,8544,3552
dummy,null_07713,8592,3552
dummy,null_07714,8640,3552
dummy,null_07715,8736,3552
dummy,null_07716,8784,3552
dummy,null_07717,8832,3552
dummy,null_07718,8880,3552
dummy,null_07719,9072,3552
dummy,null_07720,9168,3552
dummy,null_07721,9216,3552
dummy,null_07722,9648,3552
dummy,null_07723,9696,3552
dummy,null_07724,9744,3552
dummy,null_07725,9792,3552
dummy,null_07726,9936,3552
dummy,null_07727,0,3600
dummy,null_07728,96,3600
dummy,null_07729,240,3600
dummy,null_07730,432,3600
dummy,null_07731,480,3600
dummy,null_07732,576,3600
dummy,null_07733,624,3600
dummy,null_07734,720,3600
dummy,null_07735,768,3600
dummy,null_07736,864,3600
dummy,null_07737,960,3600
dummy,null_07738,1056,3600
dummy,null_07739,1104,3600
dummy,null_07740,1152,3600
dummy,null_07741,1200,3600
dummy,null_07742,1392,3600
dummy,null_07743,1488,3600
dummy,null_07744,1536,3600
dummy,null_07745,1584,3600
dummy,null_07746,1728,3600
dummy,null_07747,1872,3600
dummy,null_07748,2016,3600
dummy,null_07749,2064,3600
dummy,null_07750,2112,3600
dummy,null_07751,2304,3600
dummy,null_07752,2352,3600
dummy,null_07753,2400,3600
dummy,null_07754,2448,3600
dummy,null_07755,2496,3600
dummy,null_07756,2544,3600
dummy,null_07757,2592,3600
dummy,null_07758,2640,3600
dummy,null_07759,2688,3600
dummy,null_07760,2784,3600
dummy,null_07761,2880,3600
dummy,null_07762,2928,3600
dummy,null_07763,2976,3600
dummy,null_07764,3024,3600
dummy,null_07765,3072,3600
dummy,null_07766,3216,3600
dummy,null_07767,3648,3600
dummy,null_07768,3744,3600
dummy,null_07769,3792,3600
dummy,null_07770,3840,3600
dummy,null_07771,3888,3600
dummy,null_07772,4032,3600
dummy,null_07773,4128,3600
dummy,null_07774,4176,3600
dummy,null_07775,4368,3600
dummy,null_07776,4560,3600
dummy,null_07777,4608,3600
dummy,null_07778,4896,3600
dummy,null_07779,4944,3600
dummy,null_07780,5040,3600
dummy,null_07781,5184,3600
dummy,null_07782,5424,3600
dummy,null_07783,5520,3600
dummy,null_07784,5568,3600
dummy,null_07785,5616,3600
dummy,null_07786,5712,3600
dummy,null_07787,5904,3600
dummy,null_07788,6000,3600
dummy,null_07789,6048,3600
dummy,null_07790,6096,3600
dummy,null_07791,6144,3600
dummy,null_07792,6192,3600
dummy,null_07793,6240,3600
dummy,null_07794,6480,3600
dummy,null_07795,6528,3600
dummy,null_07796,6576,3600
dummy,null_07797,6912,3600
dummy,null_07798,6960,3600
dummy,null_07799,7152,3600
dummy,null_07800,7344,3600
dummy,null_07801,7392,3600
dummy,null_07802,7440,3600
dummy,null_07803,7728,3600
dummy,null_07804,7776,3600
dummy,null_07805,7872,3600
dummy,null_07806,7920,3600
dummy,null_07807,8064,3600
dummy,null_07808,8112,3600
dummy,null_07809,8208,3600
dummy,null_07810,8256,3600
dummy,null_07811,8304,3600
dummy,null_07812,8352,3600
dummy,null_07813,8400,3600
dummy,null_07814,8592,3600
dummy,null_07815,8688,3600
dummy,null_07816,9024,3600
dummy,null_07817,9120,3600
dummy,null_07818,9168,3600
dummy,null_07819,9360,3600
dummy,null_07820,9408,3600
dummy,null_07821,9456,3600
dummy,null_07822,9552,3600
dummy,null_07823,9600,3600
dummy,null_07824,9648,3600
dummy,null_07825,9696,3600
dummy,null_07826,9840,3600
dummy,null_07827,9888,3600
dummy,null_07828,9936,3600
dummy,null_07829,9984,3600
dummy,null_07830,48,3648
dummy,null_07831,192,3648
dummy,null_07832,384,3648
dummy,null_07833,432,3648
dummy,null_07834,480,3648
dummy,null_07835,528,3648
dummy,null_07836,624,3648
dummy,null_07837,768,3648
dummy,null_07838,864,3648
dummy,null_07839,912,3648
dummy,null_07840,960,3648
dummy,null_07841,1056,3648
dummy,null_07842,1200,3648
dummy,null_07843,1248,3648
dummy,null_07844,1296,3648
dummy,null_07845,1344,3648
dummy,null_07846,1392,3648
dummy,null_07847,1488,3648
dummy,null_07848,1584,3648
dummy,null_07849,1776,3648
dummy,null_07850,1920,3648
dummy,null_07851,1968,3648
dummy,null_07852,2016,3648
dummy,null_07853,2064,3648
dummy,null_07854,2160,3648
dummy,null_07855,2208,3648
dummy,null_07856,2304,3648
dummy,null_07857,2448,3648
dummy,null_07858,2640,3648
dummy,null_07859,2976,3648
dummy,null_07860,3024,3648
dummy,null_07861,3072,3648
dummy,null_07862,3120,3648
dummy,null_07863,3264,3648
dummy,null_07864,3360,3648
dummy,null_07865,3408,3648
dummy,null_07866,3600,3648
dummy,null_07867,3696,3648
dummy,null_07868,3792,3648
dummy,null_07869,3936,3648
dummy,null_07870,4032,3648
dummy,null_07871,4080,3648
dummy,null_07872,4272,3648
dummy,null_07873,4320,3648
dummy,null_07874,4560,3648
dummy,null_07875,4800,3648
dummy,null_07876,4848,3648
dummy,null_07877,4896,3648
dummy,null_07878,5088,3648
dummy,null_07879,5232,3648
dummy,null_07880,5328,3648
dummy,null_07881,5376,3648
dummy,null_07882,5424,3648
dummy,null_07883,5472,3648
dummy,null_07884,5520,3648
dummy,null_07885,5616,3648
dummy,null_07886,5664,3648
dummy,null_07887,5712,3648
dummy,null_07888,5904,3648
dummy,null_07889,6048,3648
dummy,null_07890,6096,3648
dummy,null_07891,6144,3648
dummy,null_07892,6240,3648
dummy,null_07893,6336,3648
dummy,null_07894,6432,3648
dummy,null_07895,6528,3648
dummy,null_07896,6624,3648
dummy,null_07897,6672,3648
dummy,null_07898,6720,3648
dummy,null_07899,6864,3648
dummy,null_07900,6912,3648
dummy,null_07901,7056,3648
dummy,null_07902,7104,3648
dummy,null_07903,7248,3648
dummy,null_07904,7392,3648
dummy,null_07905,7440,3648
dummy,null_07906,7536,3648
dummy,null_07907,7584,3648
dummy,null_07908,7632,3648
dummy,null_07909,7728,3648
dummy,null_07910,7872,3648
dummy,null_07911,7968,3648
dummy,null_07912,8064,3648
dummy,null_07913,8208,3648
dummy,null_07914,8400,3648
dummy,null_07915,8448,3648
dummy,null_07916,8592,3648
dummy,null_07917,8640,3648
dummy,null_07918,8832,3648
dummy,null_07919,8976,3648
dummy,null_07920,9024,3648
dummy,null_07921,9120,3648
dummy,null_07922,9168,3648
dummy,null_07923,9216,3648
dummy,null_07924,9264,3648
dummy,null_07925,9312,3648
dummy,null_07926,9456,3648
dummy,null_07927,9600,3648
dummy,null_07928,9648,3648
dummy,null_07929,9744,3648
dummy,null_07930,9792,3648
dummy,null_07931,9888,3648
dummy,null_07932,9936,3648
dummy,null_07933,9984,3648
dummy,null_07934,48,3696
dummy,null_07935,96,3696
dummy,null_07936,384,3696
dummy,null_07937,720,3696
dummy,null_07938,768,3696
dummy,null_07939,912,3696
dummy,null_07940,960,3696
dummy,null_07941,1152,3696
dummy,null_07942,1200,3696
dummy,null_07943,1248,3696
dummy,null_07944,1440,3696
dummy,null_07945,1488,3696
dummy,null_07946,1584,3696
dummy,null_07947,1680,3696
dummy,null_07948,1776,3696
dummy,null_07949,1824,3696
dummy,null_07950,1968,3696
dummy,null_07951,2016,3696
dummy,null_07952,2064,3696
dummy,null_07953,2208,3696
dummy,null_07954,2304,3696
dummy,null_07955,2544,3696
dummy,null_07956,2592,3696
dummy,null_07957,2736,3696
dummy,null_07958,2784,3696
dummy,null_07959,2880,3696
dummy,null_07960,2928,3696
dummy,null_07961,2976,3696
dummy,null_07962,3072,3696
dummy,null_07963,3120,3696
dummy,null_07964,3168,3696
dummy,null_07965,3312,3696
dummy,null_07966,3360,3696
dummy,null_07967,3552,3696
dummy,null_07968,3600,3696
dummy,null_07969,3696,3696
dummy,null_07970,3744,3696
dummy,null_07971,3792,3696
dummy,null_07972,3984,3696
dummy,null_07973,4032,3696
dummy,null_07974,4128,3696
dummy,null_07975,4224,3696
dummy,null_07976,4320,3696
dummy,null_07977,4464,3696
dummy,null_07978,4560,3696
dummy,null_07979,4704,3696
dummy,null_07980,4752,3696
dummy,null_07981,4800,3696
dummy,null_07982,4848,3696
dummy,null_07983,4992,3696
dummy,null_07984,5040,3696
dummy,null_07985,5088,3696
dummy,null_07986,5136,3696
dummy,null_07987,5280,3696
dummy,null_07988,5328,3696
dummy,null_07989,5376,3696
dummy,null_07990,5424,3696
dummy,null_07991,5472,3696
dummy,null_07992,5520,3696
dummy,null_07993,5568,3696
dummy,null_07994,5616,3696
dummy,null_07995,5712,3696
dummy,null_07996,5760,3696
dummy,null_07997,5808,3696
dummy,null_07998,5856,3696
dummy,null_07999,6000,3696
dummy,null_08000,6048,3696
dummy,null_08001,6096,3696
dummy,null_08002,6240,3696
dummy,null_08003,6288,3696
dummy,null_08004,6432,3696
dummy,null_08005,6480,3696
dummy,null_08006,6576,3696
dummy,null_08007,6624,3696
dummy,null_08008,6672,3696
dummy,null_08009,6720,3696
dummy,null_08010,6768,3696
dummy,null_08011,6816,3696
dummy,null_08012,6912,3696
dummy,null_08013,6960,3696
dummy,null_08014,7056,3696
dummy,null_08015,7152,3696
dummy,null_08016,7200,3696
dummy,null_08017,7248,3696
dummy,null_08018,7440,3696
dummy,null_08019,7632,3696
dummy,null_08020,7680,3696
dummy,null_08021,7728,3696
dummy,null_08022,7776,3696
dummy,null_08023,7824,3696
dummy,null_08024,7968,3696
dummy,null_08025,8016,3696
dummy,null_08026,8064,3696
dummy,null_08027,8208,3696
dummy,null_08028,8448,3696
dummy,null_08029,8496,3696
dummy,null_08030,8880,3696
dummy,null_08031,8928,3696
dummy,null_08032,8976,3696
dummy,null_08033,9264,3696
dummy,null_08034,9360,3696
dummy,null_08035,9456,3696
dummy,null_08036,9504,3696
dummy,null_08037,9648,3696
dummy,null_08038,9696,3696
dummy,null_08039,9744,3696
dummy,null_08040,9840,3696
dummy,null_08041,0,3744
dummy,null_08042,48,3744
dummy,null_08043,96,3744
dummy,null_08044,144,3744
dummy,null_08045,192,3744
dummy,null_08046,432,3744
dummy,null_08047,480,3744
dummy,null_08048,528,3744
dummy,null_08049,576,3744
dummy,null_08050,624,3744
dummy,null_08051,720,3744
dummy,null_08052,912,3744
dummy,null_08053,960,3744
dummy,null_08054,1008,3744
dummy,null_08055,1248,3744
dummy,null_08056,1296,3744
dummy,null_08057,1392,3744
dummy,null_08058,1440,3744
dummy,null_08059,1488,3744
dummy,null_08060,1584,3744
dummy,null_08061,1632,3744
dummy,null_08062,1824,3744
dummy,null_08063,1968,3744
dummy,null_08064,2016,3744
dummy,null_08065,2112,3744
dummy,null_08066,2160,3744
dummy,null_08067,2352,3744
dummy,null_08068,2400,3744
dummy,null_08069,2544,3744
dummy,null_08070,2592,3744
dummy,null_08071,2736,3744
dummy,null_08072,2880,3744
dummy,null_08073,2976,3744
dummy,null_08074,3024,3744
dummy,null_08075,3072,3744
dummy,null_08076,3120,3744
dummy,null_08077,3168,3744
dummy,null_08078,3216,3744
dummy,null_08079,3264,3744
dummy,null_08080,3360,3744
dummy,null_08081,3408,3744
dummy,null_08082,3456,3744
dummy,null_08083,3552,3744
dummy,null_08084,3600,3744
dummy,null_08085,3648,3744
dummy,null_08086,3888,3744
dummy,null_08087,3936,3744
dummy,null_08088,4032,3744
dummy,null_08089,4176,3744
dummy,null_08090,4272,3744
dummy,null_08091,4320,3744
dummy,null_08092,4416,3744
dummy,null_08093,4464,3744
dummy,null_08094,4512,3744
dummy,null_08095,4560,3744
dummy,null_08096,4656,3744
dummy,null_08097,4752,3744
dummy,null_08098,4896,3744
dummy,null_08099,4944,3744
dummy,null_08100,4992,3744
dummy,null_08101,5040,3744
dummy,null_08102,5088,3744
dummy,null_08103,5136,3744
dummy,null_08104,5280,3744
dummy,null_08105,5472,3744
dummy,null_08106,5520,3744
dummy,null_08107,5568,3744
dummy,null_08108,5616,3744
dummy,null_08109,5664,3744
dummy,null_08110,5760,3744
dummy,null_08111,5808,3744
dummy,null_08112,5856,3744
dummy,null_08113,5904,3744
dummy,null_08114,6048,3744
dummy,null_08115,6144,3744
dummy,null_08116,6192,3744
dummy,null_08117,6288,3744
dummy,null_08118,6336,3744
dummy,null_08119,6384,3744
dummy,null_08120,6432,3744
dummy,null_08121,6480,3744
dummy,null_08122,6528,3744
dummy,null_08123,6720,3744
dummy,null_08124,6768,3744
dummy,null_08125,7008,3744
dummy,null_08126,7248,3744
dummy,null_08127,7296,3744
dummy,null_08128,7440,3744
dummy,null_08129,7488,3744
dummy,null_08130,7632,3744
dummy,null_08131,7680,3744
dummy,null_08132,7728,3744
dummy,null_08133,7824,3744
dummy,null_08134,7872,3744
dummy,null_08135,8016,3744
dummy,null_08136,8064,3744
dummy,null_08137,8112,3744
dummy,null_08138,8160,3744
dummy,null_08139,8256,3744
dummy,null_08140,8304,3744
dummy,null_08141,8400,3744
dummy,null_08142,8640,3744
dummy,null_08143,8832,3744
dummy,null_08144,8928,3744
dummy,null_08145,9024,3744
dummy,null_08146,9168,3744
dummy,null_08147,9216,3744
dummy,null_08148,9264,3744
dummy,null_08149,9312,3744
dummy,null_08150,9360,3744
dummy,null_08151,9408,3744
dummy,null_08152,9456,3744
dummy,null_08153,9504,3744
dummy,null_08154,9552,3744
dummy,null_08155,9600,3744
dummy,null_08156,9648,3744
dummy,null_08157,9744,3744
dummy,null_08158,9792,3744
dummy,null_08159,9888,3744
dummy,null_08160,0,3792
dummy,null_08161,48,3792
dummy,null_08162,96,3792
dummy,null_08163,144,3792
dummy,null_08164,192,3792
dummy,null_08165,240,3792
dummy,null_08166,288,3792
dummy,null_08167,336,3792
dummy,null_08168,384,3792
dummy,null_08169,480,3792
dummy,null_08170,528,3792
dummy,null_08171,576,3792
dummy,null_08172,912,3792
dummy,null_08173,960,3792
dummy,null_08174,1008,3792
dummy,null_08175,1056,3792
dummy,null_08176,1104,3792
dummy,null_08177,1152,3792
dummy,null_08178,1200,3792
dummy,null_08179,1248,3792
dummy,null_08180,1488,3792
dummy,null_08181,1536,3792
dummy,null_08182,1584,3792
dummy,null_08183,1632,3792
dummy,null_08184,1776,3792
dummy,null_08185,1824,3792
dummy,null_08186,1872,3792
dummy,null_08187,1968,3792
dummy,null_08188,2016,3792
dummy,null_08189,2064,3792
dummy,null_08190,2160,3792
dummy,null_08191,2256,3792
dummy,null_08192,2304,3792
dummy,null_08193,2400,3792
dummy,null_08194,2640,3792
dummy,null_08195,2736,3792
dummy,null_08196,2784,3792
dummy,null_08197,2880,3792
dummy,null_08198,2928,3792
dummy,null_08199,2976,3792
dummy,null_08200,3072,3792
dummy,null_08201,3168,3792
dummy,null_08202,3216,3792
dummy,null_08203,3264,3792
dummy,null_08204,3360,3792
dummy,null_08205,3552,3792
dummy,null_08206,3696,3792
dummy,null_08207,3888,3792
dummy,null_08208,4320,3792
dummy,null_08209,4368,3792
dummy,null_08210,4416,3792
dummy,null_08211,4464,3792
dummy,null_08212,4512,3792
dummy,null_08213,4608,3792
dummy,null_08214,4656,3792
dummy,null_08215,4752,3792
dummy,null_08216,4848,3792
dummy,null_08217,4896,3792
dummy,null_08218,4992,3792
dummy,null_08219,5088,3792
dummy,null_08220,5184,3792
dummy,null_08221,5232,3792
dummy,null_08222,5280,3792
dummy,null_08223,5328,3792
dummy,null_08224,5376,3792
dummy,null_08225,5472,3792
dummy,null_08226,5712,3792
dummy,null_08227,6000,3792
dummy,null_08228,6048,3792
dummy,null_08229,6240,3792
dummy,null_08230,6336,3792
dummy,null_08231,6480,3792
dummy,null_08232,6576,3792
dummy,null_08233,6768,3792
dummy,null_08234,6912,3792
dummy,null_08235,6960,3792
dummy,null_08236,7200,3792
dummy,null_08237,7248,3792
dummy,null_08238,7296,3792
dummy,null_08239,7392,3792
dummy,null_08240,7440,3792
dummy,null_08241,7488,3792
dummy,null_08242,7536,3792
dummy,null_08243,7632,3792
dummy,null_08244,7824,3792
dummy,null_08245,7920,3792
dummy,null_08246,7968,3792
dummy,null_08247,8016,3792
dummy,null_08248,8064,3792
dummy,null_08249,8160,3792
dummy,null_08250,8256,3792
dummy,null_08251,8304,3792
dummy,null_08252,8448,3792
dummy,null_08253,8496,3792
dummy,null_08254,8592,3792
dummy,null_08255,8640,3792
dummy,null_08256,8928,3792
dummy,null_08257,8976,3792
dummy,null_08258,9072,3792
dummy,null_08259,9168,3792
dummy,null_08260,9216,3792
dummy,null_08261,9264,3792
dummy,null_08262,9312,3792
dummy,null_08263,9360,3792
dummy,null_08264,9552,3792
dummy,null_08265,9600,3792
dummy,null_08266,9696,3792
dummy,null_08267,9792,3792
dummy,null_08268,9840,3792
dummy,null_08269,9888,3792
dummy,null_08270,9936,3792
dummy,null_08271,48,3840
dummy,null_08272,192,3840
dummy,null_08273,288,3840
dummy,null_08274,336,3840
dummy,null_08275,624,3840
dummy,null_08276,720,3840
dummy,null_08277,816,3840
dummy,null_08278,864,3840
dummy,null_08279,1152,3840
dummy,null_08280,1200,3840
dummy,null_08281,1344,3840
dummy,null_08282,1392,3840
dummy,null_08283,1440,3840
dummy,null_08284,1488,3840
dummy,null_08285,1728,3840
dummy,null_08286,1824,3840
dummy,null_08287,1872,3840
dummy,null_08288,2016,3840
dummy,null_08289,2064,3840
dummy,null_08290,2208,3840
dummy,null_08291,2256,3840
dummy,null_08292,2352,3840
dummy,null_08293,2400,3840
dummy,null_08294,2592,3840
dummy,null_08295,2880,3840
dummy,null_08296,2928,3840
dummy,null_08297,3024,3840
dummy,null_08298,3072,3840
dummy,null_08299,3168,3840
dummy,null_08300,3216,3840
dummy,null_08301,3456,3840
dummy,null_08302,3504,3840
dummy,null_08303,3552,3840
dummy,null_08304,3600,3840
dummy,null_08305,3696,3840
dummy,null_08306,3744,3840
dummy,null_08307,3792,3840
dummy,null_08308,3840,3840
dummy,null_08309,3936,3840
dummy,null_08310,3984,3840
dummy,null_08311,4080,3840
dummy,null_08312,4128,3840
dummy,null_08313,4176,3840
dummy,null_08314,4272,3840
dummy,null_08315,4512,3840
dummy,null_08316,4608,3840
dummy,null_08317,4656,3840
dummy,null_08318,4704,3840
dummy,null_08319,4752,3840
dummy,null_08320,4800,3840
dummy,null_08321,4848,3840
dummy,null_08322,5136,3840
dummy,null_08323,5184,3840
dummy,null_08324,5232,3840
dummy,null_08325,5328,3840
dummy,null_08326,5376,3840
dummy,null_08327,5616,3840
dummy,null_08328,5760,3840
dummy,null_08329,5952,3840
dummy,null_08330,6000,3840
dummy,null_08331,6048,3840
dummy,null_08332,6144,3840
dummy,null_08333,6288,3840
dummy,null_08334,6336,3840
dummy,null_08335,6528,3840
dummy,null_08336,6672,3840
dummy,null_08337,6720,3840
dummy,null_08338,6816,3840
dummy,null_08339,6912,3840
dummy,null_08340,6960,3840
dummy,null_08341,7056,3840
dummy,null_08342,7200,3840
dummy,null_08343,7248,3840
dummy,null_08344,7296,3840
dummy,null_08345,7344,3840
dummy,null_08346,7440,3840
dummy,null_08347,7536,3840
dummy,null_08348,7584,3840
dummy,null_08349,7872,3840
dummy,null_08350,7920,3840
dummy,null_08351,7968,3840
dummy,null_08352,8016,3840
dummy,null_08353,8256,3840
dummy,null_08354,8352,3840
dummy,null_08355,8448,3840
dummy,null_08356,8496,3840
dummy,null_08357,8544,3840
dummy,null_08358,8592,3840
dummy,null_08359,8640,3840
dummy,null_08360,8736,3840
dummy,null_08361,8832,3840
dummy,null_08362,8928,3840
dummy,null_08363,9024,3840
dummy,null_08364,9120,3840
dummy,null_08365,9168,3840
dummy,null_08366,9312,3840
dummy,null_08367,9360,3840
dummy,null_08368,9408,3840
dummy,null_08369,9648,3840
dummy,null_08370,9744,3840
dummy,null_08371,9792,3840
dummy,null_08372,9840,3840
dummy,null_08373,9936,3840
dummy,null_08374,0,3888
dummy,null_08375,48,3888
dummy,null_08376,96,3888
dummy,null_08377,144,3888
dummy,null_08378,240,3888
dummy,null_08379,432,3888
dummy,null_08380,528,3888
dummy,null_08381,576,3888
dummy,null_08382,624,3888
dummy,null_08383,720,3888
dummy,null_08384,816,3888
dummy,null_08385,912,3888
dummy,null_08386,960,3888
dummy,null_08387,1056,3888
dummy,null_08388,1200,3888
dummy,null_08389,1296,3888
dummy,null_08390,1344,3888
dummy,null_08391,1392,3888
dummy,null_08392,1488,3888
dummy,null_08393,1536,3888
dummy,null_08394,1584,3888
dummy,null_08395,1632,3888
dummy,null_08396,1680,3888
dummy,null_08397,1824,3888
dummy,null_08398,1872,3888
dummy,null_08399,1920,3888
dummy,null_08400,2064,3888
dummy,null_08401,2160,3888
dummy,null_08402,2256,3888
dummy,null_08403,2304,3888
dummy,null_08404,2496,3888
dummy,null_08405,2544,3888
dummy,null_08406,2592,3888
dummy,null_08407,2640,3888
dummy,null_08408,2736,3888
dummy,null_08409,2880,3888
dummy,null_08410,2928,3888
dummy,null_08411,2976,3888
dummy,null_08412,3024,3888
dummy,null_08413,3072,3888
dummy,null_08414,3120,3888
dummy,null_08415,3168,3888
dummy,null_08416,3216,3888
dummy,null_08417,3264,3888
dummy,null_08418,3360,3888
dummy,null_08419,3408,3888
dummy,null_08420,3504,3888
dummy,null_08421,3552,3888
dummy,null_08422,3600,3888
dummy,null_08423,3648,3888
dummy,null_08424,3696,3888
dummy,null_08425,3744,3888
dummy,null_08426,3792,3888
dummy,null_08427,3936,3888
dummy,null_08428,4080,3888
dummy,null_08429,4128,3888
dummy,null_08430,4176,3888
dummy,null_08431,4224,3888
dummy,null_08432,4464,3888
dummy,null_08433,4512,3888
dummy,null_08434,4608,3888
dummy,null_08435,4704,3888
dummy,null_08436,4752,3888
dummy,null_08437,4848,3888
dummy,null_08438,4896,3888
dummy,null_08439,4992,3888
dummy,null_08440,5088,3888
dummy,null_08441,5184,3888
dummy,null_08442,5280,3888
dummy,null_08443,5376,3888
dummy,null_08444,5520,3888
dummy,null_08445,5568,3888
dummy,null_08446,5616,3888
dummy,null_08447,5664,3888
dummy,null_08448,5760,3888
dummy,null_08449,5856,3888
dummy,null_08450,6000,3888
dummy,null_08451,6096,3888
dummy,null_08452,6144,3888
dummy,null_08453,6192,3888
dummy,null_08454,6240,3888
dummy,null_08455,6288,3888
dummy,null_08456,6480,3888
dummy,null_08457,6576,3888
dummy,null_08458,6624,3888
dummy,null_08459,6816,3888
dummy,null_08460,6864,3888
dummy,null_08461,6912,3888
dummy,null_08462,6960,3888
dummy,null_08463,7104,3888
dummy,null_08464,7248,3888
dummy,null_08465,7296,3888
dummy,null_08466,7344,3888
dummy,null_08467,7440,3888
dummy,null_08468,7488,3888
dummy,null_08469,7584,3888
dummy,null_08470,7632,3888
dummy,null_08471,7728,3888
dummy,null_08472,7776,3888
dummy,null_08473,7824,3888
dummy,null_08474,7872,3888
dummy,null_08475,8016,3888
dummy,null_08476,8256,3888
dummy,null_08477,8304,3888
dummy,null_08478,8400,3888
dummy,null_08479,8496,3888
dummy,null_08480,8544,3888
dummy,null_08481,8784,3888
dummy,null_08482,8832,3888
dummy,null_08483,8928,3888
dummy,null_08484,8976,3888
dummy,null_08485,9024,3888
dummy,null_08486,9072,3888
dummy,null_08487,9264,3888
dummy,null_08488,9408,3888
dummy,null_08489,9456,3888
dummy,null_08490,9552,3888
dummy,null_08491,9648,3888
dummy,null_08492,9696,3888
dummy,null_08493,9744,3888
dummy,null_08494,9792,3888
dummy,null_08495,9936,3888
dummy,null_08496,0,3936
dummy,null_08497,48,3936
dummy,null_08498,96,3936
dummy,null_08499,144,3936
dummy,null_08500,192,3936
dummy,null_08501,384,3936
dummy,null_08502,576,3936
dummy,null_08503,624,3936
dummy,null_08504,720,3936
dummy,null_08505,768,3936
dummy,null_08506,912,3936
dummy,null_08507,1008,3936
dummy,null_08508,1248,3936
dummy,null_08509,1392,3936
dummy,null_08510,1440,3936
dummy,null_08511,1488,3936
dummy,null_08512,1536,3936
dummy,null_08513,1584,3936
dummy,null_08514,1632,3936
dummy,null_08515,1680,3936
dummy,null_08516,1728,3936
dummy,null_08517,1968,3936
dummy,null_08518,2016,3936
dummy,null_08519,2304,3936
dummy,null_08520,2352,3936
dummy,null_08521,2448,3936
dummy,null_08522,2544,3936
dummy,null_08523,2640,3936
dummy,null_08524,2688,3936
dummy,null_08525,2880,3936
dummy,null_08526,3024,3936
dummy,null_08527,3072,3936
dummy,null_08528,3120,3936
dummy,null_08529,3168,3936
dummy,null_08530,3216,3936
dummy,null_08531,3264,3936
dummy,null_08532,3504,3936
dummy,null_08533,3552,3936
dummy,null_08534,3648,3936
dummy,null_08535,3696,3936
dummy,null_08536,3744,3936
dummy,null_08537,3792,3936
dummy,null_08538,3888,3936
dummy,null_08539,3936,3936
dummy,null_08540,3984,3936
dummy,null_08541,4032,3936
dummy,null_08542,4080,3936
dummy,null_08543,4128,3936
dummy,null_08544,4176,3936
dummy,null_08545,4224,3936
dummy,null_08546,4320,3936
dummy,null_08547,4416,3936
dummy,null_08548,4464,3936
dummy,null_08549,4560,3936
dummy,null_08550,4656,3936
dummy,null_08551,4752,3936
dummy,null_08552,4800,3936
dummy,null_08553,4896,3936
dummy,null_08554,4992,3936
dummy,null_08555,5040,3936
dummy,null_08556,5136,3936
dummy,null_08557,5232,3936
dummy,null_08558,5328,3936
dummy,null_08559,5520,3936
dummy,null_08560,5808,3936
dummy,null_08561,5856,3936
dummy,null_08562,6000,3936
dummy,null_08563,6096,3936
dummy,null_08564,6144,3936
dummy,null_08565,6192,3936
dummy,null_08566,6288,3936
dummy,null_08567,6432,3936
dummy,null_08568,6576,3936
dummy,null_08569,6624,3936
dummy,null_08570,6768,3936
dummy,null_08571,6816,3936
dummy,null_08572,6864,3936
dummy,null_08573,6912,3936
dummy,null_08574,7392,3936
dummy,null_08575,7488,3936
dummy,null_08576,7584,3936
dummy,null_08577,7632,3936
dummy,null_08578,7728,3936
dummy,null_08579,7824,3936
dummy,null_08580,7872,3936
dummy,null_08581,7968,3936
dummy,null_08582,8016,3936
dummy,null_08583,8064,3936
dummy,null_08584,8112,3936
dummy,null_08585,8256,3936
dummy,null_08586,8304,3936
dummy,null_08587,8400,3936
dummy,null_08588,8736,3936
dummy,null_08589,8880,3936
dummy,null_08590,8976,3936
dummy,null_08591,9024,3936
dummy,null_08592,9072,3936
dummy,null_08593,9168,3936
dummy,null_08594,9216,3936
dummy,null_08595,9360,3936
dummy,null_08596,9552,3936
dummy,null_08597,9600,3936
dummy,null_08598,9648,3936
dummy,null_08599,9696,3936
dummy,null_08600,9840,3936
dummy,null_08601,9936,3936
dummy,null_08602,9984,3936
dummy,null_08603,0,3984
dummy,null_08604,48,3984
dummy,null_08605,336,3984
dummy,null_08606,480,3984
dummy,null_08607,672,3984
dummy,null_08608,768,3984
dummy,null_08609,816,3984
dummy,null_08610,864,3984
dummy,null_08611,912,3984
dummy,null_08612,960,3984
dummy,null_08613,1008,3984
dummy,null_08614,1056,3984
dummy,null_08615,1104,3984
dummy,null_08616,1248,3984
dummy,null_08617,1296,3984
dummy,null_08618,1488,3984
dummy,null_08619,1536,3984
dummy,null_08620,1776,3984
dummy,null_08621,1824,3984
dummy,null_08622,2016,3984
dummy,null_08623,2064,3984
dummy,null_08624,2112,3984
dummy,null_08625,2160,3984
dummy,null_08626,2208,3984
dummy,null_08627,2496,3984
dummy,null_08628,2544,3984
dummy,null_08629,2640,3984
dummy,null_08630,2688,3984
dummy,null_08631,2928,3984
dummy,null_08632,3024,3984
dummy,null_08633,3072,3984
dummy,null_08634,3120,3984
dummy,null_08635,3264,3984
dummy,null_08636,3312,3984
dummy,null_08637,3360,3984
dummy,null_08638,3456,3984
dummy,null_08639,3504,3984
dummy,null_08640,3552,3984
dummy,null_08641,3648,3984
dummy,null_08642,3696,3984
dummy,null_08643,3744,3984
dummy,null_08644,3792,3984
dummy,null_08645,3840,3984
dummy,null_08646,3936,3984
dummy,null_08647,3984,3984
dummy,null_08648,4080,3984
dummy,null_08649,4320,3984
dummy,null_08650,4368,3984
dummy,null_08651,4416,3984
dummy,null_08652,4464,3984
dummy,null_08653,4560,3984
dummy,null_08654,4608,3984
dummy,null_08655,4656,3984
dummy,null_08656,4848,3984
dummy,null_08657,4896,3984
dummy,null_08658,4992,3984
dummy,null_08659,5040,3984
dummy,null_08660,5232,3984
dummy,null_08661,5328,3984
dummy,null_08662,5376,3984
dummy,null_08663,5472,3984
dummy,null_08664,5568,3984
dummy,null_08665,5616,3984
dummy,null_08666,5664,3984
dummy,null_08667,5808,3984
dummy,null_08668,5856,3984
dummy,null_08669,5904,3984
dummy,null_08670,5952,3984
dummy,null_08671,6000,3984
dummy,null_08672,6048,3984
dummy,null_08673,6192,3984
dummy,null_08674,6288,3984
dummy,null_08675,6480,3984
dummy,null_08676,6528,3984
dummy,null_08677,6768,3984
dummy,null_08678,6816,3984
dummy,null_08679,6864,3984
dummy,null_08680,6912,3984
dummy,null_08681,6960,3984
dummy,null_08682,7056,3984
dummy,null_08683,7296,3984
dummy,null_08684,7344,3984
dummy,null_08685,7536,3984
dummy,null_08686,7632,3984
dummy,null_08687,7728,3984
dummy,null_08688,7824,3984
dummy,null_08689,8016,3984
dummy,null_08690,8112,3984
dummy,null_08691,8160,3984
dummy,null_08692,8496,3984
dummy,null_08693,8544,3984
dummy,null_08694,8592,3984
dummy,null_08695,8688,3984
dummy,null_08696,8736,3984
dummy,null_08697,8784,3984
dummy,null_08698,8880,3984
dummy,null_08699,9120,3984
dummy,null_08700,9168,3984
dummy,null_08701,9216,3984
dummy,null_08702,9408,3984
dummy,null_08703,9456,3984
dummy,null_08704,9648,3984
dummy,null_08705,9696,3984
dummy,null_08706,9792,3984
dummy,null_08707,9840,3984
dummy,null_08708,48,4032
dummy,null_08709,144,4032
dummy,null_08710,192,4032
dummy,null_08711,288,4032
dummy,null_08712,336,4032
dummy,null_08713,432,4032
dummy,null_08714,480,4032
dummy,null_08715,576,4032
dummy,null_08716,816,4032
dummy,null_08717,912,4032
dummy,null_08718,1008,4032
dummy,null_08719,1056,4032
dummy,null_08720,1104,4032
dummy,null_08721,1152,4032
dummy,null_08722,1200,4032
dummy,null_08723,1248,4032
dummy,null_08724,1296,4032
dummy,null_08725,1392,4032
dummy,null_08726,1440,4032
dummy,null_08727,1536,4032
dummy,null_08728,1776,4032
dummy,null_08729,1824,4032
dummy,null_08730,1872,4032
dummy,null_08731,1968,4032
dummy,null_08732,2016,4032
dummy,null_08733,2064,4032
dummy,null_08734,2112,4032
dummy,null_08735,2256,4032
dummy,null_08736,2352,4032
dummy,null_08737,2400,4032
dummy,null_08738,2448,4032
dummy,null_08739,2544,4032
dummy,null_08740,2592,4032
dummy,null_08741,2688,4032
dummy,null_08742,2736,4032
dummy,null_08743,2784,4032
dummy,null_08744,2832,4032
dummy,null_08745,2880,4032
dummy,null_08746,3072,4032
dummy,null_08747,3120,4032
dummy,null_08748,3360,4032
dummy,null_08749,3408,4032
dummy,null_08750,3456,4032
dummy,null_08751,3552,4032
dummy,null_08752,3600,4032
dummy,null_08753,3648,4032
dummy,null_08754,3696,4032
dummy,null_08755,3744,4032
dummy,null_08756,3792,4032
dummy,null_08757,3984,4032
dummy,null_08758,4128,4032
dummy,null_08759,4176,4032
dummy,null_08760,4272,4032
dummy,null_08761,4416,4032
dummy,null_08762,4464,4032
dummy,null_08763,4560,4032
dummy,null_08764,4608,4032
dummy,null_08765,4896,4032
dummy,null_08766,4992,4032
dummy,null_08767,5040,4032
dummy,null_08768,5088,4032
dummy,null_08769,5136,4032
dummy,null_08770,5472,4032
dummy,null_08771,5520,4032
dummy,null_08772,5568,4032
dummy,null_08773,5664,4032
dummy,null_08774,5712,4032
dummy,null_08775,5760,4032
dummy,null_08776,5808,4032
dummy,null_08777,5904,4032
dummy,null_08778,5952,4032
dummy,null_08779,6000,4032
dummy,null_08780,6192,4032
dummy,null_08781,6240,4032
dummy,null_08782,6288,4032
dummy,null_08783,6480,4032
dummy,null_08784,6528,4032
dummy,null_08785,6672,4032
dummy,null_08786,6768,4032
dummy,null_08787,6960,4032
dummy,null_08788,7056,4032
dummy,null_08789,7152,4032
dummy,null_08790,7248,4032
dummy,null_08791,7296,4032
dummy,null_08792,7488,4032
dummy,null_08793,7680,4032
dummy,null_08794,7728,4032
dummy,null_08795,7872,4032
dummy,null_08796,7920,4032
dummy,null_08797,8016,4032
dummy,null_08798,8112,4032
dummy,null_08799,8208,4032
dummy,null_08800,8448,4032
dummy,null_08801,8640,4032
dummy,null_08802,8736,4032
dummy,null_08803,8784,4032
dummy,null_08804,8928,4032
dummy,null_08805,8976,4032
dummy,null_08806,9216,4032
dummy,null_08807,9408,4032
dummy,null_08808,9504,4032
dummy,null_08809,9552,4032
dummy,null_08810,9792,4032
dummy,null_08811,9840,4032
dummy,null_08812,9888,4032
dummy,null_08813,48,4080
dummy,null_08814,144,4080
dummy,null_08815,384,4080
dummy,null_08816,624,4080
dummy,null_08817,768,4080
dummy,null_08818,912,4080
dummy,null_08819,1056,4080
dummy,null_08820,1104,4080
dummy,null_08821,1200,4080
dummy,null_08822,1296,4080
dummy,null_08823,1488,4080
dummy,null_08824,1584,4080
dummy,null_08825,1776,4080
dummy,null_08826,1968,4080
dummy,null_08827,2112,4080
dummy,null_08828,2256,4080
dummy,null_08829,2304,4080
dummy,null_08830,2544,4080
dummy,null_08831,2592,4080
dummy,null_08832,2640,4080
dummy,null_08833,2688,4080
dummy,null_08834,2736,4080
dummy,null_08835,2784,4080
dummy,null_08836,2928,4080
dummy,null_08837,2976,4080
dummy,null_08838,3024,4080
dummy,null_08839,3120,4080
dummy,null_08840,3168,4080
dummy,null_08841,3360,4080
dummy,null_08842,3408,4080
dummy,null_08843,3552,4080
dummy,null_08844,3600,4080
dummy,null_08845,3696,4080
dummy,null_08846,3888,4080
dummy,null_08847,3984,4080
dummy,null_08848,4032,4080
dummy,null_08849,4080,4080
dummy,null_08850,4128,4080
dummy,null_08851,4224,4080
dummy,null_08852,4272,4080
dummy,null_08853,4320,4080
dummy,null_08854,4416,4080
dummy,null_08855,4608,4080
dummy,null_08856,4656,4080
dummy,null_08857,4704,4080
dummy,null_08858,4896,4080
dummy,null_08859,4944,4080
dummy,null_08860,4992,4080
dummy,null_08861,5040,4080
dummy,null_08862,5136,4080
dummy,null_08863,5184,4080
dummy,null_08864,5232,4080
dummy,null_08865,5280,4080
dummy,null_08866,5328,4080
dummy,null_08867,5472,4080
dummy,null_08868,5808,4080
dummy,null_08869,5856,4080
dummy,null_08870,6048,4080
dummy,null_08871,6096,4080
dummy,null_08872,6240,4080
dummy,null_08873,6288,4080
dummy,null_08874,6384,4080
dummy,null_08875,6672,4080
dummy,null_08876,6720,4080
dummy,null_08877,6768,4080
dummy,null_08878,6864,4080
dummy,null_08879,7008,4080
dummy,null_08880,7152,4080
dummy,null_08881,7248,4080
dummy,null_08882,7296,4080
dummy,null_08883,7392,4080
dummy,null_08884,7440,4080
dummy,null_08885,7536,4080
dummy,null_08886,7584,4080
dummy,null_08887,7632,4080
dummy,null_08888,7680,4080
dummy,null_08889,7920,4080
dummy,null_08890,7968,4080
dummy,null_08891,8016,4080
dummy,null_08892,8064,4080
dummy,null_08893,8352,4080
dummy,null_08894,8400,4080
dummy,null_08895,8448,4080
dummy,null_08896,8544,4080
dummy,null_08897,8640,4080
dummy,null_08898,8688,4080
dummy,null_08899,8784,4080
dummy,null_08900,8832,4080
dummy,null_08901,8880,4080
dummy,null_08902,8976,4080
dummy,null_08903,9024,4080
dummy,null_08904,9168,4080
dummy,null_08905,9216,4080
dummy,null_08906,9312,4080
dummy,null_08907,9360,4080
dummy,null_08908,9504,4080
dummy,null_08909,9552,4080
dummy,null_08910,9600,4080
dummy,null_08911,9744,4080
dummy,null_08912,0,4128
dummy,null_08913,48,4128
dummy,null_08914,240,4128
dummy,null_08915,384,4128
dummy,null_08916,432,4128
dummy,null_08917,480,4128
dummy,null_08918,528,4128
dummy,null_08919,576,4128
dummy,null_08920,624,4128
dummy,null_08921,768,4128
dummy,null_08922,816,4128
dummy,null_08923,864,4128
dummy,null_08924,1008,4128
dummy,null_08925,1056,4128
dummy,null_08926,1152,4128
dummy,null_08927,1200,4128
dummy,null_08928,1392,4128
dummy,null_08929,1440,4128
dummy,null_08930,1536,4128
dummy,null_08931,1632,4128
dummy,null_08932,1680,4128
dummy,null_08933,1872,4128
dummy,null_08934,1920,4128
dummy,null_08935,2016,4128
dummy,null_08936,2160,4128
dummy,null_08937,2352,4128
dummy,null_08938,2400,4128
dummy,null_08939,2496,4128
dummy,null_08940,2544,4128
dummy,null_08941,2640,4128
dummy,null_08942,2736,4128
dummy,null_08943,2832,4128
dummy,null_08944,3024,4128
dummy,null_08945,3072,4128
dummy,null_08946,3120,4128
dummy,null_08947,3216,4128
dummy,null_08948,3312,4128
dummy,null_08949,3408,4128
dummy,null_08950,3552,4128
dummy,null_08951,3600,4128
dummy,null_08952,3696,4128
dummy,null_08953,3744,4128
dummy,null_08954,3792,4128
dummy,null_08955,3840,4128
dummy,null_08956,3936,4128
dummy,null_08957,4032,4128
dummy,null_08958,4128,4128
dummy,null_08959,4176,4128
dummy,null_08960,4464,4128
dummy,null_08961,4512,4128
dummy,null_08962,4560,4128
dummy,null_08963,4608,4128
dummy,null_08964,4656,4128
dummy,null_08965,4704,4128
dummy,null_08966,4800,4128
dummy,null_08967,4992,4128
dummy,null_08968,5040,4128
dummy,null_08969,5280,4128
dummy,null_08970,5376,4128
dummy,null_08971,5424,4128
dummy,null_08972,5520,4128
dummy,null_08973,5616,4128
dummy,null_08974,5760,4128
dummy,null_08975,5808,4128
dummy,null_08976,5856,4128
dummy,null_08977,5904,4128
dummy,null_08978,6096,4128
dummy,null_08979,6144,4128
dummy,null_08980,6336,4128
dummy,null_08981,6384,4128
dummy,null_08982,6432,4128
dummy,null_08983,6528,4128
dummy,null_08984,6576,4128
dummy,null_08985,6624,4128
dummy,null_08986,6672,4128
dummy,null_08987,6768,4128
dummy,null_08988,6816,4128
dummy,null_08989,6864,4128
dummy,null_08990,6960,4128
dummy,null_08991,7104,4128
dummy,null_08992,7296,4128
dummy,null_08993,7536,4128
dummy,null_08994,7632,4128
dummy,null_08995,7728,4128
dummy,null_08996,7776,4128
dummy,null_08997,7824,4128
dummy,null_08998,7920,4128
dummy,null_08999,7968,4128
dummy,null_09000,8064,4128
dummy,null_09001,8112,4128
dummy,null_09002,8208,4128
dummy,null_09003,8256,4128
dummy,null_09004,8304,4128
dummy,null_09005,8352,4128
dummy,null_09006,8400,4128
dummy,null_09007,8592,4128
dummy,null_09008,8736,4128
dummy,null_09009,8784,4128
dummy,null_09010,8928,4128
dummy,null_09011,8976,4128
dummy,null_09012,9072,4128
dummy,null_09013,9120,4128
dummy,null_09014,9168,4128
dummy,null_09015,9264,4128
dummy,null_09016,9360,4128
dummy,null_09017,9456,4128
dummy,null_09018,9552,4128
dummy,null_09019,9840,4128
dummy,null_09020,9936,4128
dummy,null_09021,9984,4128
dummy,null_09022,0,4176
dummy,null_09023,96,4176
dummy,null_09024,144,4176
dummy,null_09025,192,4176
dummy,null_09026,384,4176
dummy,null_09027,480,4176
dummy,null_09028,624,4176
dummy,null_09029,768,4176
dummy,null_09030,816,4176
dummy,null_09031,912,4176
dummy,null_09032,1008,4176
dummy,null_09033,1152,4176
dummy,null_09034,1392,4176
dummy,null_09035,1440,4176
dummy,null_09036,1488,4176
dummy,null_09037,1536,4176
dummy,null_09038,1584,4176
dummy,null_09039,1632,4176
dummy,null_09040,1680,4176
dummy,null_09041,1776,4176
dummy,null_09042,1920,4176
dummy,null_09043,2016,4176
dummy,null_09044,2064,4176
dummy,null_09045,2160,4176
dummy,null_09046,2208,4176
dummy,null_09047,2256,4176
dummy,null_09048,2544,4176
dummy,null_09049,2688,4176
dummy,null_09050,2928,4176
dummy,null_09051,2976,4176
dummy,null_09052,3024,4176
dummy,null_09053,3120,4176
dummy,null_09054,3168,4176
dummy,null_09055,3216,4176
dummy,null_09056,3264,4176
dummy,null_09057,3312,4176
dummy,null_09058,3360,4176
dummy,null_09059,3504,4176
dummy,null_09060,3552,4176
dummy,null_09061,3600,4176
dummy,null_09062,3648,4176
dummy,null_09063,3744,4176
dummy,null_09064,3888,4176
dummy,null_09065,3984,4176
dummy,null_09066,4080,4176
dummy,null_09067,4272,4176
dummy,null_09068,4368,4176
dummy,null_09069,4464,4176
dummy,null_09070,4656,4176
dummy,null_09071,4704,4176
dummy,null_09072,4752,4176
dummy,null_09073,4800,4176
dummy,null_09074,4896,4176
dummy,null_09075,5184,4176
dummy,null_09076,5232,4176
dummy,null_09077,5280,4176
dummy,null_09078,5472,4176
dummy,null_09079,5520,4176
dummy,null_09080,5568,4176
dummy,null_09081,5760,4176
dummy,null_09082,5952,4176
dummy,null_09083,6096,4176
dummy,null_09084,6192,4176
dummy,null_09085,6240,4176
dummy,null_09086,6288,4176
dummy,null_09087,6384,4176
dummy,null_09088,6528,4176
dummy,null_09089,6672,4176
dummy,null_09090,6768,4176
dummy,null_09091,6816,4176
dummy,null_09092,6864,4176
dummy,null_09093,6912,4176
dummy,null_09094,7008,4176
dummy,null_09095,7056,4176
dummy,null_09096,7152,4176
dummy,null_09097,7488,4176
dummy,null_09098,7536,4176
dummy,null_09099,7632,4176
dummy,null_09100,7680,4176
dummy,null_09101,7728,4176
dummy,null_09102,7920,4176
dummy,null_09103,8016,4176
dummy,null_09104,8064,4176
dummy,null_09105,8304,4176
dummy,null_09106,8400,4176
dummy,null_09107,8448,4176
dummy,null_09108,8496,4176
dummy,null_09109,8640,4176
dummy,null_09110,8688,4176
dummy,null_09111,8736,4176
dummy,null_09112,8784,4176
dummy,null_09113,8976,4176
dummy,null_09114,9024,4176
dummy,null_09115,9168,4176
dummy,null_09116,9216,4176
dummy,null_09117,9264,4176
dummy,null_09118,9312,4176
dummy,null_09119,9408,4176
dummy,null_09120,9456,4176
dummy,null_09121,9600,4176
dummy,null_09122,9648,4176
dummy,null_09123,9744,4176
dummy,null_09124,9792,4176
dummy,null_09125,9888,4176
dummy,null_09126,9936,4176
dummy,null_09127,0,4224
dummy,null_09128,144,4224
dummy,null_09129,288,4224
dummy,null_09130,480,4224
dummy,null_09131,624,4224
dummy,null_09132,720,4224
dummy,null_09133,768,4224
dummy,null_09134,864,4224
dummy,null_09135,1008,4224
dummy,null_09136,1056,4224
dummy,null_09137,1152,4224
dummy,null_09138,1200,4224
dummy,null_09139,1344,4224
dummy,null_09140,1488,4224
dummy,null_09141,1536,4224
dummy,null_09142,1680,4224
dummy,null_09143,1728,4224
dummy,null_09144,1920,4224
dummy,null_09145,2064,4224
dummy,null_09146,2208,4224
dummy,null_09147,2352,4224
dummy,null_09148,2400,4224
dummy,null_09149,2448,4224
dummy,null_09150,2496,4224
dummy,null_09151,2640,4224
dummy,null_09152,2736,4224
dummy,null_09153,2880,4224
dummy,null_09154,3072,4224
dummy,null_09155,3216,4224
dummy,null_09156,3264,4224
dummy,null_09157,3312,4224
dummy,null_09158,3456,4224
dummy,null_09159,3504,4224
dummy,null_09160,3696,4224
dummy,null_09161,3888,4224
dummy,null_09162,4032,4224
dummy,null_09163,4080,4224
dummy,null_09164,4176,4224
dummy,null_09165,4416,4224
dummy,null_09166,4512,4224
dummy,null_09167,4608,4224
dummy,null_09168,4992,4224
dummy,null_09169,5088,4224
dummy,null_09170,5136,4224
dummy,null_09171,5232,4224
dummy,null_09172,5376,4224
dummy,null_09173,5424,4224
dummy,null_09174,5616,4224
dummy,null_09175,5712,4224
dummy,null_09176,5760,4224
dummy,null_09177,5856,4224
dummy,null_09178,5904,4224
dummy,null_09179,6096,4224
dummy,null_09180,6192,4224
dummy,null_09181,6240,4224
dummy,null_09182,6288,4224
dummy,null_09183,6384,4224
dummy,null_09184,6576,4224
dummy,null_09185,6672,4224
dummy,null_09186,6720,4224
dummy,null_09187,6816,4224
dummy,null_09188,6864,4224
dummy,null_09189,6912,4224
dummy,null_09190,7056,4224
dummy,null_09191,7104,4224
dummy,null_09192,7152,4224
dummy,null_09193,7200,4224
dummy,null_09194,7344,4224
dummy,null_09195,7536,4224
dummy,null_09196,7584,4224
dummy,null_09197,7632,4224
dummy,null_09198,7680,4224
dummy,null_09199,7728,4224
dummy,null_09200,7920,4224
dummy,null_09201,7968,4224
dummy,null_09202,8064,4224
dummy,null_09203,8112,4224
dummy,null_09204,8256,4224
dummy,null_09205,8592,4224
dummy,null_09206,8832,4224
dummy,null_09207,8880,4224
dummy,null_09208,8928,4224
dummy,null_09209,8976,4224
dummy,null_09210,9024,4224
dummy,null_09211,9072,4224
dummy,null_09212,9264,4224
dummy,null_09213,9312,4224
dummy,null_09214,9360,4224
dummy,null_09215,9504,4224
dummy,null_09216,9552,4224
dummy,null_09217,9600,4224
dummy,null_09218,9696,4224
dummy,null_09219,9744,4224
dummy,null_09220,9792,4224
dummy,null_09221,9840,4224
dummy,null_09222,0,4272
dummy,null_09223,192,4272
dummy,null_09224,240,4272
dummy,null_09225,336,4272
dummy,null_09226,384,4272
dummy,null_09227,432,4272
dummy,null_09228,480,4272
dummy,null_09229,576,4272
dummy,null_09230,624,4272
dummy,null_09231,720,4272
dummy,null_09232,768,4272
dummy,null_09233,1008,4272
dummy,null_09234,1152,4272
dummy,null_09235,1200,4272
dummy,null_09236,1296,4272
dummy,null_09237,1344,4272
dummy,null_09238,1392,4272
dummy,null_09239,1440,4272
dummy,null_09240,1536,4272
dummy,null_09241,1584,4272
dummy,null_09242,1632,4272
dummy,null_09243,1680,4272
dummy,null_09244,1824,4272
dummy,null_09245,1920,4272
dummy,null_09246,2016,4272
dummy,null_09247,2112,4272
dummy,null_09248,2208,4272
dummy,null_09249,2352,4272
dummy,null_09250,2448,4272
dummy,null_09251,2496,4272
dummy,null_09252,2544,4272
dummy,null_09253,2736,4272
dummy,null_09254,2784,4272
dummy,null_09255,2880,4272
dummy,null_09256,2928,4272
dummy,null_09257,2976,4272
dummy,null_09258,3024,4272
dummy,null_09259,3072,4272
dummy,null_09260,3120,4272
dummy,null_09261,3168,4272
dummy,null_09262,3360,4272
dummy,null_09263,3744,4272
dummy,null_09264,4032,4272
dummy,null_09265,4320,4272
dummy,null_09266,4368,4272
dummy,null_09267,4560,4272
dummy,null_09268,4608,4272
dummy,null_09269,4656,4272
dummy,null_09270,4752,4272
dummy,null_09271,4896,4272
dummy,null_09272,5088,4272
dummy,null_09273,5184,4272
dummy,null_09274,5424,4272
dummy,null_09275,5616,4272
dummy,null_09276,5664,4272
dummy,null_09277,5808,4272
dummy,null_09278,5904,4272
dummy,null_09279,5952,4272
dummy,null_09280,6000,4272
dummy,null_09281,6096,4272
dummy,null_09282,6192,4272
dummy,null_09283,6240,4272
dummy,null_09284,6384,4272
dummy,null_09285,6576,4272
dummy,null_09286,6624,4272
dummy,null_09287,6768,4272
dummy,null_09288,6864,4272
dummy,null_09289,7104,4272
dummy,null_09290,7152,4272
dummy,null_09291,7440,4272
dummy,null_09292,7488,4272
dummy,null_09293,7584,4272
dummy,null_09294,7776,4272
dummy,null_09295,7872,4272
dummy,null_09296,7968,4272
dummy,null_09297,8016,4272
dummy,null_09298,8112,4272
dummy,null_09299,8304,4272
dummy,null_09300,8352,4272
dummy,null_09301,8496,4272
dummy,null_09302,8736,4272
dummy,null_09303,8784,4272
dummy,null_09304,8928,4272
dummy,null_09305,8976,4272
dummy,null_09306,9024,4272
dummy,null_09307,9120,4272
dummy,null_09308,9168,4272
dummy,null_09309,9216,4272
dummy,null_09310,9312,4272
dummy,null_09311,9408,4272
dummy,null_09312,9504,4272
dummy,null_09313,9648,4272
dummy,null_09314,9744,4272
dummy,null_09315,9840,4272
dummy,null_09316,9936,4272
dummy,null_09317,9984,4272
dummy,null_09318,0,4320
dummy,null_09319,48,4320
dummy,null_09320,96,4320
dummy,null_09321,240,4320
dummy,null_09322,384,4320
dummy,null_09323,432,4320
dummy,null_09324,624,4320
dummy,null_09325,768,4320
dummy,null_09326,816,4320
dummy,null_09327,960,4320
dummy,null_09328,1200,4320
dummy,null_09329,1344,4320
dummy,null_09330,1392,4320
dummy,null_09331,1488,4320
dummy,null_09332,1584,4320
dummy,null_09333,1632,4320
dummy,null_09334,1680,4320
dummy,null_09335,1776,4320
dummy,null_09336,1920,4320
dummy,null_09337,1968,4320
dummy,null_09338,2016,4320
dummy,null_09339,2064,4320
dummy,null_09340,2256,4320
dummy,null_09341,2304,4320
dummy,null_09342,2400,4320
dummy,null_09343,2592,4320
dummy,null_09344,2688,4320
dummy,null_09345,2928,4320
dummy,null_09346,2976,4320
dummy,null_09347,3024,4320
dummy,null_09348,3072,4320
dummy,null_09349,3120,4320
dummy,null_09350,3168,4320
dummy,null_09351,3312,4320
dummy,null_09352,3360,4320
dummy,null_09353,3408,4320
dummy,null_09354,3456,4320
dummy,null_09355,3552,4320
dummy,null_09356,3648,4320
dummy,null_09357,3696,4320
dummy,null_09358,3744,4320
dummy,null_09359,3888,4320
dummy,null_09360,4128,4320
dummy,null_09361,4272,4320
dummy,null_09362,4320,4320
dummy,null_09363,4368,4320
dummy,null_09364,4416,4320
dummy,null_09365,4512,4320
dummy,null_09366,4560,4320
dummy,null_09367,4608,4320
dummy,null_09368,4704,4320
dummy,null_09369,4752,4320
dummy,null_09370,4992,4320
dummy,null_09371,5040,4320
dummy,null_09372,5088,4320
dummy,null_09373,5136,4320
dummy,null_09374,5184,4320
dummy,null_09375,5280,4320
dummy,null_09376,5328,4320
dummy,null_09377,5472,4320
dummy,null_09378,5520,4320
dummy,null_09379,5664,4320
dummy,null_09380,5712,4320
dummy,null_09381,5760,4320
dummy,null_09382,5856,4320
dummy,null_09383,5904,4320
dummy,null_09384,6048,4320
dummy,null_09385,6096,4320
dummy,null_09386,6144,4320
dummy,null_09387,6192,4320
dummy,null_09388,6336,4320
dummy,null_09389,6528,4320
dummy,null_09390,6576,4320
dummy,null_09391,6768,4320
dummy,null_09392,6816,4320
dummy,null_09393,6912,4320
dummy,null_09394,7104,4320
dummy,null_09395,7296,4320
dummy,null_09396,7344,4320
dummy,null_09397,7392,4320
dummy,null_09398,7440,4320
dummy,null_09399,7536,4320
dummy,null_09400,7584,4320
dummy,null_09401,7632,4320
dummy,null_09402,7680,4320
dummy,null_09403,7776,4320
dummy,null_09404,7968,4320
dummy,null_09405,8016,4320
dummy,null_09406,8160,4320
dummy,null_09407,8208,4320
dummy,null_09408,8304,4320
dummy,null_09409,8352,4320
dummy,null_09410,8400,4320
dummy,null_09411,8448,4320
dummy,null_09412,8496,4320
dummy,null_09413,8592,4320
dummy,null_09414,8640,4320
dummy,null_09415,8736,4320
dummy,null_09416,8784,4320
dummy,null_09417,8880,4320
dummy,null_09418,8928,4320
dummy,null_09419,9120,4320
dummy,null_09420,9168,4320
dummy,null_09421,9408,4320
dummy,null_09422,9504,4320
dummy,null_09423,9600,4320
dummy,null_09424,9696,4320
dummy,null_09425,9744,4320
dummy,null_09426,9792,4320
dummy,null_09427,9840,4320
dummy,null_09428,9888,4320
dummy,null_09429,9936,4320
dummy,null_09430,48,4368
dummy,null_09431,192,4368
dummy,null_09432,384,4368
dummy,null_09433,480,4368
dummy,null_09434,624,4368
dummy,null_09435,768,4368
dummy,null_09436,816,4368
dummy,null_09437,912,4368
dummy,null_09438,1056,4368
dummy,null_09439,1152,4368
dummy,null_09440,1248,4368
dummy,null_09441,1296,4368
dummy,null_09442,1344,4368
dummy,null_09443,1392,4368
dummy,null_09444,1440,4368
dummy,null_09445,1488,4368
dummy,null_09446,1632,4368
dummy,null_09447,1680,4368
dummy,null_09448,1728,4368
dummy,null_09449,1968,4368
dummy,null_09450,2064,4368
dummy,null_09451,2160,4368
dummy,null_09452,2256,4368
dummy,null_09453,2304,4368
dummy,null_09454,2400,4368
dummy,null_09455,2448,4368
dummy,null_09456,2496,4368
dummy,null_09457,2544,4368
dummy,null_09458,2592,4368
dummy,null_09459,2640,4368
dummy,null_09460,2688,4368
dummy,null_09461,2832,4368
dummy,null_09462,3024,4368
dummy,null_09463,3072,4368
dummy,null_09464,3264,4368
dummy,null_09465,3456,4368
dummy,null_09466,3504,4368
dummy,null_09467,3696,4368
dummy,null_09468,3792,4368
dummy,null_09469,3840,4368
dummy,null_09470,3888,4368
dummy,null_09471,3936,4368
dummy,null_09472,4032,4368
dummy,null_09473,4080,4368
dummy,null_09474,4224,4368
dummy,null_09475,4368,4368
dummy,null_09476,4512,4368
dummy,null_09477,4608,4368
dummy,null_09478,4704,4368
dummy,null_09479,4800,4368
dummy,null_09480,4848,4368
dummy,null_09481,4896,4368
dummy,null_09482,4944,4368
dummy,null_09483,4992,4368
dummy,null_09484,5040,4368
dummy,null_09485,5088,4368
dummy,null_09486,5280,4368
dummy,null_09487,5376,4368
dummy,null_09488,5472,4368
dummy,null_09489,5568,4368
dummy,null_09490,5616,4368
dummy,null_09491,5760,4368
dummy,null_09492,5808,4368
dummy,null_09493,5856,4368
dummy,null_09494,5952,4368
dummy,null_09495,6144,4368
dummy,null_09496,6192,4368
dummy,null_09497,6384,4368
dummy,null_09498,6432,4368
dummy,null_09499,6480,4368
dummy,null_09500,6528,4368
dummy,null_09501,6576,4368
dummy,null_09502,6624,4368
dummy,null_09503,6672,4368
dummy,null_09504,6720,4368
dummy,null_09505,6912,4368
dummy,null_09506,6960,4368
dummy,null_09507,7056,4368
dummy,null_09508,7344,4368
dummy,null_09509,7440,4368
dummy,null_09510,7488,4368
dummy,null_09511,7584,4368
dummy,null_09512,7680,4368
dummy,null_09513,7728,4368
dummy,null_09514,7776,4368
dummy,null_09515,7920,4368
dummy,null_09516,8304,4368
dummy,null_09517,8640,4368
dummy,null_09518,8688,4368
dummy,null_09519,8736,4368
dummy,null_09520,8832,4368
dummy,null_09521,8880,4368
dummy,null_09522,8928,4368
dummy,null_09523,8976,4368
dummy,null_09524,9024,4368
dummy,null_09525,9120,4368
dummy,null_09526,9168,4368
dummy,null_09527,9312,4368
dummy,null_09528,9600,4368
dummy,null_09529,9648,4368
dummy,null_09530,9696,4368
dummy,null_09531,9744,4368
dummy,null_09532,9936,4368
dummy,null_09533,0,4416
dummy,null_09534,144,4416
dummy,null_09535,192,4416
dummy,null_09536,384,4416
dummy,null_09537,528,4416
dummy,null_09538,576,4416
dummy,null_09539,624,4416
dummy,null_09540,672,4416
dummy,null_09541,720,4416
dummy,null_09542,816,4416
dummy,null_09543,912,4416
dummy,null_09544,960,4416
dummy,null_09545,1200,4416
dummy,null_09546,1248,4416
dummy,null_09547,1344,4416
dummy,null_09548,1392,4416
dummy,null_09549,1440,4416
dummy,null_09550,1488,4416
dummy,null_09551,1536,4416
dummy,null_09552,1584,4416
dummy,null_09553,1632,4416
dummy,null_09554,1728,4416
dummy,null_09555,2208,4416
dummy,null_09556,2448,4416
dummy,null_09557,2544,4416
dummy,null_09558,2592,4416
dummy,null_09559,2640,4416
dummy,null_09560,2736,4416
dummy,null_09561,2832,4416
dummy,null_09562,2880,4416
dummy,null_09563,3024,4416
dummy,null_09564,3072,4416
dummy,null_09565,3168,4416
dummy,null_09566,3360,4416
dummy,null_09567,3456,4416
dummy,null_09568,3552,4416
dummy,null_09569,3696,4416
dummy,null_09570,3744,4416
dummy,null_09571,3984,4416
dummy,null_09572,4128,4416
dummy,null_09573,4176,4416
dummy,null_09574,4224,4416
dummy,null_09575,4272,4416
dummy,null_09576,4368,4416
dummy,null_09577,4416,4416
dummy,null_09578,4560,4416
dummy,null_09579,4704,4416
dummy,null_09580,4752,4416
dummy,null_09581,4800,4416
dummy,null_09582,4848,4416
dummy,null_09583,4896,4416
dummy,null_09584,5136,4416
dummy,null_09585,5184,4416
dummy,null_09586,5232,4416
dummy,null_09587,5280,4416
dummy,null_09588,5376,4416
dummy,null_09589,5520,4416
dummy,null_09590,5568,4416
dummy,null_09591,5664,4416
dummy,null_09592,5712,4416
dummy,null_09593,5808,4416
dummy,null_09594,5904,4416
dummy,null_09595,6000,4416
dummy,null_09596,6048,4416
dummy,null_09597,6144,4416
dummy,null_09598,6336,4416
dummy,null_09599,6384,4416
dummy,null_09600,6480,4416
dummy,null_09601,6528,4416
dummy,null_09602,6672,4416
dummy,null_09603,6816,4416
dummy,null_09604,6864,4416
dummy,null_09605,6960,4416
dummy,null_09606,7104,4416
dummy,null_09607,7296,4416
dummy,null_09608,7344,4416
dummy,null_09609,7392,4416
dummy,null_09610,7440,4416
dummy,null_09611,7536,4416
dummy,null_09612,7584,4416
dummy,null_09613,7632,4416
dummy,null_09614,7680,4416
dummy,null_09615,7728,4416
dummy,null_09616,7872,4416
dummy,null_09617,7968,4416
dummy,null_09618,8016,4416
dummy,null_09619,8064,4416
dummy,null_09620,8160,4416
dummy,null_09621,8256,4416
dummy,null_09622,8304,4416
dummy,null_09623,8352,4416
dummy,null_09624,8400,4416
dummy,null_09625,8448,4416
dummy,null_09626,8544,4416
dummy,null_09627,8592,4416
dummy,null_09628,8640,4416
dummy,null_09629,8688,4416
dummy,null_09630,8880,4416
dummy,null_09631,8976,4416
dummy,null_09632,9072,4416
dummy,null_09633,9120,4416
dummy,null_09634,9168,4416
dummy,null_09635,9216,4416
dummy,null_09636,9264,4416
dummy,null_09637,9408,4416
dummy,null_09638,9456,4416
dummy,null_09639,9552,4416
dummy,null_09640,9600,4416
dummy,null_09641,9648,4416
dummy,null_09642,9792,4416
dummy,null_09643,9840,4416
dummy,null_09644,0,4464
dummy,null_09645,240,4464
dummy,null_09646,336,4464
dummy,null_09647,432,4464
dummy,null_09648,480,4464
dummy,null_09649,624,4464
dummy,null_09650,672,4464
dummy,null_09651,816,4464
dummy,null_09652,912,4464
dummy,null_09653,960,4464
dummy,null_09654,1008,4464
dummy,null_09655,1152,4464
dummy,null_09656,1200,4464
dummy,null_09657,1392,4464
dummy,null_09658,1488,4464
dummy,null_09659,1584,4464
dummy,null_09660,1680,4464
dummy,null_09661,1728,4464
dummy,null_09662,1872,4464
dummy,null_09663,1920,4464
dummy,null_09664,2160,4464
dummy,null_09665,2256,4464
dummy,null_09666,2496,4464
dummy,null_09667,2688,4464
dummy,null_09668,2736,4464
dummy,null_09669,2784,4464
dummy,null_09670,2832,4464
dummy,null_09671,2976,4464
dummy,null_09672,3024,4464
dummy,null_09673,3120,4464
dummy,null_09674,3216,4464
dummy,null_09675,3312,4464
dummy,null_09676,3360,4464
dummy,null_09677,3504,4464
dummy,null_09678,3600,4464
dummy,null_09679,3648,4464
dummy,null_09680,3696,4464
dummy,null_09681,3744,4464
dummy,null_09682,3792,4464
dummy,null_09683,3888,4464
dummy,null_09684,4080,4464
dummy,null_09685,4224,4464
dummy,null_09686,4320,4464
dummy,null_09687,4368,4464
dummy,null_09688,4512,4464
dummy,null_09689,4608,4464
dummy,null_09690,4656,4464
dummy,null_09691,4704,4464
dummy,null_09692,4848,4464
dummy,null_09693,4896,4464
dummy,null_09694,4944,4464
dummy,null_09695,5040,4464
dummy,null_09696,5088,4464
dummy,null_09697,5136,4464
dummy,null_09698,5184,4464
dummy,null_09699,5328,4464
dummy,null_09700,5472,4464
dummy,null_09701,5520,4464
dummy,null_09702,5760,4464
dummy,null_09703,5808,4464
dummy,null_09704,5856,4464
dummy,null_09705,5904,4464
dummy,null_09706,6096,4464
dummy,null_09707,6192,4464
dummy,null_09708,6336,4464
dummy,null_09709,6480,4464
dummy,null_09710,6576,4464
dummy,null_09711,6624,4464
dummy,null_09712,6672,4464
dummy,null_09713,6768,4464
dummy,null_09714,6912,4464
dummy,null_09715,7008,4464
dummy,null_09716,7056,4464
dummy,null_09717,7344,4464
dummy,null_09718,7440,4464
dummy,null_09719,7536,4464
dummy,null_09720,7584,4464
dummy,null_09721,7632,4464
dummy,null_09722,7680,4464
dummy,null_09723,7728,4464
dummy,null_09724,7872,4464
dummy,null_09725,7920,4464
dummy,null_09726,7968,4464
dummy,null_09727,8208,4464
dummy,null_09728,8304,4464
dummy,null_09729,8352,4464
dummy,null_09730,8448,4464
dummy,null_09731,8496,4464
dummy,null_09732,8592,4464
dummy,null_09733,8640,4464
dummy,null_09734,8688,4464
dummy,null_09735,8784,4464
dummy,null_09736,8928,4464
dummy,null_09737,8976,4464
dummy,null_09738,9024,4464
dummy,null_09739,9072,4464
dummy,null_09740,9120,4464
dummy,null_09741,9168,4464
dummy,null_09742,9216,4464
dummy,null_09743,9264,4464
dummy,null_09744,9408,4464
dummy,null_09745,9552,4464
dummy,null_09746,9792,4464
dummy,null_09747,9888,4464
dummy,null_09748,9984,4464
dummy,null_09749,48,4512
dummy,null_09750,144,4512
dummy,null_09751,192,4512
dummy,null_09752,288,4512
dummy,null_09753,336,4512
dummy,null_09754,384,4512
dummy,null_09755,432,4512
dummy,null_09756,480,4512
dummy,null_09757,576,4512
dummy,null_09758,624,4512
dummy,null_09759,768,4512
dummy,null_09760,816,4512
dummy,null_09761,864,4512
dummy,null_09762,1008,4512
dummy,null_09763,1056,4512
dummy,null_09764,1152,4512
dummy,null_09765,1344,4512
dummy,null_09766,1536,4512
dummy,null_09767,1584,4512
dummy,null_09768,1680,4512
dummy,null_09769,1776,4512
dummy,null_09770,1872,4512
dummy,null_09771,1968,4512
dummy,null_09772,2064,4512
dummy,null_09773,2208,4512
dummy,null_09774,2256,4512
dummy,null_09775,2400,4512
dummy,null_09776,2544,4512
dummy,null_09777,2688,4512
dummy,null_09778,2832,4512
dummy,null_09779,2976,4512
dummy,null_09780,3120,4512
dummy,null_09781,3264,4512
dummy,null_09782,3408,4512
dummy,null_09783,3648,4512
dummy,null_09784,3744,4512
dummy,null_09785,3792,4512
dummy,null_09786,3888,4512
dummy,null_09787,3936,4512
dummy,null_09788,3984,4512
dummy,null_09789,4032,4512
dummy,null_09790,4080,4512
dummy,null_09791,4272,4512
dummy,null_09792,4368,4512
dummy,null_09793,4416,4512
dummy,null_09794,4608,4512
dummy,null_09795,4656,4512
dummy,null_09796,4752,4512
dummy,null_09797,4800,4512
dummy,null_09798,4896,4512
dummy,null_09799,4992,4512
dummy,null_09800,5088,4512
dummy,null_09801,5280,4512
dummy,null_09802,5424,4512
dummy,null_09803,5472,4512
dummy,null_09804,5520,4512
dummy,null_09805,5568,4512
dummy,null_09806,5616,4512
dummy,null_09807,5808,4512
dummy,null_09808,5856,4512
dummy,null_09809,5952,4512
dummy,null_09810,6000,4512
dummy,null_09811,6144,4512
dummy,null_09812,6192,4512
dummy,null_09813,6288,4512
dummy,null_09814,6336,4512
dummy,null_09815,6432,4512
dummy,null_09816,6528,4512
dummy,null_09817,6576,4512
dummy,null_09818,6624,4512
dummy,null_09819,6672,4512
dummy,null_09820,6720,4512
dummy,null_09821,6768,4512
dummy,null_09822,6912,4512
dummy,null_09823,7104,4512
dummy,null_09824,7440,4512
dummy,null_09825,7488,4512
dummy,null_09826,7536,4512
dummy,null_09827,7680,4512
dummy,null_09828,7776,4512
dummy,null_09829,7824,4512
dummy,null_09830,7872,4512
dummy,null_09831,8064,4512
dummy,null_09832,8160,4512
dummy,null_09833,8400,4512
dummy,null_09834,8496,4512
dummy,null_09835,8544,4512
dummy,null_09836,8688,4512
dummy,null_09837,8880,4512
dummy,null_09838,8928,4512
dummy,null_09839,9024,4512
dummy,null_09840,9120,4512
dummy,null_09841,9168,4512
dummy,null_09842,9216,4512
dummy,null_09843,9264,4512
dummy,null_09844,9408,4512
dummy,null_09845,9456,4512
dummy,null_09846,9552,4512
dummy,null_09847,9600,4512
dummy,null_09848,9744,4512
dummy,null_09849,9792,4512
dummy,null_09850,9840,4512
dummy,null_09851,9888,4512
dummy,null_09852,9936,4512
dummy,null_09853,9984,4512
dummy,null_09854,0,4560
dummy,null_09855,96,4560
dummy,null_09856,240,4560
dummy,null_09857,288,4560
dummy,null_09858,384,4560
dummy,null_09859,432,4560
dummy,null_09860,528,4560
dummy,null_09861,576,4560
dummy,null_09862,672,4560
dummy,null_09863,816,4560
dummy,null_09864,864,4560
dummy,null_09865,912,4560
dummy,null_09866,1248,4560
dummy,null_09867,1296,4560
dummy,null_09868,1344,4560
dummy,null_09869,1392,4560
dummy,null_09870,1440,4560
dummy,null_09871,1488,4560
dummy,null_09872,1584,4560
dummy,null_09873,1728,4560
dummy,null_09874,1872,4560
dummy,null_09875,1920,4560
dummy,null_09876,1968,4560
dummy,null_09877,2016,4560
dummy,null_09878,2208,4560
dummy,null_09879,2256,4560
dummy,null_09880,2304,4560
dummy,null_09881,2592,4560
dummy,null_09882,2640,4560
dummy,null_09883,2736,4560
dummy,null_09884,2880,4560
dummy,null_09885,2928,4560
dummy,null_09886,2976,4560
dummy,null_09887,3072,4560
dummy,null_09888,3120,4560
dummy,null_09889,3168,4560
dummy,null_09890,3216,4560
dummy,null_09891,3312,4560
dummy,null_09892,3360,4560
dummy,null_09893,3504,4560
dummy,null_09894,3744,4560
dummy,null_09895,3936,4560
dummy,null_09896,3984,4560
dummy,null_09897,4080,4560
dummy,null_09898,4128,4560
dummy,null_09899,4176,4560
dummy,null_09900,4224,4560
dummy,null_09901,4272,4560
dummy,null_09902,4320,4560
dummy,null_09903,4368,4560
dummy,null_09904,4464,4560
dummy,null_09905,4512,4560
dummy,null_09906,4560,4560
dummy,null_09907,4656,4560
dummy,null_09908,4752,4560
dummy,null_09909,4896,4560
dummy,null_09910,4944,4560
dummy,null_09911,4992,4560
dummy,null_09912,5040,4560
dummy,null_09913,5088,4560
dummy,null_09914,5232,4560
dummy,null_09915,5472,4560
dummy,null_09916,5616,4560
dummy,null_09917,5712,4560
dummy,null_09918,5760,4560
dummy,null_09919,5808,4560
dummy,null_09920,5952,4560
dummy,null_09921,6000,4560
dummy,null_09922,6048,4560
dummy,null_09923,6096,4560
dummy,null_09924,6240,4560
dummy,null_09925,6336,4560
dummy,null_09926,6384,4560
dummy,null_09927,6432,4560
dummy,null_09928,6480,4560
dummy,null_09929,6576,4560
dummy,null_09930,6624,4560
dummy,null_09931,6720,4560
dummy,null_09932,6912,4560
dummy,null_09933,7008,4560
dummy,null_09934,7104,4560
dummy,null_09935,7152,4560
dummy,null_09936,7392,4560
dummy,null_09937,7440,4560
dummy,null_09938,7488,4560
dummy,null_09939,7584,4560
dummy,null_09940,7632,4560
dummy,null_09941,7728,4560
dummy,null_09942,7776,4560
dummy,null_09943,7872,4560
dummy,null_09944,8016,4560
dummy,null_09945,8304,4560
dummy,null_09946,8352,4560
dummy,null_09947,8496,4560
dummy,null_09948,8544,4560
dummy,null_09949,8592,4560
dummy,null_09950,8640,4560
dummy,null_09951,8736,4560
dummy,null_09952,8976,4560
dummy,null_09953,9024,4560
dummy,null_09954,9072,4560
dummy,null_09955,9120,4560
dummy,null_09956,9168,4560
dummy,null_09957,9312,4560
dummy,null_09958,9360,4560
dummy,null_09959,9408,4560
dummy,null_09960,9648,4560
dummy,null_09961,9744,4560
dummy,null_09962,9792,4560
dummy,null_09963,144,4608
dummy,null_09964,240,4608
dummy,null_09965,288,4608
dummy,null_09966,336,4608
dummy,null_09967,384,4608
dummy,null_09968,432,4608
dummy,null_09969,480,4608
dummy,null_09970,576,4608
dummy,null_09971,672,4608
dummy,null_09972,816,4608
dummy,null_09973,864,4608
dummy,null_09974,1104,4608
dummy,null_09975,1296,4608
dummy,null_09976,1392,4608
dummy,null_09977,1440,4608
dummy,null_09978,1536,4608
dummy,null_09979,1584,4608
dummy,null_09980,1632,4608
dummy,null_09981,1824,4608
dummy,null_09982,1872,4608
dummy,null_09983,1920,4608
dummy,null_09984,2112,4608
dummy,null_09985,2160,4608
dummy,null_09986,2208,4608
dummy,null_09987,2256,4608
dummy,null_09988,2352,4608
dummy,null_09989,2448,4608
dummy,null_09990,2544,4608
dummy,null_09991,2736,4608
dummy,null_09992,2832,4608
dummy,null_09993,3024,4608
dummy,null_09994,3072,4608
dummy,null_09995,3168,4608
dummy,null_09996,3216,4608
dummy,null_09997,3312,4608
dummy,null_09998,3552,4608
dummy,null_09999,3648,4608
dummy,null_10000,3888,4608
dummy,null_10001,3936,4608
dummy,null_10002,4032,4608
dummy,null_10003,4080,4608
dummy,null_10004,4464,4608
dummy,null_10005,4512,4608
dummy,null_10006,4560,4608
dummy,null_10007,4752,4608
dummy,null_10008,4800,4608
dummy,null_10009,4848,4608
dummy,null_10010,4944,4608
dummy,null_10011,5040,4608
dummy,null_10012,5280,4608
dummy,null_10013,5376,4608
dummy,null_10014,5472,4608
dummy,null_10015,5568,4608
dummy,null_10016,5760,4608
dummy,null_10017,5808,4608
dummy,null_10018,5856,4608
dummy,null_10019,5952,4608
dummy,null_10020,6000,4608
dummy,null_10021,6096,4608
dummy,null_10022,6240,4608
dummy,null_10023,6336,4608
dummy,null_10024,6528,4608
dummy,null_10025,6576,4608
dummy,null_10026,6912,4608
dummy,null_10027,7056,4608
dummy,null_10028,7152,4608
dummy,null_10029,7200,4608
dummy,null_10030,7344,4608
dummy,null_10031,7488,4608
dummy,null_10032,7536,4608
dummy,null_10033,7632,4608
dummy,null_10034,7680,4608
dummy,null_10035,7728,4608
dummy,null_10036,7776,4608
dummy,null_10037,7968,4608
dummy,null_10038,8016,4608
dummy,null_10039,8064,4608
dummy,null_10040,8112,4608
dummy,null_10041,8160,4608
dummy,null_10042,8256,4608
dummy,null_10043,8448,4608
dummy,null_10044,8544,4608
dummy,null_10045,8640,4608
dummy,null_10046,8784,4608
dummy,null_10047,8880,4608
dummy,null_10048,8976,4608
dummy,null_10049,9072,4608
dummy,null_10050,9120,4608
dummy,null_10051,9264,4608
dummy,null_10052,9360,4608
dummy,null_10053,9408,4608
dummy,null_10054,9456,4608
dummy,null_10055,9600,4608
dummy,null_10056,9744,4608
dummy,null_10057,9792,4608
dummy,null_10058,9888,4608
dummy,null_10059,0,4656
dummy,null_10060,48,4656
dummy,null_10061,96,4656
dummy,null_10062,288,4656
dummy,null_10063,336,4656
dummy,null_10064,480,4656
dummy,null_10065,576,4656
dummy,null_10066,624,4656
dummy,null_10067,816,4656
dummy,null_10068,912,4656
dummy,null_10069,960,4656
dummy,null_10070,1008,4656
dummy,null_10071,1152,4656
dummy,null_10072,1248,4656
dummy,null_10073,1440,4656
dummy,null_10074,1584,4656
dummy,null_10075,1680,4656
dummy,null_10076,1728,4656
dummy,null_10077,1776,4656
dummy,null_10078,1872,4656
dummy,null_10079,1968,4656
dummy,null_10080,2016,4656
dummy,null_10081,2112,4656
dummy,null_10082,2160,4656
dummy,null_10083,2256,4656
dummy,null_10084,2304,4656
dummy,null_10085,2544,4656
dummy,null_10086,2592,4656
dummy,null_10087,2640,4656
dummy,null_10088,2736,4656
dummy,null_10089,2832,4656
dummy,null_10090,2880,4656
dummy,null_10091,2928,4656
dummy,null_10092,2976,4656
dummy,null_10093,3024,4656
dummy,null_10094,3072,4656
dummy,null_10095,3120,4656
dummy,null_10096,3168,4656
dummy,null_10097,3312,4656
dummy,null_10098,3360,4656
dummy,null_10099,3408,4656
dummy,null_10100,3600,4656
dummy,null_10101,3792,4656
dummy,null_10102,3840,4656
dummy,null_10103,3936,4656
dummy,null_10104,3984,4656
dummy,null_10105,4080,4656
dummy,null_10106,4128,4656
dummy,null_10107,4224,4656
dummy,null_10108,4272,4656
dummy,null_10109,4320,4656
dummy,null_10110,4368,4656
dummy,null_10111,4416,4656
dummy,null_10112,4656,4656
dummy,null_10113,4752,4656
dummy,null_10114,4800,4656
dummy,null_10115,4896,4656
dummy,null_10116,5328,4656
dummy,null_10117,5376,4656
dummy,null_10118,5424,4656
dummy,null_10119,5568,4656
dummy,null_10120,5616,4656
dummy,null_10121,5712,4656
dummy,null_10122,5904,4656
dummy,null_10123,5952,4656
dummy,null_10124,6288,4656
dummy,null_10125,6480,4656
dummy,null_10126,6528,4656
dummy,null_10127,6624,4656
dummy,null_10128,6768,4656
dummy,null_10129,6960,4656
dummy,null_10130,7008,4656
dummy,null_10131,7152,4656
dummy,null_10132,7248,4656
dummy,null_10133,7344,4656
dummy,null_10134,7392,4656
dummy,null_10135,7440,4656
dummy,null_10136,7488,4656
dummy,null_10137,7632,4656
dummy,null_10138,7680,4656
dummy,null_10139,7728,4656
dummy,null_10140,7872,4656
dummy,null_10141,7920,4656
dummy,null_10142,8064,4656
dummy,null_10143,8112,4656
dummy,null_10144,8208,4656
dummy,null_10145,8304,4656
dummy,null_10146,8400,4656
dummy,null_10147,8496,4656
dummy,null_10148,8736,4656
dummy,null_10149,8784,4656
dummy,null_10150,8880,4656
dummy,null_10151,8976,4656
dummy,null_10152,9072,4656
dummy,null_10153,9168,4656
dummy,null_10154,9264,4656
dummy,null_10155,9552,4656
dummy,null_10156,9600,4656
dummy,null_10157,9696,4656
dummy,null_10158,9840,4656
dummy,null_10159,9888,4656
dummy,null_10160,9936,4656
dummy,null_10161,0,4704
dummy,null_10162,96,4704
dummy,null_10163,144,4704
dummy,null_10164,240,4704
dummy,null_10165,288,4704
dummy,null_10166,432,4704
dummy,null_10167,624,4704
dummy,null_10168,720,4704
dummy,null_10169,768,4704
dummy,null_10170,960,4704
dummy,null_10171,1008,4704
dummy,null_10172,1104,4704
dummy,null_10173,1296,4704
dummy,null_10174,1488,4704
dummy,null_10175,1536,4704
dummy,null_10176,1632,4704
dummy,null_10177,1728,4704
dummy,null_10178,1776,4704
dummy,null_10179,1920,4704
dummy,null_10180,1968,4704
dummy,null_10181,2064,4704
dummy,null_10182,2208,4704
dummy,null_10183,2256,4704
dummy,null_10184,2352,4704
dummy,null_10185,2688,4704
dummy,null_10186,2736,4704
dummy,null_10187,2976,4704
dummy,null_10188,3024,4704
dummy,null_10189,3072,4704
dummy,null_10190,3120,4704
dummy,null_10191,3168,4704
dummy,null_10192,3216,4704
dummy,null_10193,3264,4704
dummy,null_10194,3312,4704
dummy,null_10195,3648,4704
dummy,null_10196,3792,4704
dummy,null_10197,3888,4704
dummy,null_10198,3936,4704
dummy,null_10199,4032,4704
dummy,null_10200,4080,4704
dummy,null_10201,4176,4704
dummy,null_10202,4368,4704
dummy,null_10203,4464,4704
dummy,null_10204,4512,4704
dummy,null_10205,4608,4704
dummy,null_10206,4656,4704
dummy,null_10207,4704,4704
dummy,null_10208,4800,4704
dummy,null_10209,4992,4704
dummy,null_10210,5040,4704
dummy,null_10211,5088,4704
dummy,null_10212,5424,4704
dummy,null_10213,5520,4704
dummy,null_10214,5568,4704
dummy,null_10215,5616,4704
dummy,null_10216,5664,4704
dummy,null_10217,5712,4704
dummy,null_10218,5904,4704
dummy,null_10219,5952,4704
dummy,null_10220,6000,4704
dummy,null_10221,6192,4704
dummy,null_10222,6240,4704
dummy,null_10223,6672,4704
dummy,null_10224,6816,4704
dummy,null_10225,6912,4704
dummy,null_10226,6960,4704
dummy,null_10227,7056,4704
dummy,null_10228,7104,4704
dummy,null_10229,7392,4704
dummy,null_10230,7488,4704
dummy,null_10231,7536,4704
dummy,null_10232,7632,4704
dummy,null_10233,7728,4704
dummy,null_10234,7776,4704
dummy,null_10235,7872,4704
dummy,null_10236,8256,4704
dummy,null_10237,8304,4704
dummy,null_10238,8352,4704
dummy,null_10239,8448,4704
dummy,null_10240,8592,4704
dummy,null_10241,8640,4704
dummy,null_10242,8688,4704
dummy,null_10243,8736,4704
dummy,null_10244,8832,4704
dummy,null_10245,8928,4704
dummy,null_10246,9072,4704
dummy,null_10247,9168,4704
dummy,null_10248,9312,4704
dummy,null_10249,9360,4704
dummy,null_10250,9408,4704
dummy,null_10251,9504,4704
dummy,null_10252,9792,4704
dummy,null_10253,9936,4704
dummy,null_10254,9984,4704
dummy,null_10255,0,4752
dummy,null_10256,96,4752
dummy,null_10257,144,4752
dummy,null_10258,192,4752
dummy,null_10259,240,4752
dummy,null_10260,288,4752
dummy,null_10261,384,4752
dummy,null_10262,480,4752
dummy,null_10263,528,4752
dummy,null_10264,624,4752
dummy,null_10265,672,4752
dummy,null_10266,720,4752
dummy,null_10267,768,4752
dummy,null_10268,864,4752
dummy,null_10269,960,4752
dummy,null_10270,1008,4752
dummy,null_10271,1440,4752
dummy,null_10272,1536,4752
dummy,null_10273,1584,4752
dummy,null_10274,1824,4752
dummy,null_10275,1872,4752
dummy,null_10276,1920,4752
dummy,null_10277,2064,4752
dummy,null_10278,2112,4752
dummy,null_10279,2160,4752
dummy,null_10280,2256,4752
dummy,null_10281,2496,4752
dummy,null_10282,2544,4752
dummy,null_10283,2592,4752
dummy,null_10284,2640,4752
dummy,null_10285,2688,4752
dummy,null_10286,2736,4752
dummy,null_10287,2784,4752
dummy,null_10288,2880,4752
dummy,null_10289,2928,4752
dummy,null_10290,2976,4752
dummy,null_10291,3072,4752
dummy,null_10292,3120,4752
dummy,null_10293,3216,4752
dummy,null_10294,3312,4752
dummy,null_10295,3696,4752
dummy,null_10296,3744,4752
dummy,null_10297,3792,4752
dummy,null_10298,3888,4752
dummy,null_10299,3936,4752
dummy,null_10300,4080,4752
dummy,null_10301,4320,4752
dummy,null_10302,4416,4752
dummy,null_10303,4704,4752
dummy,null_10304,4752,4752
dummy,null_10305,4800,4752
dummy,null_10306,4848,4752
dummy,null_10307,4896,4752
dummy,null_10308,4944,4752
dummy,null_10309,5232,4752
dummy,null_10310,5424,4752
dummy,null_10311,5472,4752
dummy,null_10312,5568,4752
dummy,null_10313,5712,4752
dummy,null_10314,5760,4752
dummy,null_10315,5808,4752
dummy,null_10316,5856,4752
dummy,null_10317,5952,4752
dummy,null_10318,6000,4752
dummy,null_10319,6144,4752
dummy,null_10320,6192,4752
dummy,null_10321,6240,4752
dummy,null_10322,6384,4752
dummy,null_10323,6624,4752
dummy,null_10324,6720,4752
dummy,null_10325,6816,4752
dummy,null_10326,6864,4752
dummy,null_10327,6912,4752
dummy,null_10328,6960,4752
dummy,null_10329,7008,4752
dummy,null_10330,7056,4752
dummy,null_10331,7104,4752
dummy,null_10332,7248,4752
dummy,null_10333,7344,4752
dummy,null_10334,7392,4752
dummy,null_10335,7536,4752
dummy,null_10336,7584,4752
dummy,null_10337,7632,4752
dummy,null_10338,7728,4752
dummy,null_10339,7776,4752
dummy,null_10340,7824,4752
dummy,null_10341,8016,4752
dummy,null_10342,8064,4752
dummy,null_10343,8304,4752
dummy,null_10344,8352,4752
dummy,null_10345,8400,4752
dummy,null_10346,8544,4752
dummy,null_10347,8640,4752
dummy,null_10348,8688,4752
dummy,null_10349,8784,4752
dummy,null_10350,8880,4752
dummy,null_10351,8976,4752
dummy,null_10352,9024,4752
dummy,null_10353,9168,4752
dummy,null_10354,9312,4752
dummy,null_10355,9360,4752
dummy,null_10356,9504,4752
dummy,null_10357,9600,4752
dummy,null_10358,9696,4752
dummy,null_10359,9744,4752
dummy,null_10360,9792,4752
dummy,null_10361,9840,4752
dummy,null_10362,9888,4752
dummy,null_10363,9936,4752
dummy,null_10364,9984,4752
dummy,null_10365,0,4800
dummy,null_10366,144,4800
dummy,null_10367,192,4800
dummy,null_10368,240,4800
dummy,null_10369,288,4800
dummy,null_10370,336,4800
dummy,null_10371,384,4800
dummy,null_10372,432,4800
dummy,null_10373,576,4800
dummy,null_10374,672,4800
dummy,null_10375,720,4800
dummy,null_10376,864,4800
dummy,null_10377,912,4800
dummy,null_10378,960,4800
dummy,null_10379,1008,4800
dummy,null_10380,1104,4800
dummy,null_10381,1200,4800
dummy,null_10382,1392,4800
dummy,null_10383,1488,4800
dummy,null_10384,1776,4800
dummy,null_10385,1920,4800
dummy,null_10386,1968,4800
dummy,null_10387,2016,4800
dummy,null_10388,2064,4800
dummy,null_10389,2208,4800
dummy,null_10390,2256,4800
dummy,null_10391,2544,4800
dummy,null_10392,2688,4800
dummy,null_10393,2736,4800
dummy,null_10394,2784,4800
dummy,null_10395,2832,4800
dummy,null_10396,2880,4800
dummy,null_10397,2928,4800
dummy,null_10398,3168,4800
dummy,null_10399,3216,4800
dummy,null_10400,3360,4800
dummy,null_10401,3408,4800
dummy,null_10402,3552,4800
dummy,null_10403,3648,4800
dummy,null_10404,3744,4800
dummy,null_10405,3888,4800
dummy,null_10406,3936,4800
dummy,null_10407,3984,4800
dummy,null_10408,4032,4800
dummy,null_10409,4224,4800
dummy,null_10410,4272,4800
dummy,null_10411,4368,4800
dummy,null_10412,4416,4800
dummy,null_10413,4464,4800
dummy,null_10414,4560,4800
dummy,null_10415,4752,4800
dummy,null_10416,5280,4800
dummy,null_10417,5472,4800
dummy,null_10418,5520,4800
dummy,null_10419,5568,4800
dummy,null_10420,5616,4800
dummy,null_10421,5664,4800
dummy,null_10422,5712,4800
dummy,null_10423,5760,4800
dummy,null_10424,5808,4800
dummy,null_10425,5856,4800
dummy,null_10426,6576,4800
dummy,null_10427,6624,4800
dummy,null_10428,6672,4800
dummy,null_10429,6720,4800
dummy,null_10430,6768,4800
dummy,null_10431,6816,4800
dummy,null_10432,6864,4800
dummy,null_10433,6960,4800
dummy,null_10434,7008,4800
dummy,null_10435,7056,4800
dummy,null_10436,7296,4800
dummy,null_10437,7344,4800
dummy,null_10438,7488,4800
dummy,null_10439,7536,4800
dummy,null_10440,7584,4800
dummy,null_10441,7632,4800
dummy,null_10442,7680,4800
dummy,null_10443,7728,4800
dummy,null_10444,7776,4800
dummy,null_10445,7872,4800
dummy,null_10446,7920,4800
dummy,null_10447,8016,4800
dummy,null_10448,8064,4800
dummy,null_10449,8304,4800
dummy,null_10450,8352,4800
dummy,null_10451,8400,4800
dummy,null_10452,8496,4800
dummy,null_10453,8544,4800
dummy,null_10454,8640,4800
dummy,null_10455,8784,4800
dummy,null_10456,8832,4800
dummy,null_10457,8880,4800
dummy,null_10458,9072,4800
dummy,null_10459,9120,4800
dummy,null_10460,9552,4800
dummy,null_10461,9648,4800
dummy,null_10462,9840,4800
dummy,null_10463,9936,4800
dummy,null_10464,9984,4800
dummy,null_10465,0,4848
dummy,null_10466,48,4848
dummy,null_10467,96,4848
dummy,null_10468,192,4848
dummy,null_10469,384,4848
dummy,null_10470,480,4848
dummy,null_10471,528,4848
dummy,null_10472,768,4848
dummy,null_10473,816,4848
dummy,null_10474,912,4848
dummy,null_10475,1008,4848
dummy,null_10476,1104,4848
dummy,null_10477,1248,4848
dummy,null_10478,1440,4848
dummy,null_10479,1536,4848
dummy,null_10480,1584,4848
dummy,null_10481,1776,4848
dummy,null_10482,1872,4848
dummy,null_10483,1920,4848
dummy,null_10484,2400,4848
dummy,null_10485,2640,4848
dummy,null_10486,2688,4848
dummy,null_10487,2736,4848
dummy,null_10488,2832,4848
dummy,null_10489,2928,4848
dummy,null_10490,2976,4848
dummy,null_10491,3024,4848
dummy,null_10492,3264,4848
dummy,null_10493,3408,4848
dummy,null_10494,3456,4848
dummy,null_10495,3504,4848
dummy,null_10496,3888,4848
dummy,null_10497,4080,4848
dummy,null_10498,4128,4848
dummy,null_10499,4224,4848
dummy,null_10500,4368,4848
dummy,null_10501,4416,4848
dummy,null_10502,4464,4848
dummy,null_10503,4608,4848
dummy,null_10504,4800,4848
dummy,null_10505,4896,4848
dummy,null_10506,4944,4848
dummy,null_10507,4992,4848
dummy,null_10508,5088,4848
dummy,null_10509,5136,4848
dummy,null_10510,5232,4848
dummy,null_10511,5472,4848
dummy,null_10512,5520,4848
dummy,null_10513,5616,4848
dummy,null_10514,5712,4848
dummy,null_10515,5856,4848
dummy,null_10516,6096,4848
dummy,null_10517,6192,4848
dummy,null_10518,6240,4848
dummy,null_10519,6576,4848
dummy,null_10520,6672,4848
dummy,null_10521,6720,4848
dummy,null_10522,6768,4848
dummy,null_10523,6816,4848
dummy,null_10524,6912,4848
dummy,null_10525,6960,4848
dummy,null_10526,7008,4848
dummy,null_10527,7104,4848
dummy,null_10528,7248,4848
dummy,null_10529,7392,4848
dummy,null_10530,7488,4848
dummy,null_10531,7536,4848
dummy,null_10532,7584,4848
dummy,null_10533,7680,4848
dummy,null_10534,7728,4848
dummy,null_10535,7776,4848
dummy,null_10536,7872,4848
dummy,null_10537,7920,4848
dummy,null_10538,7968,4848
dummy,null_10539,8016,4848
dummy,null_10540,8064,4848
dummy,null_10541,8112,4848
dummy,null_10542,8208,4848
dummy,null_10543,8304,4848
dummy,null_10544,8880,4848
dummy,null_10545,8976,4848
dummy,null_10546,9024,4848
dummy,null_10547,9120,4848
dummy,null_10548,9168,4848
dummy,null_10549,9216,4848
dummy,null_10550,9264,4848
dummy,null_10551,9408,4848
dummy,null_10552,9456,4848
dummy,null_10553,9504,4848
dummy,null_10554,9552,4848
dummy,null_10555,9648,4848
dummy,null_10556,9792,4848
dummy,null_10557,9840,4848
dummy,null_10558,0,4896
dummy,null_10559,48,4896
dummy,null_10560,240,4896
dummy,null_10561,528,4896
dummy,null_10562,576,4896
dummy,null_10563,720,4896
dummy,null_10564,768,4896
dummy,null_10565,816,4896
dummy,null_10566,912,4896
dummy,null_10567,1104,4896
dummy,null_10568,1296,4896
dummy,null_10569,1392,4896
dummy,null_10570,1488,4896
dummy,null_10571,1680,4896
dummy,null_10572,1776,4896
dummy,null_10573,1872,4896
dummy,null_10574,1920,4896
dummy,null_10575,2016,4896
dummy,null_10576,2064,4896
dummy,null_10577,2112,4896
dummy,null_10578,2544,4896
dummy,null_10579,2736,4896
dummy,null_10580,2784,4896
dummy,null_10581,2832,4896
dummy,null_10582,2928,4896
dummy,null_10583,3024,4896
dummy,null_10584,3072,4896
dummy,null_10585,3120,4896
dummy,null_10586,3312,4896
dummy,null_10587,3360,4896
dummy,null_10588,3408,4896
dummy,null_10589,3456,4896
dummy,null_10590,3648,4896
dummy,null_10591,3936,4896
dummy,null_10592,3984,4896
dummy,null_10593,4080,4896
dummy,null_10594,4128,4896
dummy,null_10595,4224,4896
dummy,null_10596,4368,4896
dummy,null_10597,4416,4896
dummy,null_10598,4464,4896
dummy,null_10599,4560,4896
dummy,null_10600,4944,4896
dummy,null_10601,5088,4896
dummy,null_10602,5280,4896
dummy,null_10603,5376,4896
dummy,null_10604,5424,4896
dummy,null_10605,5472,4896
dummy,null_10606,5520,4896
dummy,null_10607,5712,4896
dummy,null_10608,5760,4896
dummy,null_10609,5808,4896
dummy,null_10610,5856,4896
dummy,null_10611,6048,4896
dummy,null_10612,6096,4896
dummy,null_10613,6144,4896
dummy,null_10614,6192,4896
dummy,null_10615,6336,4896
dummy,null_10616,6432,4896
dummy,null_10617,6528,4896
dummy,null_10618,6864,4896
dummy,null_10619,6912,4896
dummy,null_10620,7008,4896
dummy,null_10621,7056,4896
dummy,null_10622,7152,4896
dummy,null_10623,7200,4896
dummy,null_10624,7632,4896
dummy,null_10625,7680,4896
dummy,null_10626,7920,4896
dummy,null_10627,8064,4896
dummy,null_10628,8160,4896
dummy,null_10629,8352,4896
dummy,null_10630,8400,4896
dummy,null_10631,8448,4896
dummy,null_10632,8496,4896
dummy,null_10633,8544,4896
dummy,null_10634,8592,4896
dummy,null_10635,8640,4896
dummy,null_10636,8736,4896
dummy,null_10637,8880,4896
dummy,null_10638,9024,4896
dummy,null_10639,9072,4896
dummy,null_10640,9120,4896
dummy,null_10641,9168,4896
dummy,null_10642,9216,4896
dummy,null_10643,9312,4896
dummy,null_10644,9408,4896
dummy,null_10645,9456,4896
dummy,null_10646,9504,4896
dummy,null_10647,9600,4896
dummy,null_10648,9744,4896
dummy,null_10649,9792,4896
dummy,null_10650,9888,4896
dummy,null_10651,9936,4896
dummy,null_10652,0,4944
dummy,null_10653,48,4944
dummy,null_10654,96,4944
dummy,null_10655,144,4944
dummy,null_10656,240,4944
dummy,null_10657,288,4944
dummy,null_10658,432,4944
dummy,null_10659,528,4944
dummy,null_10660,576,4944
dummy,null_10661,720,4944
dummy,null_10662,768,4944
dummy,null_10663,864,4944
dummy,null_10664,960,4944
dummy,null_10665,1056,4944
dummy,null_10666,1104,4944
dummy,null_10667,1344,4944
dummy,null_10668,1536,4944
dummy,null_10669,1632,4944
dummy,null_10670,1776,4944
dummy,null_10671,1968,4944
dummy,null_10672,2160,4944
dummy,null_10673,2256,4944
dummy,null_10674,2400,4944
dummy,null_10675,2496,4944
dummy,null_10676,2592,4944
dummy,null_10677,2736,4944
dummy,null_10678,2832,4944
dummy,null_10679,2880,4944
dummy,null_10680,2928,4944
dummy,null_10681,3024,4944
dummy,null_10682,3168,4944
dummy,null_10683,3264,4944
dummy,null_10684,3408,4944
dummy,null_10685,3456,4944
dummy,null_10686,3648,4944
dummy,null_10687,3792,4944
dummy,null_10688,3840,4944
dummy,null_10689,3888,4944
dummy,null_10690,3936,4944
dummy,null_10691,4176,4944
dummy,null_10692,4224,4944
dummy,null_10693,4272,4944
dummy,null_10694,4320,4944
dummy,null_10695,4368,4944
dummy,null_10696,4464,4944
dummy,null_10697,4512,4944
dummy,null_10698,4608,4944
dummy,null_10699,4704,4944
dummy,null_10700,4896,4944
dummy,null_10701,5472,4944
dummy,null_10702,5520,4944
dummy,null_10703,5568,4944
dummy,null_10704,5712,4944
dummy,null_10705,5760,4944
dummy,null_10706,5952,4944
dummy,null_10707,6096,4944
dummy,null_10708,6144,4944
dummy,null_10709,6192,4944
dummy,null_10710,6240,4944
dummy,null_10711,6288,4944
dummy,null_10712,6384,4944
dummy,null_10713,6672,4944
dummy,null_10714,6816,4944
dummy,null_10715,6912,4944
dummy,null_10716,6960,4944
dummy,null_10717,7008,4944
dummy,null_10718,7056,4944
dummy,null_10719,7152,4944
dummy,null_10720,7248,4944
dummy,null_10721,7344,4944
dummy,null_10722,7440,4944
dummy,null_10723,7488,4944
dummy,null_10724,7536,4944
dummy,null_10725,7776,4944
dummy,null_10726,7968,4944
dummy,null_10727,8016,4944
dummy,null_10728,8064,4944
dummy,null_10729,8112,4944
dummy,null_10730,8208,4944
dummy,null_10731,8352,4944
dummy,null_10732,8448,4944
dummy,null_10733,8544,4944
dummy,null_10734,8688,4944
dummy,null_10735,8784,4944
dummy,null_10736,8976,4944
dummy,null_10737,9072,4944
dummy,null_10738,9120,4944
dummy,null_10739,9360,4944
dummy,null_10740,9552,4944
dummy,null_10741,9600,4944
dummy,null_10742,9648,4944
dummy,null_10743,9744,4944
dummy,null_10744,96,4992
dummy,null_10745,144,4992
dummy,null_10746,192,4992
dummy,null_10747,240,4992
dummy,null_10748,288,4992
dummy,null_10749,336,4992
dummy,null_10750,816,4992
dummy,null_10751,864,4992
dummy,null_10752,912,4992
dummy,null_10753,1056,4992
dummy,null_10754,1104,4992
dummy,null_10755,1200,4992
dummy,null_10756,1296,4992
dummy,null_10757,1536,4992
dummy,null_10758,1584,4992
dummy,null_10759,1776,4992
dummy,null_10760,1824,4992
dummy,null_10761,1968,4992
dummy,null_10762,2112,4992
dummy,null_10763,2160,4992
dummy,null_10764,2208,4992
dummy,null_10765,2352,4992
dummy,null_10766,2544,4992
dummy,null_10767,2736,4992
dummy,null_10768,2976,4992
dummy,null_10769,3072,4992
dummy,null_10770,3216,4992
dummy,null_10771,3456,4992
dummy,null_10772,3552,4992
dummy,null_10773,3648,4992
dummy,null_10774,3744,4992
dummy,null_10775,3840,4992
dummy,null_10776,4032,4992
dummy,null_10777,4080,4992
dummy,null_10778,4128,4992
dummy,null_10779,4224,4992
dummy,null_10780,4272,4992
dummy,null_10781,4368,4992
dummy,null_10782,4416,4992
dummy,null_10783,4464,4992
dummy,null_10784,4656,4992
dummy,null_10785,4848,4992
dummy,null_10786,5184,4992
dummy,null_10787,5280,4992
dummy,null_10788,5472,4992
dummy,null_10789,5616,4992
dummy,null_10790,5856,4992
dummy,null_10791,5904,4992
dummy,null_10792,5952,4992
dummy,null_10793,6192,4992
dummy,null_10794,6240,4992
dummy,null_10795,6432,4992
dummy,null_10796,6576,4992
dummy,null_10797,6720,4992
dummy,null_10798,6768,4992
dummy,null_10799,6816,4992
dummy,null_10800,6912,4992
dummy,null_10801,6960,4992
dummy,null_10802,7200,4992
dummy,null_10803,7296,4992
dummy,null_10804,7344,4992
dummy,null_10805,7392,4992
dummy,null_10806,7440,4992
dummy,null_10807,7488,4992
dummy,null_10808,7776,4992
dummy,null_10809,7968,4992
dummy,null_10810,8112,4992
dummy,null_10811,8160,4992
dummy,null_10812,8304,4992
dummy,null_10813,8400,4992
dummy,null_10814,8496,4992
dummy,null_10815,8544,4992
dummy,null_10816,8592,4992
dummy,null_10817,8736,4992
dummy,null_10818,8784,4992
dummy,null_10819,8832,4992
dummy,null_10820,8880,4992
dummy,null_10821,9024,4992
dummy,null_10822,9072,4992
dummy,null_10823,9264,4992
dummy,null_10824,9456,4992
dummy,null_10825,9504,4992
dummy,null_10826,9600,4992
dummy,null_10827,9696,4992
dummy,null_10828,9840,4992
dummy,null_10829,9888,4992
dummy,null_10830,9936,4992
dummy,null_10831,0,5040
dummy,null_10832,144,5040
dummy,null_10833,192,5040
dummy,null_10834,240,5040
dummy,null_10835,288,5040
dummy,null_10836,432,5040
dummy,null_10837,624,5040
dummy,null_10838,1008,5040
dummy,null_10839,1536,5040
dummy,null_10840,1584,5040
dummy,null_10841,1680,5040
dummy,null_10842,1728,5040
dummy,null_10843,1872,5040
dummy,null_10844,1968,5040
dummy,null_10845,2304,5040
dummy,null_10846,2640,5040
dummy,null_10847,2832,5040
dummy,null_10848,2880,5040
dummy,null_10849,2976,5040
dummy,null_10850,3024,5040
dummy,null_10851,3072,5040
dummy,null_10852,3264,5040
dummy,null_10853,3312,5040
dummy,null_10854,3408,5040
dummy,null_10855,3456,5040
dummy,null_10856,3744,5040
dummy,null_10857,3840,5040
dummy,null_10858,3888,5040
dummy,null_10859,3984,5040
dummy,null_10860,4032,5040
dummy,null_10861,4128,5040
dummy,null_10862,4224,5040
dummy,null_10863,4272,5040
dummy,null_10864,4320,5040
dummy,null_10865,4512,5040
dummy,null_10866,4896,5040
dummy,null_10867,4944,5040
dummy,null_10868,4992,5040
dummy,null_10869,5088,5040
dummy,null_10870,5136,5040
dummy,null_10871,5376,5040
dummy,null_10872,5520,5040
dummy,null_10873,5664,5040
dummy,null_10874,5808,5040
dummy,null_10875,6000,5040
dummy,null_10876,6144,5040
dummy,null_10877,6192,5040
dummy,null_10878,6288,5040
dummy,null_10879,6480,5040
dummy,null_10880,6528,5040
dummy,null_10881,6624,5040
dummy,null_10882,6720,5040
dummy,null_10883,6768,5040
dummy,null_10884,6864,5040
dummy,null_10885,7008,5040
dummy,null_10886,7104,5040
dummy,null_10887,7152,5040
dummy,null_10888,7248,5040
dummy,null_10889,7344,5040
dummy,null_10890,7392,5040
dummy,null_10891,7488,5040
dummy,null_10892,7584,5040
dummy,null_10893,7632,5040
dummy,null_10894,7728,5040
dummy,null_10895,7776,5040
dummy,null_10896,7824,5040
dummy,null_10897,7872,5040
dummy,null_10898,7920,5040
dummy,null_10899,7968,5040
dummy,null_10900,8064,5040
dummy,null_10901,8112,5040
dummy,null_10902,8352,5040
dummy,null_10903,8448,5040
dummy,null_10904,8496,5040
dummy,null_10905,8640,5040
dummy,null_10906,8688,5040
dummy,null_10907,8736,5040
dummy,null_10908,8880,5040
dummy,null_10909,8976,5040
dummy,null_10910,9120,5040
dummy,null_10911,9168,5040
dummy,null_10912,9264,5040
dummy,null_10913,9312,5040
dummy,null_10914,9456,5040
dummy,null_10915,9504,5040
dummy,null_10916,9600,5040
dummy,null_10917,9648,5040
dummy,null_10918,9696,5040
dummy,null_10919,9744,5040
dummy,null_10920,9792,5040
dummy,null_10921,9840,5040
dummy,null_10922,9888,5040
dummy,null_10923,9984,5040
dummy,null_10924,48,5088
dummy,null_10925,192,5088
dummy,null_10926,240,5088
dummy,null_10927,336,5088
dummy,null_10928,384,5088
dummy,null_10929,432,5088
dummy,null_10930,480,5088
dummy,null_10931,528,5088
dummy,null_10932,624,5088
dummy,null_10933,720,5088
dummy,null_10934,1008,5088
dummy,null_10935,1200,5088
dummy,null_10936,1296,5088
dummy,null_10937,1536,5088
dummy,null_10938,1680,5088
dummy,null_10939,1728,5088
dummy,null_10940,1824,5088
dummy,null_10941,1920,5088
dummy,null_10942,2016,5088
dummy,null_10943,2064,5088
dummy,null_10944,2256,5088
dummy,null_10945,2352,5088
dummy,null_10946,2448,5088
dummy,null_10947,2736,5088
dummy,null_10948,2784,5088
dummy,null_10949,2880,5088
dummy,null_10950,2928,5088
dummy,null_10951,2976,5088
dummy,null_10952,3072,5088
dummy,null_10953,3120,5088
dummy,null_10954,3312,5088
dummy,null_10955,3408,5088
dummy,null_10956,3552,5088
dummy,null_10957,3648,5088
dummy,null_10958,3840,5088
dummy,null_10959,3888,5088
dummy,null_10960,4032,5088
dummy,null_10961,4128,5088
dummy,null_10962,4224,5088
dummy,null_10963,4416,5088
dummy,null_10964,4464,5088
dummy,null_10965,4656,5088
dummy,null_10966,5040,5088
dummy,null_10967,5088,5088
dummy,null_10968,5280,5088
dummy,null_10969,5376,5088
dummy,null_10970,5520,5088
dummy,null_10971,5616,5088
dummy,null_10972,5664,5088
dummy,null_10973,5712,5088
dummy,null_10974,5760,5088
dummy,null_10975,5808,5088
dummy,null_10976,5856,5088
dummy,null_10977,6048,5088
dummy,null_10978,6144,5088
dummy,null_10979,6240,5088
dummy,null_10980,6528,5088
dummy,null_10981,6576,5088
dummy,null_10982,6672,5088
dummy,null_10983,6768,5088
dummy,null_10984,6864,5088
dummy,null_10985,7008,5088
dummy,null_10986,7200,5088
dummy,null_10987,7344,5088
dummy,null_10988,7392,5088
dummy,null_10989,7440,5088
dummy,null_10990,7488,5088
dummy,null_10991,7536,5088
dummy,null_10992,7584,5088
dummy,null_10993,7680,5088
dummy,null_10994,7728,5088
dummy,null_10995,7776,5088
dummy,null_10996,7824,5088
dummy,null_10997,7872,5088
dummy,null_10998,7920,5088
dummy,null_10999,8064,5088
dummy,null_11000,8160,5088
dummy,null_11001,8256,5088
dummy,null_11002,8352,5088
dummy,null_11003,8544,5088
dummy,null_11004,8784,5088
dummy,null_11005,8880,5088
dummy,null_11006,9072,5088
dummy,null_11007,9312,5088
dummy,null_11008,9360,5088
dummy,null_11009,9408,5088
dummy,null_11010,9600,5088
dummy,null_11011,9648,5088
dummy,null_11012,9696,5088
dummy,null_11013,9840,5088
dummy,null_11014,9984,5088
dummy,null_11015,0,5136
dummy,null_11016,48,5136
dummy,null_11017,96,5136
dummy,null_11018,144,5136
dummy,null_11019,288,5136
dummy,null_11020,384,5136
dummy,null_11021,480,5136
dummy,null_11022,624,5136
dummy,null_11023,672,5136
dummy,null_11024,768,5136
dummy,null_11025,816,5136
dummy,null_11026,864,5136
dummy,null_11027,912,5136
dummy,null_11028,1056,5136
dummy,null_11029,1344,5136
dummy,null_11030,1680,5136
dummy,null_11031,1776,5136
dummy,null_11032,1968,5136
dummy,null_11033,2016,5136
dummy,null_11034,2304,5136
dummy,null_11035,2400,5136
dummy,null_11036,2544,5136
dummy,null_11037,2592,5136
dummy,null_11038,2640,5136
dummy,null_11039,2688,5136
dummy,null_11040,2784,5136
dummy,null_11041,2832,5136
dummy,null_11042,2880,5136
dummy,null_11043,3120,5136
dummy,null_11044,3168,5136
dummy,null_11045,3216,5136
dummy,null_11046,3264,5136
dummy,null_11047,3408,5136
dummy,null_11048,3456,5136
dummy,null_11049,3504,5136
dummy,null_11050,3648,5136
dummy,null_11051,3696,5136
dummy,null_11052,3744,5136
dummy,null_11053,3792,5136
dummy,null_11054,3840,5136
dummy,null_11055,3888,5136
dummy,null_11056,3984,5136
dummy,null_11057,4128,5136
dummy,null_11058,4176,5136
dummy,null_11059,4224,5136
dummy,null_11060,4320,5136
dummy,null_11061,4368,5136
dummy,null_11062,4464,5136
dummy,null_11063,4608,5136
dummy,null_11064,4656,5136
dummy,null_11065,4704,5136
dummy,null_11066,4848,5136
dummy,null_11067,5040,5136
dummy,null_11068,5088,5136
dummy,null_11069,5136,5136
dummy,null_11070,5232,5136
dummy,null_11071,5328,5136
dummy,null_11072,5376,5136
dummy,null_11073,5424,5136
dummy,null_11074,5472,5136
dummy,null_11075,5568,5136
dummy,null_11076,5664,5136
dummy,null_11077,5712,5136
dummy,null_11078,5856,5136
dummy,null_11079,5904,5136
dummy,null_11080,6144,5136
dummy,null_11081,6192,5136
dummy,null_11082,6288,5136
dummy,null_11083,6384,5136
dummy,null_11084,6720,5136
dummy,null_11085,6816,5136
dummy,null_11086,7008,5136
dummy,null_11087,7056,5136
dummy,null_11088,7248,5136
dummy,null_11089,7344,5136
dummy,null_11090,7392,5136
dummy,null_11091,7680,5136
dummy,null_11092,7728,5136
dummy,null_11093,7968,5136
dummy,null_11094,8016,5136
dummy,null_11095,8064,5136
dummy,null_11096,8112,5136
dummy,null_11097,8304,5136
dummy,null_11098,8352,5136
dummy,null_11099,8448,5136
dummy,null_11100,8688,5136
dummy,null_11101,8832,5136
dummy,null_11102,8880,5136
dummy,null_11103,8976,5136
dummy,null_11104,9216,5136
dummy,null_11105,9264,5136
dummy,null_11106,9360,5136
dummy,null_11107,9504,5136
dummy,null_11108,9552,5136
dummy,null_11109,9696,5136
dummy,null_11110,9744,5136
dummy,null_11111,9984,5136
dummy,null_11112,0,5184
dummy,null_11113,48,5184
dummy,null_11114,144,5184
dummy,null_11115,192,5184
dummy,null_11116,288,5184
dummy,null_11117,336,5184
dummy,null_11118,480,5184
dummy,null_11119,528,5184
dummy,null_11120,576,5184
dummy,null_11121,624,5184
dummy,null_11122,672,5184
dummy,null_11123,720,5184
dummy,null_11124,1008,5184
dummy,null_11125,1056,5184
dummy,null_11126,1104,5184
dummy,null_11127,1152,5184
dummy,null_11128,1296,5184
dummy,null_11129,1392,5184
dummy,null_11130,1488,5184
dummy,null_11131,1536,5184
dummy,null_11132,1584,5184
dummy,null_11133,1632,5184
dummy,null_11134,1728,5184
dummy,null_11135,1872,5184
dummy,null_11136,1920,5184
dummy,null_11137,2016,5184
dummy,null_11138,2064,5184
dummy,null_11139,2160,5184
dummy,null_11140,2208,5184
dummy,null_11141,2352,5184
dummy,null_11142,2448,5184
dummy,null_11143,2688,5184
dummy,null_11144,2736,5184
dummy,null_11145,2784,5184
dummy,null_11146,2928,5184
dummy,null_11147,2976,5184
dummy,null_11148,3120,5184
dummy,null_11149,3168,5184
dummy,null_11150,3216,5184
dummy,null_11151,3264,5184
dummy,null_11152,3312,5184
dummy,null_11153,3408,5184
dummy,null_11154,3696,5184
dummy,null_11155,3792,5184
dummy,null_11156,3936,5184
dummy,null_11157,4080,5184
dummy,null_11158,4368,5184
dummy,null_11159,4464,5184
dummy,null_11160,4608,5184
dummy,null_11161,4800,5184
dummy,null_11162,5088,5184
dummy,null_11163,5184,5184
dummy,null_11164,5424,5184
dummy,null_11165,5472,5184
dummy,null_11166,5616,5184
dummy,null_11167,5664,5184
dummy,null_11168,5760,5184
dummy,null_11169,5808,5184
dummy,null_11170,5856,5184
dummy,null_11171,6000,5184
dummy,null_11172,6144,5184
dummy,null_11173,6192,5184
dummy,null_11174,6528,5184
dummy,null_11175,6672,5184
dummy,null_11176,6720,5184
dummy,null_11177,6912,5184
dummy,null_11178,6960,5184
dummy,null_11179,7104,5184
dummy,null_11180,7296,5184
dummy,null_11181,7488,5184
dummy,null_11182,7728,5184
dummy,null_11183,7824,5184
dummy,null_11184,7872,5184
dummy,null_11185,7920,5184
dummy,null_11186,8016,5184
dummy,null_11187,8112,5184
dummy,null_11188,8160,5184
dummy,null_11189,8496,5184
dummy,null_11190,8544,5184
dummy,null_11191,8640,5184
dummy,null_11192,8784,5184
dummy,null_11193,8880,5184
dummy,null_11194,9216,5184
dummy,null_11195,9264,5184
dummy,null_11196,9312,5184
dummy,null_11197,9504,5184
dummy,null_11198,9552,5184
dummy,null_11199,9744,5184
dummy,null_11200,9840,5184
dummy,null_11201,9936,5184
dummy,null_11202,9984,5184
dummy,null_11203,0,5232
dummy,null_11204,48,5232
dummy,null_11205,144,5232
dummy,null_11206,336,5232
dummy,null_11207,480,5232
dummy,null_11208,528,5232
dummy,null_11209,576,5232
dummy,null_11210,720,5232
dummy,null_11211,768,5232
dummy,null_11212,816,5232
dummy,null_11213,912,5232
dummy,null_11214,1056,5232
dummy,null_11215,1152,5232
dummy,null_11216,1584,5232
dummy,null_11217,1680,5232
dummy,null_11218,1776,5232
dummy,null_11219,1968,5232
dummy,null_11220,2016,5232
dummy,null_11221,2064,5232
dummy,null_11222,2112,5232
dummy,null_11223,2256,5232
dummy,null_11224,2688,5232
dummy,null_11225,2880,5232
dummy,null_11226,2928,5232
dummy,null_11227,2976,5232
dummy,null_11228,3216,5232
dummy,null_11229,3264,5232
dummy,null_11230,3312,5232
dummy,null_11231,3456,5232
dummy,null_11232,3504,5232
dummy,null_11233,3600,5232
dummy,null_11234,3696,5232
dummy,null_11235,3792,5232
dummy,null_11236,3936,5232
dummy,null_11237,4080,5232
dummy,null_11238,4176,5232
dummy,null_11239,4224,5232
dummy,null_11240,4272,5232
dummy,null_11241,4320,5232
dummy,null_11242,4368,5232
dummy,null_11243,4416,5232
dummy,null_11244,4560,5232
dummy,null_11245,4608,5232
dummy,null_11246,4752,5232
dummy,null_11247,4800,5232
dummy,null_11248,4848,5232
dummy,null_11249,4944,5232
dummy,null_11250,5040,5232
dummy,null_11251,5088,5232
dummy,null_11252,5136,5232
dummy,null_11253,5376,5232
dummy,null_11254,5472,5232
dummy,null_11255,5568,5232
dummy,null_11256,5760,5232
dummy,null_11257,5856,5232
dummy,null_11258,6000,5232
dummy,null_11259,6048,5232
dummy,null_11260,6144,5232
dummy,null_11261,6288,5232
dummy,null_11262,6480,5232
dummy,null_11263,6624,5232
dummy,null_11264,6720,5232
dummy,null_11265,6768,5232
dummy,null_11266,6816,5232
dummy,null_11267,7056,5232
dummy,null_11268,7152,5232
dummy,null_11269,7248,5232
dummy,null_11270,7584,5232
dummy,null_11271,7632,5232
dummy,null_11272,7680,5232
dummy,null_11273,7776,5232
dummy,null_11274,7824,5232
dummy,null_11275,7920,5232
dummy,null_11276,8112,5232
dummy,null_11277,8304,5232
dummy,null_11278,8400,5232
dummy,null_11279,8448,5232
dummy,null_11280,8640,5232
dummy,null_11281,8832,5232
dummy,null_11282,8880,5232
dummy,null_11283,8976,5232
dummy,null_11284,9024,5232
dummy,null_11285,9072,5232
dummy,null_11286,9120,5232
dummy,null_11287,9216,5232
dummy,null_11288,9264,5232
dummy,null_11289,9312,5232
dummy,null_11290,9408,5232
dummy,null_11291,9456,5232
dummy,null_11292,9504,5232
dummy,null_11293,9552,5232
dummy,null_11294,9648,5232
dummy,null_11295,9696,5232
dummy,null_11296,9792,5232
dummy,null_11297,9840,5232
dummy,null_11298,9888,5232
dummy,null_11299,9936,5232
dummy,null_11300,9984,5232
dummy,null_11301,0,5280
dummy,null_11302,336,5280
dummy,null_11303,384,5280
dummy,null_11304,528,5280
dummy,null_11305,576,5280
dummy,null_11306,672,5280
dummy,null_11307,816,5280
dummy,null_11308,864,5280
dummy,null_11309,912,5280
dummy,null_11310,1152,5280
dummy,null_11311,1344,5280
dummy,null_11312,1488,5280
dummy,null_11313,1536,5280
dummy,null_11314,1776,5280
dummy,null_11315,1824,5280
dummy,null_11316,1872,5280
dummy,null_11317,1920,5280
dummy,null_11318,2064,5280
dummy,null_11319,2160,5280
dummy,null_11320,2256,5280
dummy,null_11321,2304,5280
dummy,null_11322,2352,5280
dummy,null_11323,2448,5280
dummy,null_11324,2592,5280
dummy,null_11325,2688,5280
dummy,null_11326,2736,5280
dummy,null_11327,2784,5280
dummy,null_11328,2832,5280
dummy,null_11329,2880,5280
dummy,null_11330,2976,5280
dummy,null_11331,3024,5280
dummy,null_11332,3120,5280
dummy,null_11333,3168,5280
dummy,null_11334,3264,5280
dummy,null_11335,3312,5280
dummy,null_11336,3360,5280
dummy,null_11337,3408,5280
dummy,null_11338,3456,5280
dummy,null_11339,3648,5280
dummy,null_11340,3744,5280
dummy,null_11341,3888,5280
dummy,null_11342,4080,5280
dummy,null_11343,4128,5280
dummy,null_11344,4272,5280
dummy,null_11345,4416,5280
dummy,null_11346,4560,5280
dummy,null_11347,4608,5280
dummy,null_11348,4656,5280
dummy,null_11349,4848,5280
dummy,null_11350,4944,5280
dummy,null_11351,5088,5280
dummy,null_11352,5232,5280
dummy,null_11353,5280,5280
dummy,null_11354,5424,5280
dummy,null_11355,5712,5280
dummy,null_11356,5760,5280
dummy,null_11357,5808,5280
dummy,null_11358,5856,5280
dummy,null_11359,6000,5280
dummy,null_11360,6048,5280
dummy,null_11361,6096,5280
dummy,null_11362,6144,5280
dummy,null_11363,6288,5280
dummy,null_11364,6384,5280
dummy,null_11365,6432,5280
dummy,null_11366,6480,5280
dummy,null_11367,6672,5280
dummy,null_11368,6768,5280
dummy,null_11369,6816,5280
dummy,null_11370,6960,5280
dummy,null_11371,7008,5280
dummy,null_11372,7296,5280
dummy,null_11373,7392,5280
dummy,null_11374,7440,5280
dummy,null_11375,7584,5280
dummy,null_11376,7632,5280
dummy,null_11377,7680,5280
dummy,null_11378,7776,5280
dummy,null_11379,7920,5280
dummy,null_11380,8064,5280
dummy,null_11381,8112,5280
dummy,null_11382,8352,5280
dummy,null_11383,8400,5280
dummy,null_11384,8448,5280
dummy,null_11385,8688,5280
dummy,null_11386,8880,5280
dummy,null_11387,8928,5280
dummy,null_11388,8976,5280
dummy,null_11389,9120,5280
dummy,null_11390,9168,5280
dummy,null_11391,9312,5280
dummy,null_11392,9408,5280
dummy,null_11393,9456,5280
dummy,null_11394,9648,5280
dummy,null_11395,9744,5280
dummy,null_11396,9984,5280
dummy,null_11397,0,5328
dummy,null_11398,48,5328
dummy,null_11399,240,5328
dummy,null_11400,336,5328
dummy,null_11401,432,5328
dummy,null_11402,480,5328
dummy,null_11403,624,5328
dummy,null_11404,768,5328
dummy,null_11405,912,5328
dummy,null_11406,1008,5328
dummy,null_11407,1104,5328
dummy,null_11408,1152,5328
dummy,null_11409,1248,5328
dummy,null_11410,1296,5328
dummy,null_11411,1344,5328
dummy,null_11412,1488,5328
dummy,null_11413,1632,5328
dummy,null_11414,1776,5328
dummy,null_11415,1920,5328
dummy,null_11416,2064,5328
dummy,null_11417,2160,5328
dummy,null_11418,2256,5328
dummy,null_11419,2304,5328
dummy,null_11420,2400,5328
dummy,null_11421,2592,5328
dummy,null_11422,2832,5328
dummy,null_11423,2928,5328
dummy,null_11424,3072,5328
dummy,null_11425,3168,5328
dummy,null_11426,3216,5328
dummy,null_11427,3264,5328
dummy,null_11428,3312,5328
dummy,null_11429,3360,5328
dummy,null_11430,3408,5328
dummy,null_11431,3456,5328
dummy,null_11432,3744,5328
dummy,null_11433,3792,5328
dummy,null_11434,3840,5328
dummy,null_11435,3888,5328
dummy,null_11436,4224,5328
dummy,null_11437,4368,5328
dummy,null_11438,4416,5328
dummy,null_11439,4512,5328
dummy,null_11440,4560,5328
dummy,null_11441,4704,5328
dummy,null_11442,4944,5328
dummy,null_11443,5136,5328
dummy,null_11444,5376,5328
dummy,null_11445,5520,5328
dummy,null_11446,5616,5328
dummy,null_11447,5664,5328
dummy,null_11448,5808,5328
dummy,null_11449,5904,5328
dummy,null_11450,5952,5328
dummy,null_11451,6144,5328
dummy,null_11452,6192,5328
dummy,null_11453,6240,5328
dummy,null_11454,6384,5328
dummy,null_11455,6432,5328
dummy,null_11456,6624,5328
dummy,null_11457,6672,5328
dummy,null_11458,6768,5328
dummy,null_11459,6912,5328
dummy,null_11460,6960,5328
dummy,null_11461,7152,5328
dummy,null_11462,7344,5328
dummy,null_11463,7392,5328
dummy,null_11464,7440,5328
dummy,null_11465,7584,5328
dummy,null_11466,7680,5328
dummy,null_11467,7728,5328
dummy,null_11468,7920,5328
dummy,null_11469,8016,5328
dummy,null_11470,8112,5328
dummy,null_11471,8208,5328
dummy,null_11472,8448,5328
dummy,null_11473,8496,5328
dummy,null_11474,8592,5328
dummy,null_11475,8784,5328
dummy,null_11476,8928,5328
dummy,null_11477,8976,5328
dummy,null_11478,9024,5328
dummy,null_11479,9168,5328
dummy,null_11480,9360,5328
dummy,null_11481,9408,5328
dummy,null_11482,9504,5328
dummy,null_11483,9600,5328
dummy,null_11484,9696,5328
dummy,null_11485,9744,5328
dummy,null_11486,9840,5328
dummy,null_11487,9936,5328
dummy,null_11488,9984,5328
dummy,null_11489,0,5376
dummy,null_11490,192,5376
dummy,null_11491,336,5376
dummy,null_11492,528,5376
dummy,null_11493,576,5376
dummy,null_11494,672,5376
dummy,null_11495,720,5376
dummy,null_11496,768,5376
dummy,null_11497,912,5376
dummy,null_11498,960,5376
dummy,null_11499,1200,5376
dummy,null_11500,1344,5376
dummy,null_11501,1440,5376
dummy,null_11502,1488,5376
dummy,null_11503,1584,5376
dummy,null_11504,1776,5376
dummy,null_11505,1824,5376
dummy,null_11506,1920,5376
dummy,null_11507,1968,5376
dummy,null_11508,2016,5376
dummy,null_11509,2160,5376
dummy,null_11510,2304,5376
dummy,null_11511,2352,5376
dummy,null_11512,2400,5376
dummy,null_11513,2448,5376
dummy,null_11514,2592,5376
dummy,null_11515,2688,5376
dummy,null_11516,2784,5376
dummy,null_11517,2832,5376
dummy,null_11518,3024,5376
dummy,null_11519,3120,5376
dummy,null_11520,3168,5376
dummy,null_11521,3264,5376
dummy,null_11522,3456,5376
dummy,null_11523,3552,5376
dummy,null_11524,3648,5376
dummy,null_11525,3792,5376
dummy,null_11526,3840,5376
dummy,null_11527,3888,5376
dummy,null_11528,3984,5376
dummy,null_11529,4032,5376
dummy,null_11530,4080,5376
dummy,null_11531,4128,5376
dummy,null_11532,4224,5376
dummy,null_11533,4464,5376
dummy,null_11534,4560,5376
dummy,null_11535,4608,5376
dummy,null_11536,4704,5376
dummy,null_11537,4752,5376
dummy,null_11538,4800,5376
dummy,null_11539,4896,5376
dummy,null_11540,5088,5376
dummy,null_11541,5136,5376
dummy,null_11542,5280,5376
dummy,null_11543,5328,5376
dummy,null_11544,5424,5376
dummy,null_11545,5472,5376
dummy,null_11546,5520,5376
dummy,null_11547,5664,5376
dummy,null_11548,5712,5376
dummy,null_11549,5808,5376
dummy,null_11550,5856,5376
dummy,null_11551,5952,5376
dummy,null_11552,6000,5376
dummy,null_11553,6048,5376
dummy,null_11554,6192,5376
dummy,null_11555,6240,5376
dummy,null_11556,6288,5376
dummy,null_11557,6432,5376
dummy,null_11558,6480,5376
dummy,null_11559,6624,5376
dummy,null_11560,6672,5376
dummy,null_11561,6720,5376
dummy,null_11562,6768,5376
dummy,null_11563,6864,5376
dummy,null_11564,6960,5376
dummy,null_11565,7056,5376
dummy,null_11566,7296,5376
dummy,null_11567,7344,5376
dummy,null_11568,7488,5376
dummy,null_11569,7680,5376
dummy,null_11570,7776,5376
dummy,null_11571,7824,5376
dummy,null_11572,7920,5376
dummy,null_11573,7968,5376
dummy,null_11574,8016,5376
dummy,null_11575,8064,5376
dummy,null_11576,8112,5376
dummy,null_11577,8160,5376
dummy,null_11578,8256,5376
dummy,null_11579,8304,5376
dummy,null_11580,8400,5376
dummy,null_11581,8448,5376
dummy,null_11582,8544,5376
dummy,null_11583,8640,5376
dummy,null_11584,8736,5376
dummy,null_11585,8928,5376
dummy,null_11586,9216,5376
dummy,null_11587,9312,5376
dummy,null_11588,9360,5376
dummy,null_11589,9456,5376
dummy,null_11590,9552,5376
dummy,null_11591,9600,5376
dummy,null_11592,9696,5376
dummy,null_11593,9744,5376
dummy,null_11594,9840,5376
dummy,null_11595,0,5424
dummy,null_11596,48,5424
dummy,null_11597,96,5424
dummy,null_11598,240,5424
dummy,null_11599,336,5424
dummy,null_11600,384,5424
dummy,null_11601,672,5424
dummy,null_11602,912,5424
dummy,null_11603,1008,5424
dummy,null_11604,1056,5424
dummy,null_11605,1152,5424
dummy,null_11606,1200,5424
dummy,null_11607,1296,5424
dummy,null_11608,1344,5424
dummy,null_11609,1392,5424
dummy,null_11610,1440,5424
dummy,null_11611,1536,5424
dummy,null_11612,1584,5424
dummy,null_11613,1632,5424
dummy,null_11614,1680,5424
dummy,null_11615,1920,5424
dummy,null_11616,1968,5424
dummy,null_11617,2160,5424
dummy,null_11618,2352,5424
dummy,null_11619,2448,5424
dummy,null_11620,2496,5424
dummy,null_11621,2640,5424
dummy,null_11622,2736,5424
dummy,null_11623,2784,5424
dummy,null_11624,2880,5424
dummy,null_11625,2928,5424
dummy,null_11626,3072,5424
dummy,null_11627,3168,5424
dummy,null_11628,3360,5424
dummy,null_11629,3408,5424
dummy,null_11630,3456,5424
dummy,null_11631,3600,5424
dummy,null_11632,3648,5424
dummy,null_11633,3696,5424
dummy,null_11634,3744,5424
dummy,null_11635,3792,5424
dummy,null_11636,3984,5424
dummy,null_11637,4032,5424
dummy,null_11638,4080,5424
dummy,null_11639,4176,5424
dummy,null_11640,4272,5424
dummy,null_11641,4320,5424
dummy,null_11642,4416,5424
dummy,null_11643,4464,5424
dummy,null_11644,4560,5424
dummy,null_11645,4608,5424
dummy,null_11646,4704,5424
dummy,null_11647,4752,5424
dummy,null_11648,4896,5424
dummy,null_11649,5280,5424
dummy,null_11650,5472,5424
dummy,null_11651,5520,5424
dummy,null_11652,5760,5424
dummy,null_11653,5856,5424
dummy,null_11654,5904,5424
dummy,null_11655,5952,5424
dummy,null_11656,6336,5424
dummy,null_11657,6432,5424
dummy,null_11658,6480,5424
dummy,null_11659,6528,5424
dummy,null_11660,6720,5424
dummy,null_11661,6864,5424
dummy,null_11662,6960,5424
dummy,null_11663,7008,5424
dummy,null_11664,7344,5424
dummy,null_11665,7440,5424
dummy,null_11666,7488,5424
dummy,null_11667,7584,5424
dummy,null_11668,7776,5424
dummy,null_11669,7920,5424
dummy,null_11670,7968,5424
dummy,null_11671,8256,5424
dummy,null_11672,8304,5424
dummy,null_11673,8352,5424
dummy,null_11674,8448,5424
dummy,null_11675,8592,5424
dummy,null_11676,8640,5424
dummy,null_11677,8832,5424
dummy,null_11678,8880,5424
dummy,null_11679,8928,5424
dummy,null_11680,8976,5424
dummy,null_11681,9072,5424
dummy,null_11682,9168,5424
dummy,null_11683,9264,5424
dummy,null_11684,9408,5424
dummy,null_11685,9504,5424
dummy,null_11686,9792,5424
dummy,null_11687,9936,5424
dummy,null_11688,48,5472
dummy,null_11689,96,5472
dummy,null_11690,144,5472
dummy,null_11691,192,5472
dummy,null_11692,240,5472
dummy,null_11693,288,5472
dummy,null_11694,336,5472
dummy,null_11695,384,5472
dummy,null_11696,432,5472
dummy,null_11697,576,5472
dummy,null_11698,720,5472
dummy,null_11699,768,5472
dummy,null_11700,864,5472
dummy,null_11701,960,5472
dummy,null_11702,1104,5472
dummy,null_11703,1152,5472
dummy,null_11704,1488,5472
dummy,null_11705,1536,5472
dummy,null_11706,1584,5472
dummy,null_11707,1632,5472
dummy,null_11708,1680,5472
dummy,null_11709,1824,5472
dummy,null_11710,1968,5472
dummy,null_11711,2016,5472
dummy,null_11712,2256,5472
dummy,null_11713,2304,5472
dummy,null_11714,2448,5472
dummy,null_11715,2544,5472
dummy,null_11716,2880,5472
dummy,null_11717,2928,5472
dummy,null_11718,2976,5472
dummy,null_11719,3072,5472
dummy,null_11720,3120,5472
dummy,null_11721,3168,5472
dummy,null_11722,3216,5472
dummy,null_11723,3264,5472
dummy,null_11724,3456,5472
dummy,null_11725,3600,5472
dummy,null_11726,3696,5472
dummy,null_11727,3840,5472
dummy,null_11728,3936,5472
dummy,null_11729,3984,5472
dummy,null_11730,4032,5472
dummy,null_11731,4080,5472
dummy,null_11732,4224,5472
dummy,null_11733,4272,5472
dummy,null_11734,4320,5472
dummy,null_11735,4464,5472
dummy,null_11736,4512,5472
dummy,null_11737,4704,5472
dummy,null_11738,4800,5472
dummy,null_11739,4848,5472
dummy,null_11740,4896,5472
dummy,null_11741,5040,5472
dummy,null_11742,5184,5472
dummy,null_11743,5232,5472
dummy,null_11744,5328,5472
dummy,null_11745,5376,5472
dummy,null_11746,5424,5472
dummy,null_11747,5568,5472
dummy,null_11748,5616,5472
dummy,null_11749,5856,5472
dummy,null_11750,6048,5472
dummy,null_11751,6288,5472
dummy,null_11752,6336,5472
dummy,null_11753,6480,5472
dummy,null_11754,6528,5472
dummy,null_11755,6576,5472
dummy,null_11756,6624,5472
dummy,null_11757,6672,5472
dummy,null_11758,6720,5472
dummy,null_11759,6768,5472
dummy,null_11760,6816,5472
dummy,null_11761,6912,5472
dummy,null_11762,7056,5472
dummy,null_11763,7344,5472
dummy,null_11764,7440,5472
dummy,null_11765,7488,5472
dummy,null_11766,7632,5472
dummy,null_11767,7776,5472
dummy,null_11768,7824,5472
dummy,null_11769,7872,5472
dummy,null_11770,7920,5472
dummy,null_11771,7968,5472
dummy,null_11772,8016,5472
dummy,null_11773,8304,5472
dummy,null_11774,8352,5472
dummy,null_11775,8400,5472
dummy,null_11776,8496,5472
dummy,null_11777,8544,5472
dummy,null_11778,8592,5472
dummy,null_11779,8688,5472
dummy,null_11780,8832,5472
dummy,null_11781,8928,5472
dummy,null_11782,8976,5472
dummy,null_11783,9024,5472
dummy,null_11784,9072,5472
dummy,null_11785,9360,5472
dummy,null_11786,9408,5472
dummy,null_11787,9456,5472
dummy,null_11788,9552,5472
dummy,null_11789,9648,5472
dummy,null_11790,9696,5472
dummy,null_11791,9792,5472
dummy,null_11792,9840,5472
dummy,null_11793,9888,5472
dummy,null_11794,9936,5472
dummy,null_11795,9984,5472
dummy,null_11796,48,5520
dummy,null_11797,96,5520
dummy,null_11798,240,5520
dummy,null_11799,288,5520
dummy,null_11800,384,5520
dummy,null_11801,432,5520
dummy,null_11802,576,5520
dummy,null_11803,672,5520
dummy,null_11804,720,5520
dummy,null_11805,816,5520
dummy,null_11806,864,5520
dummy,null_11807,960,5520
dummy,null_11808,1008,5520
dummy,null_11809,1056,5520
dummy,null_11810,1104,5520
dummy,null_11811,1152,5520
dummy,null_11812,1200,5520
dummy,null_11813,1248,5520
dummy,null_11814,1392,5520
dummy,null_11815,1536,5520
dummy,null_11816,1632,5520
dummy,null_11817,1680,5520
dummy,null_11818,1728,5520
dummy,null_11819,2016,5520
dummy,null_11820,2064,5520
dummy,null_11821,2208,5520
dummy,null_11822,2256,5520
dummy,null_11823,2448,5520
dummy,null_11824,2496,5520
dummy,null_11825,2592,5520
dummy,null_11826,2736,5520
dummy,null_11827,2784,5520
dummy,null_11828,2880,5520
dummy,null_11829,2976,5520
dummy,null_11830,3072,5520
dummy,null_11831,3504,5520
dummy,null_11832,3648,5520
dummy,null_11833,3744,5520
dummy,null_11834,3792,5520
dummy,null_11835,3936,5520
dummy,null_11836,4080,5520
dummy,null_11837,4224,5520
dummy,null_11838,4272,5520
dummy,null_11839,4320,5520
dummy,null_11840,4368,5520
dummy,null_11841,4416,5520
dummy,null_11842,4464,5520
dummy,null_11843,4752,5520
dummy,null_11844,4848,5520
dummy,null_11845,4896,5520
dummy,null_11846,4944,5520
dummy,null_11847,5040,5520
dummy,null_11848,5232,5520
dummy,null_11849,5280,5520
dummy,null_11850,5616,5520
dummy,null_11851,5712,5520
dummy,null_11852,5760,5520
dummy,null_11853,5808,5520
dummy,null_11854,5904,5520
dummy,null_11855,6048,5520
dummy,null_11856,6096,5520
dummy,null_11857,6144,5520
dummy,null_11858,6240,5520
dummy,null_11859,6288,5520
dummy,null_11860,6432,5520
dummy,null_11861,6576,5520
dummy,null_11862,6624,5520
dummy,null_11863,6672,5520
dummy,null_11864,6816,5520
dummy,null_11865,6864,5520
dummy,null_11866,6960,5520
dummy,null_11867,7008,5520
dummy,null_11868,7104,5520
dummy,null_11869,7440,5520
dummy,null_11870,7488,5520
dummy,null_11871,7584,5520
dummy,null_11872,7872,5520
dummy,null_11873,7920,5520
dummy,null_11874,7968,5520
dummy,null_11875,8064,5520
dummy,null_11876,8112,5520
dummy,null_11877,8256,5520
dummy,null_11878,8544,5520
dummy,null_11879,8592,5520
dummy,null_11880,8688,5520
dummy,null_11881,8832,5520
dummy,null_11882,8928,5520
dummy,null_11883,9024,5520
dummy,null_11884,9312,5520
dummy,null_11885,9360,5520
dummy,null_11886,9504,5520
dummy,null_11887,9552,5520
dummy,null_11888,9696,5520
dummy,null_11889,9744,5520
dummy,null_11890,9840,5520
dummy,null_11891,9888,5520
dummy,null_11892,0,5568
dummy,null_11893,48,5568
dummy,null_11894,96,5568
dummy,null_11895,192,5568
dummy,null_11896,240,5568
dummy,null_11897,288,5568
dummy,null_11898,336,5568
dummy,null_11899,432,5568
dummy,null_11900,576,5568
dummy,null_11901,720,5568
dummy,null_11902,768,5568
dummy,null_11903,816,5568
dummy,null_11904,912,5568
dummy,null_11905,960,5568
dummy,null_11906,1056,5568
dummy,null_11907,1152,5568
dummy,null_11908,1200,5568
dummy,null_11909,1248,5568
dummy,null_11910,1296,5568
dummy,null_11911,1440,5568
dummy,null_11912,1488,5568
dummy,null_11913,1536,5568
dummy,null_11914,1824,5568
dummy,null_11915,1968,5568
dummy,null_11916,2016,5568
dummy,null_11917,2112,5568
dummy,null_11918,2160,5568
dummy,null_11919,2208,5568
dummy,null_11920,2256,5568
dummy,null_11921,2448,5568
dummy,null_11922,2496,5568
dummy,null_11923,2592,5568
dummy,null_11924,2640,5568
dummy,null_11925,2688,5568
dummy,null_11926,3264,5568
dummy,null_11927,3312,5568
dummy,null_11928,3360,5568
dummy,null_11929,3504,5568
dummy,null_11930,3552,5568
dummy,null_11931,3648,5568
dummy,null_11932,3696,5568
dummy,null_11933,4080,5568
dummy,null_11934,4128,5568
dummy,null_11935,4224,5568
dummy,null_11936,4272,5568
dummy,null_11937,4560,5568
dummy,null_11938,4608,5568
dummy,null_11939,4848,5568
dummy,null_11940,4896,5568
dummy,null_11941,4944,5568
dummy,null_11942,5088,5568
dummy,null_11943,5136,5568
dummy,null_11944,5280,5568
dummy,null_11945,5376,5568
dummy,null_11946,5568,5568
dummy,null_11947,5616,5568
dummy,null_11948,5904,5568
dummy,null_11949,6048,5568
dummy,null_11950,6096,5568
dummy,null_11951,6144,5568
dummy,null_11952,6192,5568
dummy,null_11953,6240,5568
dummy,null_11954,6384,5568
dummy,null_11955,6480,5568
dummy,null_11956,6528,5568
dummy,null_11957,6576,5568
dummy,null_11958,6624,5568
dummy,null_11959,6864,5568
dummy,null_11960,6912,5568
dummy,null_11961,7008,5568
dummy,null_11962,7200,5568
dummy,null_11963,7392,5568
dummy,null_11964,7440,5568
dummy,null_11965,7632,5568
dummy,null_11966,7728,5568
dummy,null_11967,7776,5568
dummy,null_11968,7872,5568
dummy,null_11969,7968,5568
dummy,null_11970,8016,5568
dummy,null_11971,8064,5568
dummy,null_11972,8112,5568
dummy,null_11973,8208,5568
dummy,null_11974,8304,5568
dummy,null_11975,8496,5568
dummy,null_11976,8592,5568
dummy,null_11977,8640,5568
dummy,null_11978,8736,5568
dummy,null_11979,8832,5568
dummy,null_11980,8928,5568
dummy,null_11981,8976,5568
dummy,null_11982,9120,5568
dummy,null_11983,9168,5568
dummy,null_11984,9216,5568
dummy,null_11985,9360,5568
dummy,null_11986,9648,5568
dummy,null_11987,9840,5568
dummy,null_11988,9936,5568
dummy,null_11989,9984,5568
dummy,null_11990,0,5616
dummy,null_11991,96,5616
dummy,null_11992,192,5616
dummy,null_11993,288,5616
dummy,null_11994,336,5616
dummy,null_11995,432,5616
dummy,null_11996,528,5616
dummy,null_11997,576,5616
dummy,null_11998,624,5616
dummy,null_11999,672,5616
dummy,null_12000,768,5616
dummy,null_12001,816,5616
dummy,null_12002,864,5616
dummy,null_12003,912,5616
dummy,null_12004,960,5616
dummy,null_12005,1008,5616
dummy,null_12006,1152,5616
dummy,null_12007,1248,5616
dummy,null_12008,1488,5616
dummy,null_12009,1632,5616
dummy,null_12010,1728,5616
dummy,null_12011,1824,5616
dummy,null_12012,1968,5616
dummy,null_12013,2064,5616
dummy,null_12014,2160,5616
dummy,null_12015,2208,5616
dummy,null_12016,2256,5616
dummy,null_12017,2304,5616
dummy,null_12018,2400,5616
dummy,null_12019,2448,5616
dummy,null_12020,2496,5616
dummy,null_12021,2592,5616
dummy,null_12022,2640,5616
dummy,null_12023,2736,5616
dummy,null_12024,2832,5616
dummy,null_12025,3168,5616
dummy,null_12026,3264,5616
dummy,null_12027,3312,5616
dummy,null_12028,3360,5616
dummy,null_12029,3552,5616
dummy,null_12030,3600,5616
dummy,null_12031,3696,5616
dummy,null_12032,3792,5616
dummy,null_12033,3840,5616
dummy,null_12034,4080,5616
dummy,null_12035,4176,5616
dummy,null_12036,4368,5616
dummy,null_12037,4560,5616
dummy,null_12038,4752,5616
dummy,null_12039,4800,5616
dummy,null_12040,4848,5616
dummy,null_12041,4896,5616
dummy,null_12042,4944,5616
dummy,null_12043,5040,5616
dummy,null_12044,5088,5616
dummy,null_12045,5136,5616
dummy,null_12046,5232,5616
dummy,null_12047,5280,5616
dummy,null_12048,5328,5616
dummy,null_12049,5424,5616
dummy,null_12050,5472,5616
dummy,null_12051,5664,5616
dummy,null_12052,5712,5616
dummy,null_12053,5808,5616
dummy,null_12054,5904,5616
dummy,null_12055,5952,5616
dummy,null_12056,6000,5616
dummy,null_12057,6048,5616
dummy,null_12058,6096,5616
dummy,null_12059,6240,5616
dummy,null_12060,6384,5616
dummy,null_12061,6480,5616
dummy,null_12062,6624,5616
dummy,null_12063,6720,5616
dummy,null_12064,6768,5616
dummy,null_12065,6816,5616
dummy,null_12066,6864,5616
dummy,null_12067,6912,5616
dummy,null_12068,6960,5616
dummy,null_12069,7104,5616
dummy,null_12070,7152,5616
dummy,null_12071,7200,5616
dummy,null_12072,7248,5616
dummy,null_12073,7296,5616
dummy,null_12074,7344,5616
dummy,null_12075,7392,5616
dummy,null_12076,7440,5616
dummy,null_12077,7536,5616
dummy,null_12078,7584,5616
dummy,null_12079,7776,5616
dummy,null_12080,7872,5616
dummy,null_12081,7920,5616
dummy,null_12082,8016,5616
dummy,null_12083,8064,5616
dummy,null_12084,8160,5616
dummy,null_12085,8304,5616
dummy,null_12086,8448,5616
dummy,null_12087,8592,5616
dummy,null_12088,8928,5616
dummy,null_12089,9024,5616
dummy,null_12090,9120,5616
dummy,null_12091,9216,5616
dummy,null_12092,9264,5616
dummy,null_12093,9552,5616
dummy,null_12094,9744,5616
dummy,null_12095,9888,5616
dummy,null_12096,9936,5616
dummy,null_12097,9984,5616
dummy,null_12098,48,5664
dummy,null_12099,96,5664
dummy,null_12100,144,5664
dummy,null_12101,192,5664
dummy,null_12102,528,5664
dummy,null_12103,576,5664
dummy,null_12104,672,5664
dummy,null_12105,768,5664
dummy,null_12106,816,5664
dummy,null_12107,864,5664
dummy,null_12108,1008,5664
dummy,null_12109,1152,5664
dummy,null_12110,1248,5664
dummy,null_12111,1344,5664
dummy,null_12112,1392,5664
dummy,null_12113,1488,5664
dummy,null_12114,2256,5664
dummy,null_12115,2304,5664
dummy,null_12116,2400,5664
dummy,null_12117,2544,5664
dummy,null_12118,2592,5664
dummy,null_12119,2640,5664
dummy,null_12120,2784,5664
dummy,null_12121,2832,5664
dummy,null_12122,2880,5664
dummy,null_12123,2928,5664
dummy,null_12124,2976,5664
dummy,null_12125,3024,5664
dummy,null_12126,3264,5664
dummy,null_12127,3408,5664
dummy,null_12128,3504,5664
dummy,null_12129,3648,5664
dummy,null_12130,3744,5664
dummy,null_12131,3840,5664
dummy,null_12132,3888,5664
dummy,null_12133,3936,5664
dummy,null_12134,3984,5664
dummy,null_12135,4080,5664
dummy,null_12136,4128,5664
dummy,null_12137,4176,5664
dummy,null_12138,4272,5664
dummy,null_12139,4320,5664
dummy,null_12140,4368,5664
dummy,null_12141,4464,5664
dummy,null_12142,4512,5664
dummy,null_12143,4608,5664
dummy,null_12144,4800,5664
dummy,null_12145,5088,5664
dummy,null_12146,5232,5664
dummy,null_12147,5280,5664
dummy,null_12148,5376,5664
dummy,null_12149,5424,5664
dummy,null_12150,5520,5664
dummy,null_12151,5568,5664
dummy,null_12152,5616,5664
dummy,null_12153,5760,5664
dummy,null_12154,6048,5664
dummy,null_12155,6192,5664
dummy,null_12156,6624,5664
dummy,null_12157,6720,5664
dummy,null_12158,6768,5664
dummy,null_12159,6960,5664
dummy,null_12160,7008,5664
dummy,null_12161,7104,5664
dummy,null_12162,7152,5664
dummy,null_12163,7488,5664
dummy,null_12164,7536,5664
dummy,null_12165,7632,5664
dummy,null_12166,7872,5664
dummy,null_12167,8016,5664
dummy,null_12168,8064,5664
dummy,null_12169,8112,5664
dummy,null_12170,8160,5664
dummy,null_12171,8208,5664
dummy,null_12172,8352,5664
dummy,null_12173,8400,5664
dummy,null_12174,8592,5664
dummy,null_12175,8640,5664
dummy,null_12176,8688,5664
dummy,null_12177,8736,5664
dummy,null_12178,8832,5664
dummy,null_12179,8976,5664
dummy,null_12180,9120,5664
dummy,null_12181,9168,5664
dummy,null_12182,9216,5664
dummy,null_12183,9264,5664
dummy,null_12184,9408,5664
dummy,null_12185,9504,5664
dummy,null_12186,9600,5664
dummy,null_12187,9648,5664
dummy,null_12188,9744,5664
dummy,null_12189,9840,5664
dummy,null_12190,240,5712
dummy,null_12191,336,5712
dummy,null_12192,432,5712
dummy,null_12193,480,5712
dummy,null_12194,528,5712
dummy,null_12195,576,5712
dummy,null_12196,624,5712
dummy,null_12197,720,5712
dummy,null_12198,1056,5712
dummy,null_12199,1152,5712
dummy,null_12200,1344,5712
dummy,null_12201,1392,5712
dummy,null_12202,1488,5712
dummy,null_12203,1536,5712
dummy,null_12204,1776,5712
dummy,null_12205,1824,5712
dummy,null_12206,1920,5712
dummy,null_12207,1968,5712
dummy,null_12208,2112,5712
dummy,null_12209,2352,5712
dummy,null_12210,2400,5712
dummy,null_12211,2448,5712
dummy,null_12212,2592,5712
dummy,null_12213,2832,5712
dummy,null_12214,2880,5712
dummy,null_12215,2976,5712
dummy,null_12216,3120,5712
dummy,null_12217,3168,5712
dummy,null_12218,3216,5712
dummy,null_12219,3264,5712
dummy,null_12220,3312,5712
dummy,null_12221,3360,5712
dummy,null_12222,3456,5712
dummy,null_12223,3552,5712
dummy,null_12224,3648,5712
dummy,null_12225,3744,5712
dummy,null_12226,3792,5712
dummy,null_12227,3888,5712
dummy,null_12228,3984,5712
dummy,null_12229,4032,5712
dummy,null_12230,4080,5712
dummy,null_12231,4176,5712
dummy,null_12232,4272,5712
dummy,null_12233,4320,5712
dummy,null_12234,4416,5712
dummy,null_12235,4464,5712
dummy,null_12236,4512,5712
dummy,null_12237,4752,5712
dummy,null_12238,4896,5712
dummy,null_12239,4944,5712
dummy,null_12240,5040,5712
dummy,null_12241,5088,5712
dummy,null_12242,5136,5712
dummy,null_12243,5184,5712
dummy,null_12244,5232,5712
dummy,null_12245,5472,5712
dummy,null_12246,5616,5712
dummy,null_12247,5664,5712
dummy,null_12248,5712,5712
dummy,null_12249,5760,5712
dummy,null_12250,5808,5712
dummy,null_12251,5856,5712
dummy,null_12252,6096,5712
dummy,null_12253,6144,5712
dummy,null_12254,6192,5712
dummy,null_12255,6240,5712
dummy,null_12256,6288,5712
dummy,null_12257,6432,5712
dummy,null_12258,6480,5712
dummy,null_12259,6576,5712
dummy,null_12260,6624,5712
dummy,null_12261,6720,5712
dummy,null_12262,6768,5712
dummy,null_12263,6816,5712
dummy,null_12264,6864,5712
dummy,null_12265,7344,5712
dummy,null_12266,7392,5712
dummy,null_12267,7440,5712
dummy,null_12268,7488,5712
dummy,null_12269,7584,5712
dummy,null_12270,7632,5712
dummy,null_12271,7680,5712
dummy,null_12272,8016,5712
dummy,null_12273,8064,5712
dummy,null_12274,8112,5712
dummy,null_12275,8256,5712
dummy,null_12276,8352,5712
dummy,null_12277,8400,5712
dummy,null_12278,8448,5712
dummy,null_12279,8496,5712
dummy,null_12280,8544,5712
dummy,null_12281,8592,5712
dummy,null_12282,8640,5712
dummy,null_12283,8688,5712
dummy,null_12284,8736,5712
dummy,null_12285,8784,5712
dummy,null_12286,8928,5712
dummy,null_12287,9024,5712
dummy,null_12288,9120,5712
dummy,null_12289,9312,5712
dummy,null_12290,9360,5712
dummy,null_12291,9408,5712
dummy,null_12292,9456,5712
dummy,null_12293,9504,5712
dummy,null_12294,9600,5712
dummy,null_12295,9696,5712
dummy,null_12296,9744,5712
dummy,null_12297,9792,5712
dummy,null_12298,9888,5712
dummy,null_12299,192,5760
dummy,null_12300,624,5760
dummy,null_12301,864,5760
dummy,null_12302,912,5760
dummy,null_12303,960,5760
dummy,null_12304,1152,5760
dummy,null_12305,1344,5760
dummy,null_12306,1392,5760
dummy,null_12307,1440,5760
dummy,null_12308,1584,5760
dummy,null_12309,1632,5760
dummy,null_12310,1824,5760
dummy,null_12311,2016,5760
dummy,null_12312,2304,5760
dummy,null_12313,2352,5760
dummy,null_12314,2448,5760
dummy,null_12315,2544,5760
dummy,null_12316,2592,5760
dummy,null_12317,2640,5760
dummy,null_12318,2688,5760
dummy,null_12319,2832,5760
dummy,null_12320,2928,5760
dummy,null_12321,3024,5760
dummy,null_12322,3072,5760
dummy,null_12323,3264,5760
dummy,null_12324,3456,5760
dummy,null_12325,3552,5760
dummy,null_12326,3792,5760
dummy,null_12327,3840,5760
dummy,null_12328,3888,5760
dummy,null_12329,4128,5760
dummy,null_12330,4224,5760
dummy,null_12331,4272,5760
dummy,null_12332,4320,5760
dummy,null_12333,4368,5760
dummy,null_12334,4416,5760
dummy,null_12335,4464,5760
dummy,null_12336,4512,5760
dummy,null_12337,4560,5760
dummy,null_12338,4656,5760
dummy,null_12339,4800,5760
dummy,null_12340,4848,5760
dummy,null_12341,4896,5760
dummy,null_12342,4992,5760
dummy,null_12343,5136,5760
dummy,null_12344,5328,5760
dummy,null_12345,5376,5760
dummy,null_12346,5424,5760
dummy,null_12347,5472,5760
dummy,null_12348,5568,5760
dummy,null_12349,5616,5760
dummy,null_12350,5904,5760
dummy,null_12351,6048,5760
dummy,null_12352,6144,5760
dummy,null_12353,6288,5760
dummy,null_12354,6528,5760
dummy,null_12355,6576,5760
dummy,null_12356,6672,5760
dummy,null_12357,6720,5760
dummy,null_12358,6768,5760
dummy,null_12359,6960,5760
dummy,null_12360,7056,5760
dummy,null_12361,7152,5760
dummy,null_12362,7200,5760
dummy,null_12363,7248,5760
dummy,null_12364,7440,5760
dummy,null_12365,7488,5760
dummy,null_12366,7728,5760
dummy,null_12367,7824,5760
dummy,null_12368,8208,5760
dummy,null_12369,8256,5760
dummy,null_12370,8544,5760
dummy,null_12371,8592,5760
dummy,null_12372,8640,5760
dummy,null_12373,8784,5760
dummy,null_12374,8832,5760
dummy,null_12375,8880,5760
dummy,null_12376,9072,5760
dummy,null_12377,9312,5760
dummy,null_12378,9456,5760
dummy,null_12379,9696,5760
dummy,null_12380,9744,5760
dummy,null_12381,9792,5760
dummy,null_12382,9888,5760
dummy,null_12383,9936,5760
dummy,null_12384,9984,5760
dummy,null_12385,48,5808
dummy,null_12386,240,5808
dummy,null_12387,288,5808
dummy,null_12388,384,5808
dummy,null_12389,480,5808
dummy,null_12390,576,5808
dummy,null_12391,768,5808
dummy,null_12392,864,5808
dummy,null_12393,960,5808
dummy,null_12394,1008,5808
dummy,null_12395,1056,5808
dummy,null_12396,1248,5808
dummy,null_12397,1296,5808
dummy,null_12398,1488,5808
dummy,null_12399,1584,5808
dummy,null_12400,1632,5808
dummy,null_12401,1728,5808
dummy,null_12402,1920,5808
dummy,null_12403,1968,5808
dummy,null_12404,2016,5808
dummy,null_12405,2064,5808
dummy,null_12406,2112,5808
dummy,null_12407,2160,5808
dummy,null_12408,2352,5808
dummy,null_12409,2400,5808
dummy,null_12410,2448,5808
dummy,null_12411,2592,5808
dummy,null_12412,2640,5808
dummy,null_12413,2880,5808
dummy,null_12414,2976,5808
dummy,null_12415,3024,5808
dummy,null_12416,3072,5808
dummy,null_12417,3120,5808
dummy,null_12418,3216,5808
dummy,null_12419,3360,5808
dummy,null_12420,3408,5808
dummy,null_12421,3552,5808
dummy,null_12422,3600,5808
dummy,null_12423,3792,5808
dummy,null_12424,3936,5808
dummy,null_12425,4032,5808
dummy,null_12426,4176,5808
dummy,null_12427,4272,5808
dummy,null_12428,4416,5808
dummy,null_12429,4656,5808
dummy,null_12430,4800,5808
dummy,null_12431,4848,5808
dummy,null_12432,4896,5808
dummy,null_12433,4944,5808
dummy,null_12434,4992,5808
dummy,null_12435,5040,5808
dummy,null_12436,5136,5808
dummy,null_12437,5184,5808
dummy,null_12438,5232,5808
dummy,null_12439,5280,5808
dummy,null_12440,5328,5808
dummy,null_12441,5424,5808
dummy,null_12442,5520,5808
dummy,null_12443,5568,5808
dummy,null_12444,5616,5808
dummy,null_12445,5664,5808
dummy,null_12446,5712,5808
dummy,null_12447,5760,5808
dummy,null_12448,5856,5808
dummy,null_12449,5904,5808
dummy,null_12450,5952,5808
dummy,null_12451,6144,5808
dummy,null_12452,6192,5808
dummy,null_12453,6288,5808
dummy,null_12454,6384,5808
dummy,null_12455,6480,5808
dummy,null_12456,6816,5808
dummy,null_12457,6912,5808
dummy,null_12458,7008,5808
dummy,null_12459,7056,5808
dummy,null_12460,7152,5808
dummy,null_12461,7248,5808
dummy,null_12462,7440,5808
dummy,null_12463,7584,5808
dummy,null_12464,7632,5808
dummy,null_12465,7776,5808
dummy,null_12466,7872,5808
dummy,null_12467,7968,5808
dummy,null_12468,8160,5808
dummy,null_12469,8208,5808
dummy,null_12470,8256,5808
dummy,null_12471,8304,5808
dummy,null_12472,8400,5808
dummy,null_12473,8544,5808
dummy,null_12474,8592,5808
dummy,null_12475,8640,5808
dummy,null_12476,8688,5808
dummy,null_12477,8784,5808
dummy,null_12478,8880,5808
dummy,null_12479,8976,5808
dummy,null_12480,9120,5808
dummy,null_12481,9168,5808
dummy,null_12482,9216,5808
dummy,null_12483,9408,5808
dummy,null_12484,9456,5808
dummy,null_12485,9552,5808
dummy,null_12486,9600,5808
dummy,null_12487,9696,5808
dummy,null_12488,9792,5808
dummy,null_12489,9984,5808
dummy,null_12490,0,5856
dummy,null_12491,48,5856
dummy,null_12492,96,5856
dummy,null_12493,288,5856
dummy,null_12494,384,5856
dummy,null_12495,432,5856
dummy,null_12496,480,5856
dummy,null_12497,576,5856
dummy,null_12498,672,5856
dummy,null_12499,768,5856
dummy,null_12500,816,5856
dummy,null_12501,912,5856
dummy,null_12502,960,5856
dummy,null_12503,1008,5856
dummy,null_12504,1152,5856
dummy,null_12505,1248,5856
dummy,null_12506,1344,5856
dummy,null_12507,1440,5856
dummy,null_12508,1488,5856
dummy,null_12509,1632,5856
dummy,null_12510,1920,5856
dummy,null_12511,1968,5856
dummy,null_12512,2016,5856
dummy,null_12513,2160,5856
dummy,null_12514,2208,5856
dummy,null_12515,2304,5856
dummy,null_12516,2352,5856
dummy,null_12517,2496,5856
dummy,null_12518,2592,5856
dummy,null_12519,2688,5856
dummy,null_12520,2880,5856
dummy,null_12521,2928,5856
dummy,null_12522,2976,5856
dummy,null_12523,3168,5856
dummy,null_12524,3312,5856
dummy,null_12525,3360,5856
dummy,null_12526,3600,5856
dummy,null_12527,3648,5856
dummy,null_12528,3792,5856
dummy,null_12529,3888,5856
dummy,null_12530,3936,5856
dummy,null_12531,4176,5856
dummy,null_12532,4272,5856
dummy,null_12533,4512,5856
dummy,null_12534,4656,5856
dummy,null_12535,4848,5856
dummy,null_12536,4896,5856
dummy,null_12537,4992,5856
dummy,null_12538,5136,5856
dummy,null_12539,5184,5856
dummy,null_12540,5280,5856
dummy,null_12541,5376,5856
dummy,null_12542,5424,5856
dummy,null_12543,5568,5856
dummy,null_12544,5616,5856
dummy,null_12545,5712,5856
dummy,null_12546,5904,5856
dummy,null_12547,5952,5856
dummy,null_12548,6240,5856
dummy,null_12549,6288,5856
dummy,null_12550,6336,5856
dummy,null_12551,6384,5856
dummy,null_12552,6432,5856
dummy,null_12553,6672,5856
dummy,null_12554,6768,5856
dummy,null_12555,6864,5856
dummy,null_12556,6960,5856
dummy,null_12557,7008,5856
dummy,null_12558,7056,5856
dummy,null_12559,7152,5856
dummy,null_12560,7296,5856
dummy,null_12561,7392,5856
dummy,null_12562,7632,5856
dummy,null_12563,7776,5856
dummy,null_12564,7872,5856
dummy,null_12565,7920,5856
dummy,null_12566,7968,5856
dummy,null_12567,8112,5856
dummy,null_12568,8208,5856
dummy,null_12569,8352,5856
dummy,null_12570,8400,5856
dummy,null_12571,8448,5856
dummy,null_12572,8496,5856
dummy,null_12573,8592,5856
dummy,null_12574,8640,5856
dummy,null_12575,8784,5856
dummy,null_12576,8832,5856
dummy,null_12577,9120,5856
dummy,null_12578,9168,5856
dummy,null_12579,9264,5856
dummy,null_12580,9312,5856
dummy,null_12581,9744,5856
dummy,null_12582,9840,5856
dummy,null_12583,9888,5856
dummy,null_12584,9936,5856
dummy,null_12585,48,5904
dummy,null_12586,240,5904
dummy,null_12587,384,5904
dummy,null_12588,432,5904
dummy,null_12589,576,5904
dummy,null_12590,624,5904
dummy,null_12591,816,5904
dummy,null_12592,864,5904
dummy,null_12593,912,5904
dummy,null_12594,1104,5904
dummy,null_12595,1296,5904
dummy,null_12596,1344,5904
dummy,null_12597,1392,5904
dummy,null_12598,1536,5904
dummy,null_12599,1584,5904
dummy,null_12600,1632,5904
dummy,null_12601,1680,5904
dummy,null_12602,1824,5904
dummy,null_12603,1872,5904
dummy,null_12604,2016,5904
dummy,null_12605,2112,5904
dummy,null_12606,2256,5904
dummy,null_12607,2496,5904
dummy,null_12608,2736,5904
dummy,null_12609,2880,5904
dummy,null_12610,3024,5904
dummy,null_12611,3072,5904
dummy,null_12612,3168,5904
dummy,null_12613,3312,5904
dummy,null_12614,3360,5904
dummy,null_12615,3456,5904
dummy,null_12616,3504,5904
dummy,null_12617,3552,5904
dummy,null_12618,3792,5904
dummy,null_12619,3840,5904
dummy,null_12620,3888,5904
dummy,null_12621,3936,5904
dummy,null_12622,3984,5904
dummy,null_12623,4032,5904
dummy,null_12624,4080,5904
dummy,null_12625,4128,5904
dummy,null_12626,4224,5904
dummy,null_12627,4704,5904
dummy,null_12628,4752,5904
dummy,null_12629,4800,5904
dummy,null_12630,4896,5904
dummy,null_12631,4944,5904
dummy,null_12632,5040,5904
dummy,null_12633,5232,5904
dummy,null_12634,5328,5904
dummy,null_12635,5520,5904
dummy,null_12636,5616,5904
dummy,null_12637,5712,5904
dummy,null_12638,5760,5904
dummy,null_12639,5808,5904
dummy,null_12640,5856,5904
dummy,null_12641,5904,5904
dummy,null_12642,6000,5904
dummy,null_12643,6048,5904
dummy,null_12644,6096,5904
dummy,null_12645,6336,5904
dummy,null_12646,6384,5904
dummy,null_12647,6528,5904
dummy,null_12648,6576,5904
dummy,null_12649,6720,5904
dummy,null_12650,6768,5904
dummy,null_12651,6816,5904
dummy,null_12652,7104,5904
dummy,null_12653,7200,5904
dummy,null_12654,7392,5904
dummy,null_12655,7488,5904
dummy,null_12656,7872,5904
dummy,null_12657,7920,5904
dummy,null_12658,7968,5904
dummy,null_12659,8016,5904
dummy,null_12660,8064,5904
dummy,null_12661,8160,5904
dummy,null_12662,8256,5904
dummy,null_12663,8352,5904
dummy,null_12664,8400,5904
dummy,null_12665,8448,5904
dummy,null_12666,8496,5904
dummy,null_12667,8544,5904
dummy,null_12668,8640,5904
dummy,null_12669,8688,5904
dummy,null_12670,8928,5904
dummy,null_12671,8976,5904
dummy,null_12672,9024,5904
dummy,null_12673,9072,5904
dummy,null_12674,9312,5904
dummy,null_12675,9456,5904
dummy,null_12676,9504,5904
dummy,null_12677,9552,5904
dummy,null_12678,9600,5904
dummy,null_12679,9696,5904
dummy,null_12680,9840,5904
dummy,null_12681,9984,5904
dummy,null_12682,48,5952
dummy,null_12683,96,5952
dummy,null_12684,144,5952
dummy,null_12685,192,5952
dummy,null_12686,240,5952
dummy,null_12687,336,5952
dummy,null_12688,432,5952
dummy,null_12689,480,5952
dummy,null_12690,528,5952
dummy,null_12691,624,5952
dummy,null_12692,768,5952
dummy,null_12693,864,5952
dummy,null_12694,1056,5952
dummy,null_12695,1104,5952
dummy,null_12696,1296,5952
dummy,null_12697,1488,5952
dummy,null_12698,1584,5952
dummy,null_12699,1872,5952
dummy,null_12700,1920,5952
dummy,null_12701,1968,5952
dummy,null_12702,2016,5952
dummy,null_12703,2064,5952
dummy,null_12704,2160,5952
dummy,null_12705,2352,5952
dummy,null_12706,2400,5952
dummy,null_12707,2448,5952
dummy,null_12708,2496,5952
dummy,null_12709,2592,5952
dummy,null_12710,2640,5952
dummy,null_12711,3216,5952
dummy,null_12712,3264,5952
dummy,null_12713,3360,5952
dummy,null_12714,3408,5952
dummy,null_12715,3456,5952
dummy,null_12716,3552,5952
dummy,null_12717,3600,5952
dummy,null_12718,3744,5952
dummy,null_12719,3840,5952
dummy,null_12720,3936,5952
dummy,null_12721,4032,5952
dummy,null_12722,4176,5952
dummy,null_12723,4272,5952
dummy,null_12724,4368,5952
dummy,null_12725,4656,5952
dummy,null_12726,4704,5952
dummy,null_12727,4800,5952
dummy,null_12728,4896,5952
dummy,null_12729,5088,5952
dummy,null_12730,5136,5952
dummy,null_12731,5280,5952
dummy,null_12732,5376,5952
dummy,null_12733,5520,5952
dummy,null_12734,5568,5952
dummy,null_12735,5616,5952
dummy,null_12736,5808,5952
dummy,null_12737,5856,5952
dummy,null_12738,5904,5952
dummy,null_12739,6000,5952
dummy,null_12740,6144,5952
dummy,null_12741,6288,5952
dummy,null_12742,6336,5952
dummy,null_12743,6480,5952
dummy,null_12744,6528,5952
dummy,null_12745,6576,5952
dummy,null_12746,6672,5952
dummy,null_12747,6720,5952
dummy,null_12748,6768,5952
dummy,null_12749,6864,5952
dummy,null_12750,6960,5952
dummy,null_12751,7008,5952
dummy,null_12752,7104,5952
dummy,null_12753,7152,5952
dummy,null_12754,7200,5952
dummy,null_12755,7296,5952
dummy,null_12756,7392,5952
dummy,null_12757,7440,5952
dummy,null_12758,7584,5952
dummy,null_12759,7632,5952
dummy,null_12760,7680,5952
dummy,null_12761,7872,5952
dummy,null_12762,7920,5952
dummy,null_12763,8208,5952
dummy,null_12764,8352,5952
dummy,null_12765,8400,5952
dummy,null_12766,8448,5952
dummy,null_12767,8544,5952
dummy,null_12768,8592,5952
dummy,null_12769,8640,5952
dummy,null_12770,8736,5952
dummy,null_12771,8880,5952
dummy,null_12772,9024,5952
dummy,null_12773,9072,5952
dummy,null_12774,9120,5952
dummy,null_12775,9216,5952
dummy,null_12776,9264,5952
dummy,null_12777,9312,5952
dummy,null_12778,9408,5952
dummy,null_12779,9504,5952
dummy,null_12780,9552,5952
dummy,null_12781,9600,5952
dummy,null_12782,9696,5952
dummy,null_12783,9744,5952
dummy,null_12784,9936,5952
dummy,null_12785,9984,5952
dummy,null_12786,48,6000
dummy,null_12787,144,6000
dummy,null_12788,240,6000
dummy,null_12789,384,6000
dummy,null_12790,432,6000
dummy,null_12791,480,6000
dummy,null_12792,816,6000
dummy,null_12793,912,6000
dummy,null_12794,960,6000
dummy,null_12795,1056,6000
dummy,null_12796,1104,6000
dummy,null_12797,1152,6000
dummy,null_12798,1200,6000
dummy,null_12799,1248,6000
dummy,null_12800,1296,6000
dummy,null_12801,1344,6000
dummy,null_12802,1392,6000
dummy,null_12803,1440,6000
dummy,null_12804,1488,6000
dummy,null_12805,1536,6000
dummy,null_12806,1584,6000
dummy,null_12807,1632,6000
dummy,null_12808,1872,6000
dummy,null_12809,1920,6000
dummy,null_12810,2160,6000
dummy,null_12811,2256,6000
dummy,null_12812,2352,6000
dummy,null_12813,2448,6000
dummy,null_12814,2640,6000
dummy,null_12815,2688,6000
dummy,null_12816,2832,6000
dummy,null_12817,2928,6000
dummy,null_12818,3168,6000
dummy,null_12819,3216,6000
dummy,null_12820,3264,6000
dummy,null_12821,3552,6000
dummy,null_12822,3600,6000
dummy,null_12823,3648,6000
dummy,null_12824,3744,6000
dummy,null_12825,3936,6000
dummy,null_12826,4080,6000
dummy,null_12827,4128,6000
dummy,null_12828,4272,6000
dummy,null_12829,4368,6000
dummy,null_12830,4416,6000
dummy,null_12831,4512,6000
dummy,null_12832,4560,6000
dummy,null_12833,4608,6000
dummy,null_12834,4656,6000
dummy,null_12835,4800,6000
dummy,null_12836,4944,6000
dummy,null_12837,4992,6000
dummy,null_12838,5088,6000
dummy,null_12839,5280,6000
dummy,null_12840,5328,6000
dummy,null_12841,5424,6000
dummy,null_12842,5472,6000
dummy,null_12843,5520,6000
dummy,null_12844,5616,6000
dummy,null_12845,5712,6000
dummy,null_12846,5760,6000
dummy,null_12847,5856,6000
dummy,null_12848,5952,6000
dummy,null_12849,6000,6000
dummy,null_12850,6096,6000
dummy,null_12851,6144,6000
dummy,null_12852,6288,6000
dummy,null_12853,6480,6000
dummy,null_12854,6528,6000
dummy,null_12855,6576,6000
dummy,null_12856,6720,6000
dummy,null_12857,6768,6000
dummy,null_12858,6960,6000
dummy,null_12859,7008,6000
dummy,null_12860,7200,6000
dummy,null_12861,7248,6000
dummy,null_12862,7296,6000
dummy,null_12863,7344,6000
dummy,null_12864,7440,6000
dummy,null_12865,7536,6000
dummy,null_12866,7728,6000
dummy,null_12867,7776,6000
dummy,null_12868,7968,6000
dummy,null_12869,8256,6000
dummy,null_12870,8448,6000
dummy,null_12871,8592,6000
dummy,null_12872,8688,6000
dummy,null_12873,8736,6000
dummy,null_12874,8832,6000
dummy,null_12875,8880,6000
dummy,null_12876,8928,6000
dummy,null_12877,8976,6000
dummy,null_12878,9024,6000
dummy,null_12879,9072,6000
dummy,null_12880,9264,6000
dummy,null_12881,9552,6000
dummy,null_12882,9744,6000
dummy,null_12883,9840,6000
dummy,null_12884,9888,6000
dummy,null_12885,9936,6000
dummy,null_12886,192,6048
dummy,null_12887,240,6048
dummy,null_12888,288,6048
dummy,null_12889,432,6048
dummy,null_12890,480,6048
dummy,null_12891,528,6048
dummy,null_12892,576,6048
dummy,null_12893,672,6048
dummy,null_12894,768,6048
dummy,null_12895,816,6048
dummy,null_12896,864,6048
dummy,null_12897,1008,6048
dummy,null_12898,1104,6048
dummy,null_12899,1152,6048
dummy,null_12900,1200,6048
dummy,null_12901,1248,6048
dummy,null_12902,1344,6048
dummy,null_12903,1488,6048
dummy,null_12904,1728,6048
dummy,null_12905,1776,6048
dummy,null_12906,1824,6048
dummy,null_12907,1920,6048
dummy,null_12908,2064,6048
dummy,null_12909,2352,6048
dummy,null_12910,2448,6048
dummy,null_12911,2496,6048
dummy,null_12912,2544,6048
dummy,null_12913,2688,6048
dummy,null_12914,2880,6048
dummy,null_12915,3024,6048
dummy,null_12916,3120,6048
dummy,null_12917,3360,6048
dummy,null_12918,3408,6048
dummy,null_12919,3456,6048
dummy,null_12920,3744,6048
dummy,null_12921,3840,6048
dummy,null_12922,3888,6048
dummy,null_12923,4080,6048
dummy,null_12924,4272,6048
dummy,null_12925,4368,6048
dummy,null_12926,4416,6048
dummy,null_12927,4560,6048
dummy,null_12928,4656,6048
dummy,null_12929,4752,6048
dummy,null_12930,4896,6048
dummy,null_12931,5088,6048
dummy,null_12932,5280,6048
dummy,null_12933,5376,6048
dummy,null_12934,5424,6048
dummy,null_12935,5472,6048
dummy,null_12936,5520,6048
dummy,null_12937,5568,6048
dummy,null_12938,5664,6048
dummy,null_12939,5712,6048
dummy,null_12940,5904,6048
dummy,null_12941,5952,6048
dummy,null_12942,6000,6048
dummy,null_12943,6192,6048
dummy,null_12944,6240,6048
dummy,null_12945,6288,6048
dummy,null_12946,6336,6048
dummy,null_12947,6384,6048
dummy,null_12948,6480,6048
dummy,null_12949,6528,6048
dummy,null_12950,6576,6048
dummy,null_12951,6672,6048
dummy,null_12952,6720,6048
dummy,null_12953,6816,6048
dummy,null_12954,6864,6048
dummy,null_12955,6912,6048
dummy,null_12956,7104,6048
dummy,null_12957,7152,6048
dummy,null_12958,7248,6048
dummy,null_12959,7296,6048
dummy,null_12960,7440,6048
dummy,null_12961,7488,6048
dummy,null_12962,7824,6048
dummy,null_12963,7872,6048
dummy,null_12964,7920,6048
dummy,null_12965,8016,6048
dummy,null_12966,8064,6048
dummy,null_12967,8112,6048
dummy,null_12968,8160,6048
dummy,null_12969,8304,6048
dummy,null_12970,8352,6048
dummy,null_12971,8448,6048
dummy,null_12972,8592,6048
dummy,null_12973,8640,6048
dummy,null_12974,8688,6048
dummy,null_12975,8784,6048
dummy,null_12976,8832,6048
dummy,null_12977,9120,6048
dummy,null_12978,9264,6048
dummy,null_12979,9360,6048
dummy,null_12980,9600,6048
dummy,null_12981,9792,6048
dummy,null_12982,9840,6048
dummy,null_12983,9936,6048
dummy,null_12984,48,6096
dummy,null_12985,96,6096
dummy,null_12986,336,6096
dummy,null_12987,384,6096
dummy,null_12988,480,6096
dummy,null_12989,528,6096
dummy,null_12990,576,6096
dummy,null_12991,624,6096
dummy,null_12992,672,6096
dummy,null_12993,720,6096
dummy,null_12994,768,6096
dummy,null_12995,816,6096
dummy,null_12996,960,6096
dummy,null_12997,1008,6096
dummy,null_12998,1056,6096
dummy,null_12999,1152,6096
dummy,null_13000,1200,6096
dummy,null_13001,1296,6096
dummy,null_13002,1536,6096
dummy,null_13003,1680,6096
dummy,null_13004,1776,6096
dummy,null_13005,1872,6096
dummy,null_13006,1920,6096
dummy,null_13007,1968,6096
dummy,null_13008,2064,6096
dummy,null_13009,2160,6096
dummy,null_13010,2208,6096
dummy,null_13011,2304,6096
dummy,null_13012,2448,6096
dummy,null_13013,2592,6096
dummy,null_13014,2736,6096
dummy,null_13015,2832,6096
dummy,null_13016,3264,6096
dummy,null_13017,3360,6096
dummy,null_13018,3456,6096
dummy,null_13019,3504,6096
dummy,null_13020,3552,6096
dummy,null_13021,3696,6096
dummy,null_13022,4224,6096
dummy,null_13023,4272,6096
dummy,null_13024,4368,6096
dummy,null_13025,4464,6096
dummy,null_13026,4512,6096
dummy,null_13027,4560,6096
dummy,null_13028,4752,6096
dummy,null_13029,4800,6096
dummy,null_13030,4848,6096
dummy,null_13031,4944,6096
dummy,null_13032,4992,6096
dummy,null_13033,5136,6096
dummy,null_13034,5280,6096
dummy,null_13035,5328,6096
dummy,null_13036,5424,6096
dummy,null_13037,5520,6096
dummy,null_13038,5568,6096
dummy,null_13039,5616,6096
dummy,null_13040,5664,6096
dummy,null_13041,5856,6096
dummy,null_13042,5904,6096
dummy,null_13043,5952,6096
dummy,null_13044,6000,6096
dummy,null_13045,6048,6096
dummy,null_13046,6192,6096
dummy,null_13047,6288,6096
dummy,null_13048,6480,6096
dummy,null_13049,6576,6096
dummy,null_13050,6624,6096
dummy,null_13051,6672,6096
dummy,null_13052,6720,6096
dummy,null_13053,6768,6096
dummy,null_13054,6864,6096
dummy,null_13055,6912,6096
dummy,null_13056,7008,6096
dummy,null_13057,7152,6096
dummy,null_13058,7200,6096
dummy,null_13059,7248,6096
dummy,null_13060,7296,6096
dummy,null_13061,7344,6096
dummy,null_13062,7392,6096
dummy,null_13063,7488,6096
dummy,null_13064,7680,6096
dummy,null_13065,7776,6096
dummy,null_13066,7824,6096
dummy,null_13067,7920,6096
dummy,null_13068,8016,6096
dummy,null_13069,8256,6096
dummy,null_13070,8304,6096
dummy,null_13071,8400,6096
dummy,null_13072,8448,6096
dummy,null_13073,8496,6096
dummy,null_13074,8544,6096
dummy,null_13075,8592,6096
dummy,null_13076,8688,6096
dummy,null_13077,8736,6096
dummy,null_13078,8832,6096
dummy,null_13079,8880,6096
dummy,null_13080,8928,6096
dummy,null_13081,8976,6096
dummy,null_13082,9024,6096
dummy,null_13083,9264,6096
dummy,null_13084,9312,6096
dummy,null_13085,9408,6096
dummy,null_13086,9552,6096
dummy,null_13087,9600,6096
dummy,null_13088,9648,6096
dummy,null_13089,9744,6096
dummy,null_13090,9792,6096
dummy,null_13091,9840,6096
dummy,null_13092,9888,6096
dummy,null_13093,9984,6096
dummy,null_13094,96,6144
dummy,null_13095,144,6144
dummy,null_13096,192,6144
dummy,null_13097,240,6144
dummy,null_13098,288,6144
dummy,null_13099,336,6144
dummy,null_13100,432,6144
dummy,null_13101,672,6144
dummy,null_13102,816,6144
dummy,null_13103,960,6144
dummy,null_13104,1248,6144
dummy,null_13105,1392,6144
dummy,null_13106,1584,6144
dummy,null_13107,1632,6144
dummy,null_13108,1728,6144
dummy,null_13109,1824,6144
dummy,null_13110,1872,6144
dummy,null_13111,1968,6144
dummy,null_13112,2064,6144
dummy,null_13113,2208,6144
dummy,null_13114,2256,6144
dummy,null_13115,2304,6144
dummy,null_13116,2352,6144
dummy,null_13117,2448,6144
dummy,null_13118,2496,6144
dummy,null_13119,2592,6144
dummy,null_13120,2640,6144
dummy,null_13121,2736,6144
dummy,null_13122,2928,6144
dummy,null_13123,3120,6144
dummy,null_13124,3168,6144
dummy,null_13125,3216,6144
dummy,null_13126,3312,6144
dummy,null_13127,3456,6144
dummy,null_13128,3696,6144
dummy,null_13129,3744,6144
dummy,null_13130,3792,6144
dummy,null_13131,3840,6144
dummy,null_13132,3936,6144
dummy,null_13133,4080,6144
dummy,null_13134,4128,6144
dummy,null_13135,4224,6144
dummy,null_13136,4320,6144
dummy,null_13137,4464,6144
dummy,null_13138,4608,6144
dummy,null_13139,4656,6144
dummy,null_13140,4704,6144
dummy,null_13141,4848,6144
dummy,null_13142,4896,6144
dummy,null_13143,4944,6144
dummy,null_13144,4992,6144
dummy,null_13145,5184,6144
dummy,null_13146,5232,6144
dummy,null_13147,5376,6144
dummy,null_13148,5424,6144
dummy,null_13149,5472,6144
dummy,null_13150,5568,6144
dummy,null_13151,5616,6144
dummy,null_13152,5664,6144
dummy,null_13153,5856,6144
dummy,null_13154,5904,6144
dummy,null_13155,5952,6144
dummy,null_13156,6192,6144
dummy,null_13157,6288,6144
dummy,null_13158,6336,6144
dummy,null_13159,6384,6144
dummy,null_13160,6432,6144
dummy,null_13161,6528,6144
dummy,null_13162,6624,6144
dummy,null_13163,6672,6144
dummy,null_13164,6720,6144
dummy,null_13165,6816,6144
dummy,null_13166,6864,6144
dummy,null_13167,7056,6144
dummy,null_13168,7104,6144
dummy,null_13169,7248,6144
dummy,null_13170,7392,6144
dummy,null_13171,7440,6144
dummy,null_13172,7488,6144
dummy,null_13173,7584,6144
dummy,null_13174,7824,6144
dummy,null_13175,7872,6144
dummy,null_13176,7920,6144
dummy,null_13177,8064,6144
dummy,null_13178,8160,6144
dummy,null_13179,8208,6144
dummy,null_13180,8352,6144
dummy,null_13181,8496,6144
dummy,null_13182,8544,6144
dummy,null_13183,8592,6144
dummy,null_13184,8688,6144
dummy,null_13185,8832,6144
dummy,null_13186,8928,6144
dummy,null_13187,8976,6144
dummy,null_13188,9024,6144
dummy,null_13189,9312,6144
dummy,null_13190,9360,6144
dummy,null_13191,9408,6144
dummy,null_13192,9456,6144
dummy,null_13193,9552,6144
dummy,null_13194,9600,6144
dummy,null_13195,9840,6144
dummy,null_13196,0,6192
dummy,null_13197,48,6192
dummy,null_13198,144,6192
dummy,null_13199,288,6192
dummy,null_13200,384,6192
dummy,null_13201,432,6192
dummy,null_13202,528,6192
dummy,null_13203,576,6192
dummy,null_13204,672,6192
dummy,null_13205,720,6192
dummy,null_13206,816,6192
dummy,null_13207,960,6192
dummy,null_13208,1008,6192
dummy,null_13209,1152,6192
dummy,null_13210,1248,6192
dummy,null_13211,1296,6192
dummy,null_13212,1344,6192
dummy,null_13213,1392,6192
dummy,null_13214,1440,6192
dummy,null_13215,1488,6192
dummy,null_13216,1536,6192
dummy,null_13217,1680,6192
dummy,null_13218,1776,6192
dummy,null_13219,1872,6192
dummy,null_13220,1968,6192
dummy,null_13221,2016,6192
dummy,null_13222,2112,6192
dummy,null_13223,2304,6192
dummy,null_13224,2352,6192
dummy,null_13225,2400,6192
dummy,null_13226,2640,6192
dummy,null_13227,2688,6192
dummy,null_13228,2784,6192
dummy,null_13229,2832,6192
dummy,null_13230,3072,6192
dummy,null_13231,3264,6192
dummy,null_13232,3456,6192
dummy,null_13233,3552,6192
dummy,null_13234,3840,6192
dummy,null_13235,3888,6192
dummy,null_13236,3984,6192
dummy,null_13237,4032,6192
dummy,null_13238,4224,6192
dummy,null_13239,4320,6192
dummy,null_13240,4368,6192
dummy,null_13241,4416,6192
dummy,null_13242,4464,6192
dummy,null_13243,4560,6192
dummy,null_13244,4704,6192
dummy,null_13245,4752,6192
dummy,null_13246,4848,6192
dummy,null_13247,4896,6192
dummy,null_13248,5136,6192
dummy,null_13249,5280,6192
dummy,null_13250,5328,6192
dummy,null_13251,5376,6192
dummy,null_13252,5424,6192
dummy,null_13253,5568,6192
dummy,null_13254,5664,6192
dummy,null_13255,5760,6192
dummy,null_13256,5904,6192
dummy,null_13257,6096,6192
dummy,null_13258,6192,6192
dummy,null_13259,6288,6192
dummy,null_13260,6336,6192
dummy,null_13261,6432,6192
dummy,null_13262,6624,6192
dummy,null_13263,6768,6192
dummy,null_13264,6816,6192
dummy,null_13265,6912,6192
dummy,null_13266,7008,6192
dummy,null_13267,7056,6192
dummy,null_13268,7104,6192
dummy,null_13269,7152,6192
dummy,null_13270,7200,6192
dummy,null_13271,7344,6192
dummy,null_13272,7392,6192
dummy,null_13273,7488,6192
dummy,null_13274,7536,6192
dummy,null_13275,7584,6192
dummy,null_13276,7632,6192
dummy,null_13277,7728,6192
dummy,null_13278,7776,6192
dummy,null_13279,7968,6192
dummy,null_13280,8352,6192
dummy,null_13281,8400,6192
dummy,null_13282,8544,6192
dummy,null_13283,8592,6192
dummy,null_13284,8640,6192
dummy,null_13285,8736,6192
dummy,null_13286,8784,6192
dummy,null_13287,8832,6192
dummy,null_13288,8976,6192
dummy,null_13289,9072,6192
dummy,null_13290,9168,6192
dummy,null_13291,9360,6192
dummy,null_13292,9408,6192
dummy,null_13293,9552,6192
dummy,null_13294,9696,6192
dummy,null_13295,9792,6192
dummy,null_13296,9936,6192
dummy,null_13297,9984,6192
dummy,null_13298,0,6240
dummy,null_13299,96,6240
dummy,null_13300,192,6240
dummy,null_13301,240,6240
dummy,null_13302,432,6240
dummy,null_13303,480,6240
dummy,null_13304,528,6240
dummy,null_13305,576,6240
dummy,null_13306,624,6240
dummy,null_13307,672,6240
dummy,null_13308,768,6240
dummy,null_13309,816,6240
dummy,null_13310,864,6240
dummy,null_13311,960,6240
dummy,null_13312,1056,6240
dummy,null_13313,1152,6240
dummy,null_13314,1248,6240
dummy,null_13315,1344,6240
dummy,null_13316,1392,6240
dummy,null_13317,1440,6240
dummy,null_13318,1488,6240
dummy,null_13319,1536,6240
dummy,null_13320,1584,6240
dummy,null_13321,1632,6240
dummy,null_13322,1680,6240
dummy,null_13323,1728,6240
dummy,null_13324,1776,6240
dummy,null_13325,1824,6240
dummy,null_13326,1920,6240
dummy,null_13327,1968,6240
dummy,null_13328,2016,6240
dummy,null_13329,2112,6240
dummy,null_13330,2208,6240
dummy,null_13331,2304,6240
dummy,null_13332,2400,6240
dummy,null_13333,2496,6240
dummy,null_13334,2544,6240
dummy,null_13335,2592,6240
dummy,null_13336,2640,6240
dummy,null_13337,2688,6240
dummy,null_13338,2784,6240
dummy,null_13339,2880,6240
dummy,null_13340,2928,6240
dummy,null_13341,3024,6240
dummy,null_13342,3120,6240
dummy,null_13343,3264,6240
dummy,null_13344,3312,6240
dummy,null_13345,3504,6240
dummy,null_13346,3696,6240
dummy,null_13347,3840,6240
dummy,null_13348,3888,6240
dummy,null_13349,4128,6240
dummy,null_13350,4176,6240
dummy,null_13351,4224,6240
dummy,null_13352,4320,6240
dummy,null_13353,4416,6240
dummy,null_13354,4464,6240
dummy,null_13355,4560,6240
dummy,null_13356,4656,6240
dummy,null_13357,4704,6240
dummy,null_13358,4848,6240
dummy,null_13359,4896,6240
dummy,null_13360,4944,6240
dummy,null_13361,4992,6240
dummy,null_13362,5040,6240
dummy,null_13363,5184,6240
dummy,null_13364,5280,6240
dummy,null_13365,5376,6240
dummy,null_13366,5424,6240
dummy,null_13367,5472,6240
dummy,null_13368,5616,6240
dummy,null_13369,5712,6240
dummy,null_13370,5904,6240
dummy,null_13371,6192,6240
dummy,null_13372,6528,6240
dummy,null_13373,6576,6240
dummy,null_13374,6624,6240
dummy,null_13375,6816,6240
dummy,null_13376,6912,6240
dummy,null_13377,7008,6240
dummy,null_13378,7152,6240
dummy,null_13379,7200,6240
dummy,null_13380,7248,6240
dummy,null_13381,7296,6240
dummy,null_13382,7392,6240
dummy,null_13383,7584,6240
dummy,null_13384,7632,6240
dummy,null_13385,7776,6240
dummy,null_13386,7824,6240
dummy,null_13387,7872,6240
dummy,null_13388,7968,6240
dummy,null_13389,8016,6240
dummy,null_13390,8208,6240
dummy,null_13391,8256,6240
dummy,null_13392,8496,6240
dummy,null_13393,8592,6240
dummy,null_13394,8640,6240
dummy,null_13395,8784,6240
dummy,null_13396,8880,6240
dummy,null_13397,9072,6240
dummy,null_13398,9120,6240
dummy,null_13399,9408,6240
dummy,null_13400,9504,6240
dummy,null_13401,9600,6240
dummy,null_13402,9648,6240
dummy,null_13403,9696,6240
dummy,null_13404,9936,6240
dummy,null_13405,9984,6240
dummy,null_13406,96,6288
dummy,null_13407,144,6288
dummy,null_13408,192,6288
dummy,null_13409,240,6288
dummy,null_13410,384,6288
dummy,null_13411,480,6288
dummy,null_13412,576,6288
dummy,null_13413,864,6288
dummy,null_13414,1104,6288
dummy,null_13415,1152,6288
dummy,null_13416,1248,6288
dummy,null_13417,1296,6288
dummy,null_13418,1344,6288
dummy,null_13419,1536,6288
dummy,null_13420,1584,6288
dummy,null_13421,1728,6288
dummy,null_13422,1776,6288
dummy,null_13423,1872,6288
dummy,null_13424,1968,6288
dummy,null_13425,2016,6288
dummy,null_13426,2064,6288
dummy,null_13427,2112,6288
dummy,null_13428,2208,6288
dummy,null_13429,2256,6288
dummy,null_13430,2400,6288
dummy,null_13431,2448,6288
dummy,null_13432,2592,6288
dummy,null_13433,2640,6288
dummy,null_13434,2784,6288
dummy,null_13435,2976,6288
dummy,null_13436,3072,6288
dummy,null_13437,3216,6288
dummy,null_13438,3360,6288
dummy,null_13439,3600,6288
dummy,null_13440,3744,6288
dummy,null_13441,3840,6288
dummy,null_13442,3888,6288
dummy,null_13443,3984,6288
dummy,null_13444,4080,6288
dummy,null_13445,4176,6288
dummy,null_13446,4416,6288
dummy,null_13447,4464,6288
dummy,null_13448,4512,6288
dummy,null_13449,4704,6288
dummy,null_13450,4752,6288
dummy,null_13451,4896,6288
dummy,null_13452,4992,6288
dummy,null_13453,5088,6288
dummy,null_13454,5136,6288
dummy,null_13455,5184,6288
dummy,null_13456,5328,6288
dummy,null_13457,5376,6288
dummy,null_13458,5472,6288
dummy,null_13459,5568,6288
dummy,null_13460,5904,6288
dummy,null_13461,5952,6288
dummy,null_13462,6144,6288
dummy,null_13463,6192,6288
dummy,null_13464,6240,6288
dummy,null_13465,6288,6288
dummy,null_13466,6432,6288
dummy,null_13467,6480,6288
dummy,null_13468,6576,6288
dummy,null_13469,6960,6288
dummy,null_13470,7056,6288
dummy,null_13471,7104,6288
dummy,null_13472,7248,6288
dummy,null_13473,7344,6288
dummy,null_13474,7392,6288
dummy,null_13475,7584,6288
dummy,null_13476,7680,6288
dummy,null_13477,7728,6288
dummy,null_13478,7776,6288
dummy,null_13479,7824,6288
dummy,null_13480,7872,6288
dummy,null_13481,8208,6288
dummy,null_13482,8256,6288
dummy,null_13483,8400,6288
dummy,null_13484,8544,6288
dummy,null_13485,8592,6288
dummy,null_13486,8640,6288
dummy,null_13487,8688,6288
dummy,null_13488,8736,6288
dummy,null_13489,8832,6288
dummy,null_13490,8880,6288
dummy,null_13491,8928,6288
dummy,null_13492,9168,6288
dummy,null_13493,9312,6288
dummy,null_13494,9504,6288
dummy,null_13495,9552,6288
dummy,null_13496,9600,6288
dummy,null_13497,9648,6288
dummy,null_13498,9696,6288
dummy,null_13499,9744,6288
dummy,null_13500,9888,6288
dummy,null_13501,9984,6288
dummy,null_13502,0,6336
dummy,null_13503,48,6336
dummy,null_13504,288,6336
dummy,null_13505,336,6336
dummy,null_13506,384,6336
dummy,null_13507,480,6336
dummy,null_13508,816,6336
dummy,null_13509,960,6336
dummy,null_13510,1008,6336
dummy,null_13511,1056,6336
dummy,null_13512,1104,6336
dummy,null_13513,1200,6336
dummy,null_13514,1248,6336
dummy,null_13515,1296,6336
dummy,null_13516,1488,6336
dummy,null_13517,1632,6336
dummy,null_13518,1776,6336
dummy,null_13519,2112,6336
dummy,null_13520,2160,6336
dummy,null_13521,2304,6336
dummy,null_13522,2352,6336
dummy,null_13523,2400,6336
dummy,null_13524,2448,6336
dummy,null_13525,2496,6336
dummy,null_13526,2544,6336
dummy,null_13527,2640,6336
dummy,null_13528,2688,6336
dummy,null_13529,2880,6336
dummy,null_13530,3264,6336
dummy,null_13531,3360,6336
dummy,null_13532,3456,6336
dummy,null_13533,3600,6336
dummy,null_13534,3648,6336
dummy,null_13535,3696,6336
dummy,null_13536,3840,6336
dummy,null_13537,3888,6336
dummy,null_13538,3936,6336
dummy,null_13539,4128,6336
dummy,null_13540,4176,6336
dummy,null_13541,4320,6336
dummy,null_13542,4464,6336
dummy,null_13543,4512,6336
dummy,null_13544,4560,6336
dummy,null_13545,4608,6336
dummy,null_13546,4704,6336
dummy,null_13547,4752,6336
dummy,null_13548,4800,6336
dummy,null_13549,4896,6336
dummy,null_13550,5040,6336
dummy,null_13551,5184,6336
dummy,null_13552,5328,6336
dummy,null_13553,5472,6336
dummy,null_13554,5520,6336
dummy,null_13555,5664,6336
dummy,null_13556,5760,6336
dummy,null_13557,6000,6336
dummy,null_13558,6048,6336
dummy,null_13559,6144,6336
dummy,null_13560,6192,6336
dummy,null_13561,6288,6336
dummy,null_13562,6480,6336
dummy,null_13563,6624,6336
dummy,null_13564,6672,6336
dummy,null_13565,6720,6336
dummy,null_13566,6912,6336
dummy,null_13567,6960,6336
dummy,null_13568,7344,6336
dummy,null_13569,7440,6336
dummy,null_13570,7584,6336
dummy,null_13571,7632,6336
dummy,null_13572,7680,6336
dummy,null_13573,7776,6336
dummy,null_13574,7920,6336
dummy,null_13575,8064,6336
dummy,null_13576,8160,6336
dummy,null_13577,8256,6336
dummy,null_13578,8400,6336
dummy,null_13579,8496,6336
dummy,null_13580,8592,6336
dummy,null_13581,8688,6336
dummy,null_13582,8880,6336
dummy,null_13583,8928,6336
dummy,null_13584,8976,6336
dummy,null_13585,9024,6336
dummy,null_13586,9072,6336
dummy,null_13587,9312,6336
dummy,null_13588,9360,6336
dummy,null_13589,9408,6336
dummy,null_13590,9696,6336
dummy,null_13591,9744,6336
dummy,null_13592,9792,6336
dummy,null_13593,9936,6336
dummy,null_13594,9984,6336
dummy,null_13595,0,6384
dummy,null_13596,48,6384
dummy,null_13597,288,6384
dummy,null_13598,384,6384
dummy,null_13599,480,6384
dummy,null_13600,528,6384
dummy,null_13601,624,6384
dummy,null_13602,672,6384
dummy,null_13603,1056,6384
dummy,null_13604,1104,6384
dummy,null_13605,1200,6384
dummy,null_13606,1248,6384
dummy,null_13607,1296,6384
dummy,null_13608,1392,6384
dummy,null_13609,1536,6384
dummy,null_13610,1584,6384
dummy,null_13611,1680,6384
dummy,null_13612,1824,6384
dummy,null_13613,2016,6384
dummy,null_13614,2112,6384
dummy,null_13615,2160,6384
dummy,null_13616,2448,6384
dummy,null_13617,2688,6384
dummy,null_13618,2832,6384
dummy,null_13619,2976,6384
dummy,null_13620,3216,6384
dummy,null_13621,3312,6384
dummy,null_13622,3408,6384
dummy,null_13623,3648,6384
dummy,null_13624,3792,6384
dummy,null_13625,3840,6384
dummy,null_13626,4032,6384
dummy,null_13627,4080,6384
dummy,null_13628,4176,6384
dummy,null_13629,4272,6384
dummy,null_13630,4320,6384
dummy,null_13631,4368,6384
dummy,null_13632,4416,6384
dummy,null_13633,4512,6384
dummy,null_13634,4560,6384
dummy,null_13635,4608,6384
dummy,null_13636,4656,6384
dummy,null_13637,4752,6384
dummy,null_13638,4800,6384
dummy,null_13639,4896,6384
dummy,null_13640,4992,6384
dummy,null_13641,5040,6384
dummy,null_13642,5088,6384
dummy,null_13643,5136,6384
dummy,null_13644,5232,6384
dummy,null_13645,5328,6384
dummy,null_13646,5424,6384
dummy,null_13647,5520,6384
dummy,null_13648,5616,6384
dummy,null_13649,5712,6384
dummy,null_13650,5904,6384
dummy,null_13651,6000,6384
dummy,null_13652,6144,6384
dummy,null_13653,6192,6384
dummy,null_13654,6336,6384
dummy,null_13655,6432,6384
dummy,null_13656,6576,6384
dummy,null_13657,6960,6384
dummy,null_13658,7248,6384
dummy,null_13659,7296,6384
dummy,null_13660,7440,6384
dummy,null_13661,7584,6384
dummy,null_13662,7728,6384
dummy,null_13663,7824,6384
dummy,null_13664,7920,6384
dummy,null_13665,8016,6384
dummy,null_13666,8208,6384
dummy,null_13667,8256,6384
dummy,null_13668,8352,6384
dummy,null_13669,8400,6384
dummy,null_13670,8496,6384
dummy,null_13671,8544,6384
dummy,null_13672,8640,6384
dummy,null_13673,8832,6384
dummy,null_13674,9072,6384
dummy,null_13675,9168,6384
dummy,null_13676,9312,6384
dummy,null_13677,9360,6384
dummy,null_13678,9408,6384
dummy,null_13679,9456,6384
dummy,null_13680,9552,6384
dummy,null_13681,9648,6384
dummy,null_13682,9888,6384
dummy,null_13683,96,6432
dummy,null_13684,144,6432
dummy,null_13685,192,6432
dummy,null_13686,240,6432
dummy,null_13687,336,6432
dummy,null_13688,432,6432
dummy,null_13689,576,6432
dummy,null_13690,624,6432
dummy,null_13691,816,6432
dummy,null_13692,912,6432
dummy,null_13693,1008,6432
dummy,null_13694,1104,6432
dummy,null_13695,1344,6432
dummy,null_13696,1392,6432
dummy,null_13697,1536,6432
dummy,null_13698,1728,6432
dummy,null_13699,1872,6432
dummy,null_13700,2112,6432
dummy,null_13701,2160,6432
dummy,null_13702,2256,6432
dummy,null_13703,2400,6432
dummy,null_13704,2688,6432
dummy,null_13705,2736,6432
dummy,null_13706,2832,6432
dummy,null_13707,3120,6432
dummy,null_13708,3168,6432
dummy,null_13709,3312,6432
dummy,null_13710,3360,6432
dummy,null_13711,3456,6432
dummy,null_13712,3504,6432
dummy,null_13713,3552,6432
dummy,null_13714,3600,6432
dummy,null_13715,3648,6432
dummy,null_13716,3840,6432
dummy,null_13717,3888,6432
dummy,null_13718,3984,6432
dummy,null_13719,4080,6432
dummy,null_13720,4176,6432
dummy,null_13721,4320,6432
dummy,null_13722,4368,6432
dummy,null_13723,4464,6432
dummy,null_13724,4512,6432
dummy,null_13725,4608,6432
dummy,null_13726,4704,6432
dummy,null_13727,4800,6432
dummy,null_13728,4896,6432
dummy,null_13729,4992,6432
dummy,null_13730,5088,6432
dummy,null_13731,5136,6432
dummy,null_13732,5280,6432
dummy,null_13733,5328,6432
dummy,null_13734,5376,6432
dummy,null_13735,5520,6432
dummy,null_13736,5664,6432
dummy,null_13737,5760,6432
dummy,null_13738,6048,6432
dummy,null_13739,6096,6432
dummy,null_13740,6144,6432
dummy,null_13741,6192,6432
dummy,null_13742,6288,6432
dummy,null_13743,6336,6432
dummy,null_13744,6384,6432
dummy,null_13745,6432,6432
dummy,null_13746,6672,6432
dummy,null_13747,6912,6432
dummy,null_13748,6960,6432
dummy,null_13749,7008,6432
dummy,null_13750,7200,6432
dummy,null_13751,7248,6432
dummy,null_13752,7296,6432
dummy,null_13753,7440,6432
dummy,null_13754,7488,6432
dummy,null_13755,7536,6432
dummy,null_13756,7632,6432
dummy,null_13757,7776,6432
dummy,null_13758,7872,6432
dummy,null_13759,8016,6432
dummy,null_13760,8064,6432
dummy,null_13761,8112,6432
dummy,null_13762,8160,6432
dummy,null_13763,8304,6432
dummy,null_13764,8448,6432
dummy,null_13765,8976,6432
dummy,null_13766,9216,6432
dummy,null_13767,9312,6432
dummy,null_13768,9360,6432
dummy,null_13769,9600,6432
dummy,null_13770,9648,6432
dummy,null_13771,9696,6432
dummy,null_13772,9792,6432
dummy,null_13773,9840,6432
dummy,null_13774,9984,6432
dummy,null_13775,48,6480
dummy,null_13776,96,6480
dummy,null_13777,192,6480
dummy,null_13778,240,6480
dummy,null_13779,336,6480
dummy,null_13780,432,6480
dummy,null_13781,672,6480
dummy,null_13782,960,6480
dummy,null_13783,1296,6480
dummy,null_13784,1392,6480
dummy,null_13785,1488,6480
dummy,null_13786,1632,6480
dummy,null_13787,1680,6480
dummy,null_13788,1824,6480
dummy,null_13789,2016,6480
dummy,null_13790,2112,6480
dummy,null_13791,2160,6480
dummy,null_13792,2208,6480
dummy,null_13793,2256,6480
dummy,null_13794,2400,6480
dummy,null_13795,2448,6480
dummy,null_13796,2640,6480
dummy,null_13797,2736,6480
dummy,null_13798,2784,6480
dummy,null_13799,2832,6480
dummy,null_13800,2880,6480
dummy,null_13801,3216,6480
dummy,null_13802,3312,6480
dummy,null_13803,3456,6480
dummy,null_13804,3504,6480
dummy,null_13805,3552,6480
dummy,null_13806,3648,6480
dummy,null_13807,3696,6480
dummy,null_13808,3840,6480
dummy,null_13809,3888,6480
dummy,null_13810,3936,6480
dummy,null_13811,4032,6480
dummy,null_13812,4224,6480
dummy,null_13813,4368,6480
dummy,null_13814,4416,6480
dummy,null_13815,4464,6480
dummy,null_13816,4512,6480
dummy,null_13817,4560,6480
dummy,null_13818,4656,6480
dummy,null_13819,4896,6480
dummy,null_13820,4944,6480
dummy,null_13821,4992,6480
dummy,null_13822,5184,6480
dummy,null_13823,5232,6480
dummy,null_13824,5280,6480
dummy,null_13825,5328,6480
dummy,null_13826,5520,6480
dummy,null_13827,5568,6480
dummy,null_13828,5616,6480
dummy,null_13829,5712,6480
dummy,null_13830,5952,6480
dummy,null_13831,6048,6480
dummy,null_13832,6096,6480
dummy,null_13833,6288,6480
dummy,null_13834,6336,6480
dummy,null_13835,6624,6480
dummy,null_13836,6768,6480
dummy,null_13837,6960,6480
dummy,null_13838,7008,6480
dummy,null_13839,7104,6480
dummy,null_13840,7152,6480
dummy,null_13841,7248,6480
dummy,null_13842,7344,6480
dummy,null_13843,7440,6480
dummy,null_13844,7728,6480
dummy,null_13845,7920,6480
dummy,null_13846,8016,6480
dummy,null_13847,8160,6480
dummy,null_13848,8208,6480
dummy,null_13849,8256,6480
dummy,null_13850,8352,6480
dummy,null_13851,8544,6480
dummy,null_13852,8640,6480
dummy,null_13853,8736,6480
dummy,null_13854,8976,6480
dummy,null_13855,9024,6480
dummy,null_13856,9072,6480
dummy,null_13857,9264,6480
dummy,null_13858,9312,6480
dummy,null_13859,9360,6480
dummy,null_13860,9456,6480
dummy,null_13861,9648,6480
dummy,null_13862,9792,6480
dummy,null_13863,9888,6480
dummy,null_13864,9936,6480
dummy,null_13865,0,6528
dummy,null_13866,48,6528
dummy,null_13867,192,6528
dummy,null_13868,240,6528
dummy,null_13869,288,6528
dummy,null_13870,336,6528
dummy,null_13871,528,6528
dummy,null_13872,576,6528
dummy,null_13873,816,6528
dummy,null_13874,912,6528
dummy,null_13875,1056,6528
dummy,null_13876,1248,6528
dummy,null_13877,1344,6528
dummy,null_13878,1392,6528
dummy,null_13879,1488,6528
dummy,null_13880,1584,6528
dummy,null_13881,1632,6528
dummy,null_13882,1680,6528
dummy,null_13883,1776,6528
dummy,null_13884,1968,6528
dummy,null_13885,2064,6528
dummy,null_13886,2160,6528
dummy,null_13887,2304,6528
dummy,null_13888,2448,6528
dummy,null_13889,2496,6528
dummy,null_13890,2544,6528
dummy,null_13891,2592,6528
dummy,null_13892,2640,6528
dummy,null_13893,2688,6528
dummy,null_13894,2784,6528
dummy,null_13895,2832,6528
dummy,null_13896,2928,6528
dummy,null_13897,3120,6528
dummy,null_13898,3216,6528
dummy,null_13899,3360,6528
dummy,null_13900,3504,6528
dummy,null_13901,3552,6528
dummy,null_13902,3744,6528
dummy,null_13903,3792,6528
dummy,null_13904,3936,6528
dummy,null_13905,3984,6528
dummy,null_13906,4176,6528
dummy,null_13907,4272,6528
dummy,null_13908,4320,6528
dummy,null_13909,4416,6528
dummy,null_13910,4464,6528
dummy,null_13911,4512,6528
dummy,null_13912,4656,6528
dummy,null_13913,4896,6528
dummy,null_13914,4992,6528
dummy,null_13915,5088,6528
dummy,null_13916,5184,6528
dummy,null_13917,5328,6528
dummy,null_13918,5376,6528
dummy,null_13919,5472,6528
dummy,null_13920,5568,6528
dummy,null_13921,5760,6528
dummy,null_13922,6000,6528
dummy,null_13923,6048,6528
dummy,null_13924,6096,6528
dummy,null_13925,6144,6528
dummy,null_13926,6336,6528
dummy,null_13927,6384,6528
dummy,null_13928,6432,6528
dummy,null_13929,6480,6528
dummy,null_13930,6624,6528
dummy,null_13931,6960,6528
dummy,null_13932,7056,6528
dummy,null_13933,7152,6528
dummy,null_13934,7200,6528
dummy,null_13935,7248,6528
dummy,null_13936,7344,6528
dummy,null_13937,7680,6528
dummy,null_13938,7776,6528
dummy,null_13939,8016,6528
dummy,null_13940,8112,6528
dummy,null_13941,8160,6528
dummy,null_13942,8352,6528
dummy,null_13943,8448,6528
dummy,null_13944,8544,6528
dummy,null_13945,8592,6528
dummy,null_13946,8688,6528
dummy,null_13947,8784,6528
dummy,null_13948,8880,6528
dummy,null_13949,8928,6528
dummy,null_13950,9072,6528
dummy,null_13951,9120,6528
dummy,null_13952,9216,6528
dummy,null_13953,9264,6528
dummy,null_13954,9504,6528
dummy,null_13955,9552,6528
dummy,null_13956,9600,6528
dummy,null_13957,9696,6528
dummy,null_13958,9840,6528
dummy,null_13959,9888,6528
dummy,null_13960,9936,6528
dummy,null_13961,9984,6528
dummy,null_13962,0,6576
dummy,null_13963,240,6576
dummy,null_13964,288,6576
dummy,null_13965,336,6576
dummy,null_13966,432,6576
dummy,null_13967,480,6576
dummy,null_13968,576,6576
dummy,null_13969,624,6576
dummy,null_13970,768,6576
dummy,null_13971,864,6576
dummy,null_13972,960,6576
dummy,null_13973,1056,6576
dummy,null_13974,1104,6576
dummy,null_13975,1344,6576
dummy,null_13976,1392,6576
dummy,null_13977,1440,6576
dummy,null_13978,1488,6576
dummy,null_13979,1584,6576
dummy,null_13980,1728,6576
dummy,null_13981,1920,6576
dummy,null_13982,2160,6576
dummy,null_13983,2304,6576
dummy,null_13984,2352,6576
dummy,null_13985,2400,6576
dummy,null_13986,2496,6576
dummy,null_13987,2592,6576
dummy,null_13988,2640,6576
dummy,null_13989,2688,6576
dummy,null_13990,2736,6576
dummy,null_13991,3072,6576
dummy,null_13992,3168,6576
dummy,null_13993,3216,6576
dummy,null_13994,3264,6576
dummy,null_13995,3312,6576
dummy,null_13996,3408,6576
dummy,null_13997,3456,6576
dummy,null_13998,3504,6576
dummy,null_13999,3552,6576
dummy,null_14000,3648,6576
dummy,null_14001,3696,6576
dummy,null_14002,3744,6576
dummy,null_14003,3792,6576
dummy,null_14004,4128,6576
dummy,null_14005,4224,6576
dummy,null_14006,4320,6576
dummy,null_14007,4368,6576
dummy,null_14008,4464,6576
dummy,null_14009,4608,6576
dummy,null_14010,4656,6576
dummy,null_14011,4752,6576
dummy,null_14012,4848,6576
dummy,null_14013,4896,6576
dummy,null_14014,4992,6576
dummy,null_14015,5040,6576
dummy,null_14016,5136,6576
dummy,null_14017,5184,6576
dummy,null_14018,5376,6576
dummy,null_14019,5424,6576
dummy,null_14020,5520,6576
dummy,null_14021,5616,6576
dummy,null_14022,5712,6576
dummy,null_14023,6000,6576
dummy,null_14024,6096,6576
dummy,null_14025,6240,6576
dummy,null_14026,6432,6576
dummy,null_14027,6480,6576
dummy,null_14028,6528,6576
dummy,null_14029,6672,6576
dummy,null_14030,6768,6576
dummy,null_14031,7008,6576
dummy,null_14032,7200,6576
dummy,null_14033,7248,6576
dummy,null_14034,7440,6576
dummy,null_14035,7488,6576
dummy,null_14036,7536,6576
dummy,null_14037,7584,6576
dummy,null_14038,7728,6576
dummy,null_14039,8016,6576
dummy,null_14040,8064,6576
dummy,null_14041,8112,6576
dummy,null_14042,8160,6576
dummy,null_14043,8208,6576
dummy,null_14044,8304,6576
dummy,null_14045,8496,6576
dummy,null_14046,8640,6576
dummy,null_14047,8832,6576
dummy,null_14048,8880,6576
dummy,null_14049,8928,6576
dummy,null_14050,9024,6576
dummy,null_14051,9264,6576
dummy,null_14052,9360,6576
dummy,null_14053,9408,6576
dummy,null_14054,9504,6576
dummy,null_14055,9552,6576
dummy,null_14056,9696,6576
dummy,null_14057,9744,6576
dummy,null_14058,9792,6576
dummy,null_14059,9840,6576
dummy,null_14060,0,6624
dummy,null_14061,192,6624
dummy,null_14062,288,6624
dummy,null_14063,336,6624
dummy,null_14064,432,6624
dummy,null_14065,480,6624
dummy,null_14066,528,6624
dummy,null_14067,576,6624
dummy,null_14068,672,6624
dummy,null_14069,720,6624
dummy,null_14070,816,6624
dummy,null_14071,912,6624
dummy,null_14072,960,6624
dummy,null_14073,1008,6624
dummy,null_14074,1056,6624
dummy,null_14075,1104,6624
dummy,null_14076,1152,6624
dummy,null_14077,1248,6624
dummy,null_14078,1440,6624
dummy,null_14079,1488,6624
dummy,null_14080,1536,6624
dummy,null_14081,1584,6624
dummy,null_14082,1680,6624
dummy,null_14083,1728,6624
dummy,null_14084,1872,6624
dummy,null_14085,2160,6624
dummy,null_14086,2256,6624
dummy,null_14087,2304,6624
dummy,null_14088,2352,6624
dummy,null_14089,2496,6624
dummy,null_14090,2592,6624
dummy,null_14091,2640,6624
dummy,null_14092,2688,6624
dummy,null_14093,2784,6624
dummy,null_14094,2832,6624
dummy,null_14095,2880,6624
dummy,null_14096,2928,6624
dummy,null_14097,3024,6624
dummy,null_14098,3168,6624
dummy,null_14099,3216,6624
dummy,null_14100,3264,6624
dummy,null_14101,3312,6624
dummy,null_14102,3408,6624
dummy,null_14103,3600,6624
dummy,null_14104,3648,6624
dummy,null_14105,3696,6624
dummy,null_14106,3840,6624
dummy,null_14107,3984,6624
dummy,null_14108,4176,6624
dummy,null_14109,4416,6624
dummy,null_14110,4512,6624
dummy,null_14111,4560,6624
dummy,null_14112,4752,6624
dummy,null_14113,4800,6624
dummy,null_14114,4848,6624
dummy,null_14115,4896,6624
dummy,null_14116,4992,6624
dummy,null_14117,5088,6624
dummy,null_14118,5184,6624
dummy,null_14119,5280,6624
dummy,null_14120,5328,6624
dummy,null_14121,5376,6624
dummy,null_14122,5856,6624
dummy,null_14123,6048,6624
dummy,null_14124,6144,6624
dummy,null_14125,6192,6624
dummy,null_14126,6240,6624
dummy,null_14127,6336,6624
dummy,null_14128,6384,6624
dummy,null_14129,6912,6624
dummy,null_14130,6960,6624
dummy,null_14131,7056,6624
dummy,null_14132,7104,6624
dummy,null_14133,7440,6624
dummy,null_14134,7488,6624
dummy,null_14135,7536,6624
dummy,null_14136,7680,6624
dummy,null_14137,7776,6624
dummy,null_14138,7872,6624
dummy,null_14139,7968,6624
dummy,null_14140,8064,6624
dummy,null_14141,8208,6624
dummy,null_14142,8448,6624
dummy,null_14143,8544,6624
dummy,null_14144,8688,6624
dummy,null_14145,8928,6624
dummy,null_14146,9024,6624
dummy,null_14147,9072,6624
dummy,null_14148,9120,6624
dummy,null_14149,9360,6624
dummy,null_14150,9456,6624
dummy,null_14151,9504,6624
dummy,null_14152,9648,6624
dummy,null_14153,9696,6624
dummy,null_14154,9936,6624
dummy,null_14155,0,6672
dummy,null_14156,288,6672
dummy,null_14157,336,6672
dummy,null_14158,384,6672
dummy,null_14159,432,6672
dummy,null_14160,624,6672
dummy,null_14161,960,6672
dummy,null_14162,1248,6672
dummy,null_14163,1296,6672
dummy,null_14164,1344,6672
dummy,null_14165,1440,6672
dummy,null_14166,1536,6672
dummy,null_14167,1680,6672
dummy,null_14168,1728,6672
dummy,null_14169,1920,6672
dummy,null_14170,2016,6672
dummy,null_14171,2112,6672
dummy,null_14172,2256,6672
dummy,null_14173,2304,6672
dummy,null_14174,2400,6672
dummy,null_14175,2448,6672
dummy,null_14176,2496,6672
dummy,null_14177,2592,6672
dummy,null_14178,2688,6672
dummy,null_14179,2736,6672
dummy,null_14180,2976,6672
dummy,null_14181,3216,6672
dummy,null_14182,3264,6672
dummy,null_14183,3312,6672
dummy,null_14184,3360,6672
dummy,null_14185,3408,6672
dummy,null_14186,3504,6672
dummy,null_14187,3600,6672
dummy,null_14188,3648,6672
dummy,null_14189,3744,6672
dummy,null_14190,3792,6672
dummy,null_14191,3840,6672
dummy,null_14192,3936,6672
dummy,null_14193,4032,6672
dummy,null_14194,4224,6672
dummy,null_14195,4416,6672
dummy,null_14196,4464,6672
dummy,null_14197,4512,6672
dummy,null_14198,4608,6672
dummy,null_14199,4704,6672
dummy,null_14200,4752,6672
dummy,null_14201,4992,6672
dummy,null_14202,5088,6672
dummy,null_14203,5136,6672
dummy,null_14204,5184,6672
dummy,null_14205,5280,6672
dummy,null_14206,5328,6672
dummy,null_14207,5376,6672
dummy,null_14208,5616,6672
dummy,null_14209,5712,6672
dummy,null_14210,5808,6672
dummy,null_14211,5904,6672
dummy,null_14212,5952,6672
dummy,null_14213,6048,6672
dummy,null_14214,6096,6672
dummy,null_14215,6336,6672
dummy,null_14216,6384,6672
dummy,null_14217,6528,6672
dummy,null_14218,6576,6672
dummy,null_14219,6672,6672
dummy,null_14220,6768,6672
dummy,null_14221,7200,6672
dummy,null_14222,7248,6672
dummy,null_14223,7296,6672
dummy,null_14224,7344,6672
dummy,null_14225,7392,6672
dummy,null_14226,7584,6672
dummy,null_14227,7632,6672
dummy,null_14228,7728,6672
dummy,null_14229,7824,6672
dummy,null_14230,8016,6672
dummy,null_14231,8064,6672
dummy,null_14232,8208,6672
dummy,null_14233,8304,6672
dummy,null_14234,8352,6672
dummy,null_14235,8448,6672
dummy,null_14236,8592,6672
dummy,null_14237,8736,6672
dummy,null_14238,8832,6672
dummy,null_14239,9600,6672
dummy,null_14240,9696,6672
dummy,null_14241,9744,6672
dummy,null_14242,9840,6672
dummy,null_14243,9888,6672
dummy,null_14244,9984,6672
dummy,null_14245,0,6720
dummy,null_14246,96,6720
dummy,null_14247,144,6720
dummy,null_14248,240,6720
dummy,null_14249,288,6720
dummy,null_14250,384,6720
dummy,null_14251,528,6720
dummy,null_14252,624,6720
dummy,null_14253,912,6720
dummy,null_14254,1008,6720
dummy,null_14255,1104,6720
dummy,null_14256,1152,6720
dummy,null_14257,1200,6720
dummy,null_14258,1296,6720
dummy,null_14259,1392,6720
dummy,null_14260,1440,6720
dummy,null_14261,1488,6720
dummy,null_14262,1536,6720
dummy,null_14263,1584,6720
dummy,null_14264,1680,6720
dummy,null_14265,1728,6720
dummy,null_14266,1872,6720
dummy,null_14267,1968,6720
dummy,null_14268,2064,6720
dummy,null_14269,2208,6720
dummy,null_14270,2256,6720
dummy,null_14271,2304,6720
dummy,null_14272,2352,6720
dummy,null_14273,2400,6720
dummy,null_14274,2640,6720
dummy,null_14275,2688,6720
dummy,null_14276,2736,6720
dummy,null_14277,2784,6720
dummy,null_14278,2880,6720
dummy,null_14279,2928,6720
dummy,null_14280,3024,6720
dummy,null_14281,3168,6720
dummy,null_14282,3216,6720
dummy,null_14283,3264,6720
dummy,null_14284,3312,6720
dummy,null_14285,3360,6720
dummy,null_14286,3552,6720
dummy,null_14287,3600,6720
dummy,null_14288,3984,6720
dummy,null_14289,4176,6720
dummy,null_14290,4272,6720
dummy,null_14291,4416,6720
dummy,null_14292,4608,6720
dummy,null_14293,4704,6720
dummy,null_14294,4752,6720
dummy,null_14295,4848,6720
dummy,null_14296,4896,6720
dummy,null_14297,4944,6720
dummy,null_14298,5136,6720
dummy,null_14299,5184,6720
dummy,null_14300,5232,6720
dummy,null_14301,5568,6720
dummy,null_14302,5664,6720
dummy,null_14303,5760,6720
dummy,null_14304,5856,6720
dummy,null_14305,6000,6720
dummy,null_14306,6048,6720
dummy,null_14307,6096,6720
dummy,null_14308,6288,6720
dummy,null_14309,6528,6720
dummy,null_14310,6672,6720
dummy,null_14311,6720,6720
dummy,null_14312,6816,6720
dummy,null_14313,6960,6720
dummy,null_14314,7008,6720
dummy,null_14315,7056,6720
dummy,null_14316,7152,6720
dummy,null_14317,7200,6720
dummy,null_14318,7248,6720
dummy,null_14319,7344,6720
dummy,null_14320,7440,6720
dummy,null_14321,7488,6720
dummy,null_14322,7776,6720
dummy,null_14323,8112,6720
dummy,null_14324,8208,6720
dummy,null_14325,8256,6720
dummy,null_14326,8304,6720
dummy,null_14327,8400,6720
dummy,null_14328,8544,6720
dummy,null_14329,8592,6720
dummy,null_14330,8688,6720
dummy,null_14331,9024,6720
dummy,null_14332,9072,6720
dummy,null_14333,9264,6720
dummy,null_14334,9312,6720
dummy,null_14335,9408,6720
dummy,null_14336,9504,6720
dummy,null_14337,9552,6720
dummy,null_14338,9600,6720
dummy,null_14339,9648,6720
dummy,null_14340,9696,6720
dummy,null_14341,9840,6720
dummy,null_14342,9936,6720
dummy,null_14343,9984,6720
dummy,null_14344,0,6768
dummy,null_14345,48,6768
dummy,null_14346,96,6768
dummy,null_14347,144,6768
dummy,null_14348,192,6768
dummy,null_14349,288,6768
dummy,null_14350,336,6768
dummy,null_14351,384,6768
dummy,null_14352,576,6768
dummy,null_14353,672,6768
dummy,null_14354,768,6768
dummy,null_14355,1008,6768
dummy,null_14356,1152,6768
dummy,null_14357,1248,6768
dummy,null_14358,1344,6768
dummy,null_14359,1392,6768
dummy,null_14360,1440,6768
dummy,null_14361,1584,6768
dummy,null_14362,1632,6768
dummy,null_14363,1728,6768
dummy,null_14364,1920,6768
dummy,null_14365,2016,6768
dummy,null_14366,2208,6768
dummy,null_14367,2352,6768
dummy,null_14368,2448,6768
dummy,null_14369,2496,6768
dummy,null_14370,2544,6768
dummy,null_14371,2592,6768
dummy,null_14372,2688,6768
dummy,null_14373,2736,6768
dummy,null_14374,2784,6768
dummy,null_14375,2832,6768
dummy,null_14376,3264,6768
dummy,null_14377,3312,6768
dummy,null_14378,3408,6768
dummy,null_14379,3552,6768
dummy,null_14380,3648,6768
dummy,null_14381,3696,6768
dummy,null_14382,3792,6768
dummy,null_14383,3840,6768
dummy,null_14384,4032,6768
dummy,null_14385,4224,6768
dummy,null_14386,4416,6768
dummy,null_14387,4512,6768
dummy,null_14388,4704,6768
dummy,null_14389,4752,6768
dummy,null_14390,4800,6768
dummy,null_14391,4944,6768
dummy,null_14392,5040,6768
dummy,null_14393,5184,6768
dummy,null_14394,5232,6768
dummy,null_14395,5280,6768
dummy,null_14396,5328,6768
dummy,null_14397,5376,6768
dummy,null_14398,5424,6768
dummy,null_14399,5520,6768
dummy,null_14400,5568,6768
dummy,null_14401,5616,6768
dummy,null_14402,5712,6768
dummy,null_14403,5904,6768
dummy,null_14404,6096,6768
dummy,null_14405,6192,6768
dummy,null_14406,6336,6768
dummy,null_14407,6384,6768
dummy,null_14408,6432,6768
dummy,null_14409,6528,6768
dummy,null_14410,6576,6768
dummy,null_14411,6624,6768
dummy,null_14412,6864,6768
dummy,null_14413,7008,6768
dummy,null_14414,7056,6768
dummy,null_14415,7104,6768
dummy,null_14416,7296,6768
dummy,null_14417,7344,6768
dummy,null_14418,7392,6768
dummy,null_14419,7440,6768
dummy,null_14420,7536,6768
dummy,null_14421,7632,6768
dummy,null_14422,8064,6768
dummy,null_14423,8112,6768
dummy,null_14424,8160,6768
dummy,null_14425,8208,6768
dummy,null_14426,8304,6768
dummy,null_14427,8592,6768
dummy,null_14428,8880,6768
dummy,null_14429,8928,6768
dummy,null_14430,9072,6768
dummy,null_14431,9168,6768
dummy,null_14432,9648,6768
dummy,null_14433,9840,6768
dummy,null_14434,48,6816
dummy,null_14435,96,6816
dummy,null_14436,144,6816
dummy,null_14437,192,6816
dummy,null_14438,288,6816
dummy,null_14439,384,6816
dummy,null_14440,480,6816
dummy,null_14441,528,6816
dummy,null_14442,816,6816
dummy,null_14443,912,6816
dummy,null_14444,1008,6816
dummy,null_14445,1152,6816
dummy,null_14446,1248,6816
dummy,null_14447,1344,6816
dummy,null_14448,1392,6816
dummy,null_14449,1440,6816
dummy,null_14450,1584,6816
dummy,null_14451,1632,6816
dummy,null_14452,1680,6816
dummy,null_14453,1776,6816
dummy,null_14454,1872,6816
dummy,null_14455,1920,6816
dummy,null_14456,2016,6816
dummy,null_14457,2064,6816
dummy,null_14458,2112,6816
dummy,null_14459,2160,6816
dummy,null_14460,2256,6816
dummy,null_14461,2304,6816
dummy,null_14462,2640,6816
dummy,null_14463,2688,6816
dummy,null_14464,2832,6816
dummy,null_14465,3168,6816
dummy,null_14466,3312,6816
dummy,null_14467,3600,6816
dummy,null_14468,3648,6816
dummy,null_14469,3696,6816
dummy,null_14470,3792,6816
dummy,null_14471,3984,6816
dummy,null_14472,4080,6816
dummy,null_14473,4176,6816
dummy,null_14474,4368,6816
dummy,null_14475,4560,6816
dummy,null_14476,4656,6816
dummy,null_14477,4704,6816
dummy,null_14478,4752,6816
dummy,null_14479,4896,6816
dummy,null_14480,5424,6816
dummy,null_14481,5520,6816
dummy,null_14482,5760,6816
dummy,null_14483,5808,6816
dummy,null_14484,5856,6816
dummy,null_14485,5952,6816
dummy,null_14486,6000,6816
dummy,null_14487,6048,6816
dummy,null_14488,6096,6816
dummy,null_14489,6288,6816
dummy,null_14490,6336,6816
dummy,null_14491,6672,6816
dummy,null_14492,6912,6816
dummy,null_14493,7008,6816
dummy,null_14494,7056,6816
dummy,null_14495,7200,6816
dummy,null_14496,7296,6816
dummy,null_14497,7344,6816
dummy,null_14498,7392,6816
dummy,null_14499,7536,6816
dummy,null_14500,7584,6816
dummy,null_14501,7872,6816
dummy,null_14502,7968,6816
dummy,null_14503,8016,6816
dummy,null_14504,8352,6816
dummy,null_14505,8400,6816
dummy,null_14506,8592,6816
dummy,null_14507,8880,6816
dummy,null_14508,8928,6816
dummy,null_14509,9072,6816
dummy,null_14510,9216,6816
dummy,null_14511,9264,6816
dummy,null_14512,9408,6816
dummy,null_14513,9456,6816
dummy,null_14514,9792,6816
dummy,null_14515,9888,6816
dummy,null_14516,9936,6816
dummy,null_14517,96,6864
dummy,null_14518,144,6864
dummy,null_14519,192,6864
dummy,null_14520,384,6864
dummy,null_14521,576,6864
dummy,null_14522,672,6864
dummy,null_14523,816,6864
dummy,null_14524,864,6864
dummy,null_14525,1056,6864
dummy,null_14526,1152,6864
dummy,null_14527,1296,6864
dummy,null_14528,1392,6864
dummy,null_14529,1488,6864
dummy,null_14530,1584,6864
dummy,null_14531,1728,6864
dummy,null_14532,1776,6864
dummy,null_14533,1824,6864
dummy,null_14534,1872,6864
dummy,null_14535,2064,6864
dummy,null_14536,2112,6864
dummy,null_14537,2160,6864
dummy,null_14538,2208,6864
dummy,null_14539,2304,6864
dummy,null_14540,2352,6864
dummy,null_14541,2400,6864
dummy,null_14542,2448,6864
dummy,null_14543,2496,6864
dummy,null_14544,2544,6864
dummy,null_14545,2592,6864
dummy,null_14546,2688,6864
dummy,null_14547,2784,6864
dummy,null_14548,2832,6864
dummy,null_14549,3072,6864
dummy,null_14550,3168,6864
dummy,null_14551,3216,6864
dummy,null_14552,3264,6864
dummy,null_14553,3360,6864
dummy,null_14554,3456,6864
dummy,null_14555,3552,6864
dummy,null_14556,3696,6864
dummy,null_14557,4128,6864
dummy,null_14558,4176,6864
dummy,null_14559,4224,6864
dummy,null_14560,4368,6864
dummy,null_14561,4560,6864
dummy,null_14562,4608,6864
dummy,null_14563,4656,6864
dummy,null_14564,4704,6864
dummy,null_14565,4752,6864
dummy,null_14566,4800,6864
dummy,null_14567,4896,6864
dummy,null_14568,4944,6864
dummy,null_14569,5088,6864
dummy,null_14570,5136,6864
dummy,null_14571,5184,6864
dummy,null_14572,5232,6864
dummy,null_14573,5376,6864
dummy,null_14574,5472,6864
dummy,null_14575,5568,6864
dummy,null_14576,5616,6864
dummy,null_14577,5760,6864
dummy,null_14578,5952,6864
dummy,null_14579,6000,6864
dummy,null_14580,6096,6864
dummy,null_14581,6144,6864
dummy,null_14582,6288,6864
dummy,null_14583,6384,6864
dummy,null_14584,6528,6864
dummy,null_14585,6768,6864
dummy,null_14586,6816,6864
dummy,null_14587,6960,6864
dummy,null_14588,7008,6864
dummy,null_14589,7056,6864
dummy,null_14590,7104,6864
dummy,null_14591,7296,6864
dummy,null_14592,7344,6864
dummy,null_14593,7584,6864
dummy,null_14594,7632,6864
dummy,null_14595,7728,6864
dummy,null_14596,8016,6864
dummy,null_14597,8112,6864
dummy,null_14598,8208,6864
dummy,null_14599,8256,6864
dummy,null_14600,8304,6864
dummy,null_14601,8400,6864
dummy,null_14602,8496,6864
dummy,null_14603,8592,6864
dummy,null_14604,8640,6864
dummy,null_14605,8832,6864
dummy,null_14606,8880,6864
dummy,null_14607,8928,6864
dummy,null_14608,8976,6864
dummy,null_14609,9168,6864
dummy,null_14610,9312,6864
dummy,null_14611,9360,6864
dummy,null_14612,9456,6864
dummy,null_14613,9552,6864
dummy,null_14614,9600,6864
dummy,null_14615,9648,6864
dummy,null_14616,9840,6864
dummy,null_14617,9936,6864
dummy,null_14618,48,6912
dummy,null_14619,96,6912
dummy,null_14620,336,6912
dummy,null_14621,384,6912
dummy,null_14622,480,6912
dummy,null_14623,528,6912
dummy,null_14624,576,6912
dummy,null_14625,816,6912
dummy,null_14626,1152,6912
dummy,null_14627,1248,6912
dummy,null_14628,1440,6912
dummy,null_14629,1488,6912
dummy,null_14630,1584,6912
dummy,null_14631,1632,6912
dummy,null_14632,1728,6912
dummy,null_14633,1872,6912
dummy,null_14634,1920,6912
dummy,null_14635,2160,6912
dummy,null_14636,2208,6912
dummy,null_14637,2256,6912
dummy,null_14638,2304,6912
dummy,null_14639,2352,6912
dummy,null_14640,2400,6912
dummy,null_14641,2448,6912
dummy,null_14642,2544,6912
dummy,null_14643,2688,6912
dummy,null_14644,2784,6912
dummy,null_14645,2880,6912
dummy,null_14646,3024,6912
dummy,null_14647,3168,6912
dummy,null_14648,3216,6912
dummy,null_14649,3264,6912
dummy,null_14650,3360,6912
dummy,null_14651,3408,6912
dummy,null_14652,3456,6912
dummy,null_14653,3504,6912
dummy,null_14654,3552,6912
dummy,null_14655,3600,6912
dummy,null_14656,3648,6912
dummy,null_14657,3984,6912
dummy,null_14658,4080,6912
dummy,null_14659,4368,6912
dummy,null_14660,4416,6912
dummy,null_14661,4464,6912
dummy,null_14662,4512,6912
dummy,null_14663,4608,6912
dummy,null_14664,4704,6912
dummy,null_14665,4752,6912
dummy,null_14666,4896,6912
dummy,null_14667,4992,6912
dummy,null_14668,5088,6912
dummy,null_14669,5184,6912
dummy,null_14670,5232,6912
dummy,null_14671,5280,6912
dummy,null_14672,5328,6912
dummy,null_14673,5472,6912
dummy,null_14674,5664,6912
dummy,null_14675,5760,6912
dummy,null_14676,5856,6912
dummy,null_14677,5904,6912
dummy,null_14678,5952,6912
dummy,null_14679,6096,6912
dummy,null_14680,6192,6912
dummy,null_14681,6432,6912
dummy,null_14682,6480,6912
dummy,null_14683,6576,6912
dummy,null_14684,6624,6912
dummy,null_14685,6768,6912
dummy,null_14686,6912,6912
dummy,null_14687,7008,6912
dummy,null_14688,7056,6912
dummy,null_14689,7104,6912
dummy,null_14690,7296,6912
dummy,null_14691,7536,6912
dummy,null_14692,7632,6912
dummy,null_14693,7680,6912
dummy,null_14694,7920,6912
dummy,null_14695,8160,6912
dummy,null_14696,8496,6912
dummy,null_14697,8544,6912
dummy,null_14698,8784,6912
dummy,null_14699,8880,6912
dummy,null_14700,8928,6912
dummy,null_14701,9024,6912
dummy,null_14702,9120,6912
dummy,null_14703,9312,6912
dummy,null_14704,9360,6912
dummy,null_14705,9408,6912
dummy,null_14706,9792,6912
dummy,null_14707,9984,6912
dummy,null_14708,96,6960
dummy,null_14709,240,6960
dummy,null_14710,288,6960
dummy,null_14711,336,6960
dummy,null_14712,432,6960
dummy,null_14713,528,6960
dummy,null_14714,576,6960
dummy,null_14715,672,6960
dummy,null_14716,960,6960
dummy,null_14717,1008,6960
dummy,null_14718,1152,6960
dummy,null_14719,1344,6960
dummy,null_14720,1440,6960
dummy,null_14721,1488,6960
dummy,null_14722,1584,6960
dummy,null_14723,1728,6960
dummy,null_14724,1824,6960
dummy,null_14725,1872,6960
dummy,null_14726,1920,6960
dummy,null_14727,1968,6960
dummy,null_14728,2016,6960
dummy,null_14729,2064,6960
dummy,null_14730,2160,6960
dummy,null_14731,2256,6960
dummy,null_14732,2304,6960
dummy,null_14733,2400,6960
dummy,null_14734,2448,6960
dummy,null_14735,2592,6960
dummy,null_14736,2832,6960
dummy,null_14737,3024,6960
dummy,null_14738,3072,6960
dummy,null_14739,3168,6960
dummy,null_14740,3456,6960
dummy,null_14741,3600,6960
dummy,null_14742,3648,6960
dummy,null_14743,3696,6960
dummy,null_14744,3792,6960
dummy,null_14745,4176,6960
dummy,null_14746,4224,6960
dummy,null_14747,4416,6960
dummy,null_14748,4464,6960
dummy,null_14749,4560,6960
dummy,null_14750,4608,6960
dummy,null_14751,4752,6960
dummy,null_14752,4848,6960
dummy,null_14753,4896,6960
dummy,null_14754,4944,6960
dummy,null_14755,5040,6960
dummy,null_14756,5376,6960
dummy,null_14757,5472,6960
dummy,null_14758,5568,6960
dummy,null_14759,5664,6960
dummy,null_14760,6192,6960
dummy,null_14761,6288,6960
dummy,null_14762,6384,6960
dummy,null_14763,6480,6960
dummy,null_14764,6576,6960
dummy,null_14765,6624,6960
dummy,null_14766,6672,6960
dummy,null_14767,6768,6960
dummy,null_14768,6960,6960
dummy,null_14769,7056,6960
dummy,null_14770,7200,6960
dummy,null_14771,7248,6960
dummy,null_14772,7440,6960
dummy,null_14773,7680,6960
dummy,null_14774,8064,6960
dummy,null_14775,8112,6960
dummy,null_14776,8208,6960
dummy,null_14777,8256,6960
dummy,null_14778,8448,6960
dummy,null_14779,8496,6960
dummy,null_14780,8880,6960
dummy,null_14781,9120,6960
dummy,null_14782,9168,6960
dummy,null_14783,9216,6960
dummy,null_14784,9312,6960
dummy,null_14785,9360,6960
dummy,null_14786,9408,6960
dummy,null_14787,9456,6960
dummy,null_14788,9600,6960
dummy,null_14789,9696,6960
dummy,null_14790,9744,6960
dummy,null_14791,9936,6960
dummy,null_14792,9984,6960
dummy,null_14793,48,7008
dummy,null_14794,144,7008
dummy,null_14795,288,7008
dummy,null_14796,384,7008
dummy,null_14797,432,7008
dummy,null_14798,480,7008
dummy,null_14799,576,7008
dummy,null_14800,624,7008
dummy,null_14801,672,7008
dummy,null_14802,768,7008
dummy,null_14803,816,7008
dummy,null_14804,960,7008
dummy,null_14805,1104,7008
dummy,null_14806,1152,7008
dummy,null_14807,1344,7008
dummy,null_14808,1392,7008
dummy,null_14809,1440,7008
dummy,null_14810,1488,7008
dummy,null_14811,1632,7008
dummy,null_14812,1680,7008
dummy,null_14813,1728,7008
dummy,null_14814,1776,7008
dummy,null_14815,1872,7008
dummy,null_14816,1920,7008
dummy,null_14817,2160,7008
dummy,null_14818,2256,7008
dummy,null_14819,2304,7008
dummy,null_14820,2352,7008
dummy,null_14821,2448,7008
dummy,null_14822,2496,7008
dummy,null_14823,2544,7008
dummy,null_14824,2784,7008
dummy,null_14825,2928,7008
dummy,null_14826,2976,7008
dummy,null_14827,3168,7008
dummy,null_14828,3312,7008
dummy,null_14829,3360,7008
dummy,null_14830,3408,7008
dummy,null_14831,3504,7008
dummy,null_14832,3648,7008
dummy,null_14833,3696,7008
dummy,null_14834,3744,7008
dummy,null_14835,3936,7008
dummy,null_14836,3984,7008
dummy,null_14837,4176,7008
dummy,null_14838,4272,7008
dummy,null_14839,4320,7008
dummy,null_14840,4560,7008
dummy,null_14841,4608,7008
dummy,null_14842,4656,7008
dummy,null_14843,4800,7008
dummy,null_14844,4992,7008
dummy,null_14845,5136,7008
dummy,null_14846,5184,7008
dummy,null_14847,5232,7008
dummy,null_14848,5280,7008
dummy,null_14849,5328,7008
dummy,null_14850,5424,7008
dummy,null_14851,5472,7008
dummy,null_14852,5520,7008
dummy,null_14853,5568,7008
dummy,null_14854,5616,7008
dummy,null_14855,5760,7008
dummy,null_14856,5808,7008
dummy,null_14857,6000,7008
dummy,null_14858,6144,7008
dummy,null_14859,6336,7008
dummy,null_14860,6384,7008
dummy,null_14861,6432,7008
dummy,null_14862,6528,7008
dummy,null_14863,6576,7008
dummy,null_14864,6672,7008
dummy,null_14865,6816,7008
dummy,null_14866,6864,7008
dummy,null_14867,6912,7008
dummy,null_14868,7056,7008
dummy,null_14869,7104,7008
dummy,null_14870,7152,7008
dummy,null_14871,7200,7008
dummy,null_14872,7296,7008
dummy,null_14873,7440,7008
dummy,null_14874,7536,7008
dummy,null_14875,7584,7008
dummy,null_14876,7632,7008
dummy,null_14877,7680,7008
dummy,null_14878,7776,7008
dummy,null_14879,7872,7008
dummy,null_14880,8016,7008
dummy,null_14881,8304,7008
dummy,null_14882,8352,7008
dummy,null_14883,8400,7008
dummy,null_14884,8496,7008
dummy,null_14885,8592,7008
dummy,null_14886,8688,7008
dummy,null_14887,8736,7008
dummy,null_14888,8832,7008
dummy,null_14889,8976,7008
dummy,null_14890,9024,7008
dummy,null_14891,9168,7008
dummy,null_14892,9216,7008
dummy,null_14893,9360,7008
dummy,null_14894,9408,7008
dummy,null_14895,9456,7008
dummy,null_14896,9504,7008
dummy,null_14897,9552,7008
dummy,null_14898,9648,7008
dummy,null_14899,9696,7008
dummy,null_14900,9744,7008
dummy,null_14901,9792,7008
dummy,null_14902,9888,7008
dummy,null_14903,0,7056
dummy,null_14904,96,7056
dummy,null_14905,144,7056
dummy,null_14906,336,7056
dummy,null_14907,480,7056
dummy,null_14908,528,7056
dummy,null_14909,576,7056
dummy,null_14910,624,7056
dummy,null_14911,672,7056
dummy,null_14912,768,7056
dummy,null_14913,816,7056
dummy,null_14914,864,7056
dummy,null_14915,1056,7056
dummy,null_14916,1152,7056
dummy,null_14917,1200,7056
dummy,null_14918,1296,7056
dummy,null_14919,1344,7056
dummy,null_14920,1440,7056
dummy,null_14921,1536,7056
dummy,null_14922,1584,7056
dummy,null_14923,1776,7056
dummy,null_14924,1824,7056
dummy,null_14925,1920,7056
dummy,null_14926,1968,7056
dummy,null_14927,2016,7056
dummy,null_14928,2064,7056
dummy,null_14929,2160,7056
dummy,null_14930,2256,7056
dummy,null_14931,2304,7056
dummy,null_14932,2352,7056
dummy,null_14933,2400,7056
dummy,null_14934,2448,7056
dummy,null_14935,2544,7056
dummy,null_14936,2640,7056
dummy,null_14937,2688,7056
dummy,null_14938,2736,7056
dummy,null_14939,2832,7056
dummy,null_14940,2880,7056
dummy,null_14941,2928,7056
dummy,null_14942,3024,7056
dummy,null_14943,3168,7056
dummy,null_14944,3264,7056
dummy,null_14945,3456,7056
dummy,null_14946,3648,7056
dummy,null_14947,3744,7056
dummy,null_14948,3840,7056
dummy,null_14949,4080,7056
dummy,null_14950,4176,7056
dummy,null_14951,4224,7056
dummy,null_14952,4272,7056
dummy,null_14953,4416,7056
dummy,null_14954,4512,7056
dummy,null_14955,4608,7056
dummy,null_14956,4656,7056
dummy,null_14957,4752,7056
dummy,null_14958,4800,7056
dummy,null_14959,4848,7056
dummy,null_14960,4896,7056
dummy,null_14961,4944,7056
dummy,null_14962,4992,7056
dummy,null_14963,5136,7056
dummy,null_14964,5232,7056
dummy,null_14965,5280,7056
dummy,null_14966,5424,7056
dummy,null_14967,5520,7056
dummy,null_14968,5568,7056
dummy,null_14969,5760,7056
dummy,null_14970,5808,7056
dummy,null_14971,5856,7056
dummy,null_14972,5904,7056
dummy,null_14973,5952,7056
dummy,null_14974,6000,7056
dummy,null_14975,6048,7056
dummy,null_14976,6144,7056
dummy,null_14977,6336,7056
dummy,null_14978,6384,7056
dummy,null_14979,6576,7056
dummy,null_14980,6672,7056
dummy,null_14981,6720,7056
dummy,null_14982,6768,7056
dummy,null_14983,6864,7056
dummy,null_14984,6912,7056
dummy,null_14985,7056,7056
dummy,null_14986,7152,7056
dummy,null_14987,7200,7056
dummy,null_14988,7296,7056
dummy,null_14989,7488,7056
dummy,null_14990,7584,7056
dummy,null_14991,7632,7056
dummy,null_14992,7776,7056
dummy,null_14993,7824,7056
dummy,null_14994,7872,7056
dummy,null_14995,7968,7056
dummy,null_14996,8112,7056
dummy,null_14997,8256,7056
dummy,null_14998,8352,7056
dummy,null_14999,8400,7056
dummy,null_15000,8448,7056
dummy,null_15001,8496,7056
dummy,null_15002,8544,7056
dummy,null_15003,8592,7056
dummy,null_15004,8640,7056
dummy,null_15005,8688,7056
dummy,null_15006,8736,7056
dummy,null_15007,8832,7056
dummy,null_15008,8880,7056
dummy,null_15009,8928,7056
dummy,null_15010,9024,7056
dummy,null_15011,9120,7056
dummy,null_15012,9168,7056
dummy,null_15013,9216,7056
dummy,null_15014,9264,7056
dummy,null_15015,9648,7056
dummy,null_15016,9696,7056
dummy,null_15017,9792,7056
dummy,null_15018,9888,7056
dummy,null_15019,9936,7056
dummy,null_15020,9984,7056
dummy,null_15021,144,7104
dummy,null_15022,240,7104
dummy,null_15023,288,7104
dummy,null_15024,528,7104
dummy,null_15025,720,7104
dummy,null_15026,768,7104
dummy,null_15027,960,7104
dummy,null_15028,1056,7104
dummy,null_15029,1200,7104
dummy,null_15030,1536,7104
dummy,null_15031,1584,7104
dummy,null_15032,1632,7104
dummy,null_15033,1680,7104
dummy,null_15034,1776,7104
dummy,null_15035,1824,7104
dummy,null_15036,1920,7104
dummy,null_15037,1968,7104
dummy,null_15038,2016,7104
dummy,null_15039,2112,7104
dummy,null_15040,2160,7104
dummy,null_15041,2304,7104
dummy,null_15042,2400,7104
dummy,null_15043,2496,7104
dummy,null_15044,2544,7104
dummy,null_15045,2688,7104
dummy,null_15046,2736,7104
dummy,null_15047,2784,7104
dummy,null_15048,2976,7104
dummy,null_15049,3168,7104
dummy,null_15050,3360,7104
dummy,null_15051,3408,7104
dummy,null_15052,3456,7104
dummy,null_15053,3504,7104
dummy,null_15054,3600,7104
dummy,null_15055,3648,7104
dummy,null_15056,3744,7104
dummy,null_15057,3888,7104
dummy,null_15058,3984,7104
dummy,null_15059,4176,7104
dummy,null_15060,4272,7104
dummy,null_15061,4368,7104
dummy,null_15062,4464,7104
dummy,null_15063,4512,7104
dummy,null_15064,4704,7104
dummy,null_15065,4992,7104
dummy,null_15066,5040,7104
dummy,null_15067,5088,7104
dummy,null_15068,5136,7104
dummy,null_15069,5232,7104
dummy,null_15070,5280,7104
dummy,null_15071,5424,7104
dummy,null_15072,5472,7104
dummy,null_15073,5664,7104
dummy,null_15074,5712,7104
dummy,null_15075,5904,7104
dummy,null_15076,6000,7104
dummy,null_15077,6144,7104
dummy,null_15078,6192,7104
dummy,null_15079,6240,7104
dummy,null_15080,6288,7104
dummy,null_15081,6432,7104
dummy,null_15082,6576,7104
dummy,null_15083,6624,7104
dummy,null_15084,6720,7104
dummy,null_15085,6768,7104
dummy,null_15086,6816,7104
dummy,null_15087,6864,7104
dummy,null_15088,7056,7104
dummy,null_15089,7248,7104
dummy,null_15090,7440,7104
dummy,null_15091,7488,7104
dummy,null_15092,7584,7104
dummy,null_15093,7632,7104
dummy,null_15094,7824,7104
dummy,null_15095,7920,7104
dummy,null_15096,8064,7104
dummy,null_15097,8112,7104
dummy,null_15098,8160,7104
dummy,null_15099,8208,7104
dummy,null_15100,8304,7104
dummy,null_15101,8352,7104
dummy,null_15102,8544,7104
dummy,null_15103,8592,7104
dummy,null_15104,8640,7104
dummy,null_15105,8688,7104
dummy,null_15106,8736,7104
dummy,null_15107,8928,7104
dummy,null_15108,8976,7104
dummy,null_15109,9024,7104
dummy,null_15110,9072,7104
dummy,null_15111,9264,7104
dummy,null_15112,9312,7104
dummy,null_15113,9456,7104
dummy,null_15114,9504,7104
dummy,null_15115,9552,7104
dummy,null_15116,9648,7104
dummy,null_15117,9696,7104
dummy,null_15118,9744,7104
dummy,null_15119,9840,7104
dummy,null_15120,9888,7104
dummy,null_15121,48,7152
dummy,null_15122,144,7152
dummy,null_15123,192,7152
dummy,null_15124,384,7152
dummy,null_15125,480,7152
dummy,null_15126,528,7152
dummy,null_15127,672,7152
dummy,null_15128,720,7152
dummy,null_15129,768,7152
dummy,null_15130,816,7152
dummy,null_15131,1056,7152
dummy,null_15132,1104,7152
dummy,null_15133,1152,7152
dummy,null_15134,1248,7152
dummy,null_15135,1296,7152
dummy,null_15136,1344,7152
dummy,null_15137,1440,7152
dummy,null_15138,1632,7152
dummy,null_15139,1728,7152
dummy,null_15140,1872,7152
dummy,null_15141,1920,7152
dummy,null_15142,1968,7152
dummy,null_15143,2064,7152
dummy,null_15144,2112,7152
dummy,null_15145,2304,7152
dummy,null_15146,2448,7152
dummy,null_15147,2544,7152
dummy,null_15148,2592,7152
dummy,null_15149,2640,7152
dummy,null_15150,2736,7152
dummy,null_15151,2784,7152
dummy,null_15152,2880,7152
dummy,null_15153,2928,7152
dummy,null_15154,3024,7152
dummy,null_15155,3120,7152
dummy,null_15156,3168,7152
dummy,null_15157,3312,7152
dummy,null_15158,3504,7152
dummy,null_15159,3648,7152
dummy,null_15160,3744,7152
dummy,null_15161,3840,7152
dummy,null_15162,4032,7152
dummy,null_15163,4080,7152
dummy,null_15164,4176,7152
dummy,null_15165,4224,7152
dummy,null_15166,4320,7152
dummy,null_15167,4416,7152
dummy,null_15168,4464,7152
dummy,null_15169,4560,7152
dummy,null_15170,4608,7152
dummy,null_15171,4800,7152
dummy,null_15172,4992,7152
dummy,null_15173,5040,7152
dummy,null_15174,5136,7152
dummy,null_15175,5184,7152
dummy,null_15176,5232,7152
dummy,null_15177,5280,7152
dummy,null_15178,5328,7152
dummy,null_15179,5376,7152
dummy,null_15180,5424,7152
dummy,null_15181,5472,7152
dummy,null_15182,5664,7152
dummy,null_15183,5712,7152
dummy,null_15184,5760,7152
dummy,null_15185,5952,7152
dummy,null_15186,6000,7152
dummy,null_15187,6096,7152
dummy,null_15188,6144,7152
dummy,null_15189,6192,7152
dummy,null_15190,6240,7152
dummy,null_15191,6288,7152
dummy,null_15192,6336,7152
dummy,null_15193,6432,7152
dummy,null_15194,6480,7152
dummy,null_15195,6576,7152
dummy,null_15196,6624,7152
dummy,null_15197,6768,7152
dummy,null_15198,6912,7152
dummy,null_15199,6960,7152
dummy,null_15200,7008,7152
dummy,null_15201,7200,7152
dummy,null_15202,7248,7152
dummy,null_15203,7344,7152
dummy,null_15204,7488,7152
dummy,null_15205,7584,7152
dummy,null_15206,7776,7152
dummy,null_15207,7872,7152
dummy,null_15208,7920,7152
dummy,null_15209,7968,7152
dummy,null_15210,8112,7152
dummy,null_15211,8160,7152
dummy,null_15212,8304,7152
dummy,null_15213,8352,7152
dummy,null_15214,8400,7152
dummy,null_15215,8496,7152
dummy,null_15216,8592,7152
dummy,null_15217,8688,7152
dummy,null_15218,8784,7152
dummy,null_15219,8832,7152
dummy,null_15220,8880,7152
dummy,null_15221,8928,7152
dummy,null_15222,8976,7152
dummy,null_15223,9120,7152
dummy,null_15224,9216,7152
dummy,null_15225,9360,7152
dummy,null_15226,9552,7152
dummy,null_15227,9600,7152
dummy,null_15228,9648,7152
dummy,null_15229,9696,7152
dummy,null_15230,9744,7152
dummy,null_15231,9840,7152
dummy,null_15232,9936,7152
dummy,null_15233,0,7200
dummy,null_15234,48,7200
dummy,null_15235,96,7200
dummy,null_15236,240,7200
dummy,null_15237,288,7200
dummy,null_15238,336,7200
dummy,null_15239,432,7200
dummy,null_15240,528,7200
dummy,null_15241,672,7200
dummy,null_15242,720,7200
dummy,null_15243,768,7200
dummy,null_15244,816,7200
dummy,null_15245,864,7200
dummy,null_15246,912,7200
dummy,null_15247,960,7200
dummy,null_15248,1008,7200
dummy,null_15249,1104,7200
dummy,null_15250,1200,7200
dummy,null_15251,1248,7200
dummy,null_15252,1392,7200
dummy,null_15253,1584,7200
dummy,null_15254,1680,7200
dummy,null_15255,1872,7200
dummy,null_15256,2064,7200
dummy,null_15257,2112,7200
dummy,null_15258,2304,7200
dummy,null_15259,2544,7200
dummy,null_15260,2592,7200
dummy,null_15261,2736,7200
dummy,null_15262,2832,7200
dummy,null_15263,2880,7200
dummy,null_15264,2928,7200
dummy,null_15265,3024,7200
dummy,null_15266,3072,7200
dummy,null_15267,3120,7200
dummy,null_15268,3216,7200
dummy,null_15269,3264,7200
dummy,null_15270,3312,7200
dummy,null_15271,3360,7200
dummy,null_15272,3504,7200
dummy,null_15273,3552,7200
dummy,null_15274,3600,7200
dummy,null_15275,3696,7200
dummy,null_15276,3840,7200
dummy,null_15277,3936,7200
dummy,null_15278,4032,7200
dummy,null_15279,4512,7200
dummy,null_15280,4848,7200
dummy,null_15281,4992,7200
dummy,null_15282,5088,7200
dummy,null_15283,5184,7200
dummy,null_15284,5232,7200
dummy,null_15285,5520,7200
dummy,null_15286,5664,7200
dummy,null_15287,5808,7200
dummy,null_15288,5904,7200
dummy,null_15289,5952,7200
dummy,null_15290,6000,7200
dummy,null_15291,6096,7200
dummy,null_15292,6144,7200
dummy,null_15293,6288,7200
dummy,null_15294,6384,7200
dummy,null_15295,6432,7200
dummy,null_15296,6480,7200
dummy,null_15297,6576,7200
dummy,null_15298,6720,7200
dummy,null_15299,6912,7200
dummy,null_15300,6960,7200
dummy,null_15301,7008,7200
dummy,null_15302,7056,7200
dummy,null_15303,7344,7200
dummy,null_15304,7392,7200
dummy,null_15305,7440,7200
dummy,null_15306,7488,7200
dummy,null_15307,7584,7200
dummy,null_15308,7632,7200
dummy,null_15309,7680,7200
dummy,null_15310,7776,7200
dummy,null_15311,7824,7200
dummy,null_15312,7872,7200
dummy,null_15313,7920,7200
dummy,null_15314,8016,7200
dummy,null_15315,8112,7200
dummy,null_15316,8160,7200
dummy,null_15317,8256,7200
dummy,null_15318,8304,7200
dummy,null_15319,8448,7200
dummy,null_15320,8544,7200
dummy,null_15321,8592,7200
dummy,null_15322,8688,7200
dummy,null_15323,8736,7200
dummy,null_15324,8880,7200
dummy,null_15325,8976,7200
dummy,null_15326,9024,7200
dummy,null_15327,9120,7200
dummy,null_15328,9168,7200
dummy,null_15329,9312,7200
dummy,null_15330,9504,7200
dummy,null_15331,9552,7200
dummy,null_15332,9696,7200
dummy,null_15333,9744,7200
dummy,null_15334,9792,7200
dummy,null_15335,9936,7200
dummy,null_15336,9984,7200
dummy,null_15337,0,7248
dummy,null_15338,48,7248
dummy,null_15339,144,7248
dummy,null_15340,240,7248
dummy,null_15341,336,7248
dummy,null_15342,384,7248
dummy,null_15343,576,7248
dummy,null_15344,624,7248
dummy,null_15345,672,7248
dummy,null_15346,720,7248
dummy,null_15347,816,7248
dummy,null_15348,864,7248
dummy,null_15349,912,7248
dummy,null_15350,1104,7248
dummy,null_15351,1248,7248
dummy,null_15352,1392,7248
dummy,null_15353,1440,7248
dummy,null_15354,1584,7248
dummy,null_15355,1776,7248
dummy,null_15356,1872,7248
dummy,null_15357,1920,7248
dummy,null_15358,1968,7248
dummy,null_15359,2112,7248
dummy,null_15360,2400,7248
dummy,null_15361,2448,7248
dummy,null_15362,2592,7248
dummy,null_15363,2784,7248
dummy,null_15364,2928,7248
dummy,null_15365,2976,7248
dummy,null_15366,3024,7248
dummy,null_15367,3168,7248
dummy,null_15368,3264,7248
dummy,null_15369,3312,7248
dummy,null_15370,3360,7248
dummy,null_15371,3408,7248
dummy,null_15372,3504,7248
dummy,null_15373,3552,7248
dummy,null_15374,3792,7248
dummy,null_15375,3840,7248
dummy,null_15376,3888,7248
dummy,null_15377,4128,7248
dummy,null_15378,4176,7248
dummy,null_15379,4224,7248
dummy,null_15380,4272,7248
dummy,null_15381,4416,7248
dummy,null_15382,4464,7248
dummy,null_15383,4656,7248
dummy,null_15384,4752,7248
dummy,null_15385,4896,7248
dummy,null_15386,5088,7248
dummy,null_15387,5232,7248
dummy,null_15388,5280,7248
dummy,null_15389,5376,7248
dummy,null_15390,5520,7248
dummy,null_15391,5712,7248
dummy,null_15392,5760,7248
dummy,null_15393,5808,7248
dummy,null_15394,5904,7248
dummy,null_15395,6000,7248
dummy,null_15396,6096,7248
dummy,null_15397,6192,7248
dummy,null_15398,6240,7248
dummy,null_15399,6336,7248
dummy,null_15400,6528,7248
dummy,null_15401,6624,7248
dummy,null_15402,6672,7248
dummy,null_15403,6720,7248
dummy,null_15404,6768,7248
dummy,null_15405,6864,7248
dummy,null_15406,6960,7248
dummy,null_15407,7008,7248
dummy,null_15408,7200,7248
dummy,null_15409,7248,7248
dummy,null_15410,7296,7248
dummy,null_15411,7392,7248
dummy,null_15412,7536,7248
dummy,null_15413,7584,7248
dummy,null_15414,7680,7248
dummy,null_15415,7728,7248
dummy,null_15416,7776,7248
dummy,null_15417,7968,7248
dummy,null_15418,8160,7248
dummy,null_15419,8352,7248
dummy,null_15420,8544,7248
dummy,null_15421,8688,7248
dummy,null_15422,8736,7248
dummy,null_15423,8784,7248
dummy,null_15424,8832,7248
dummy,null_15425,8928,7248
dummy,null_15426,9024,7248
dummy,null_15427,9168,7248
dummy,null_15428,9456,7248
dummy,null_15429,9648,7248
dummy,null_15430,9744,7248
dummy,null_15431,9792,7248
dummy,null_15432,9840,7248
dummy,null_15433,9984,7248
dummy,null_15434,96,7296
dummy,null_15435,192,7296
dummy,null_15436,384,7296
dummy,null_15437,432,7296
dummy,null_15438,480,7296
dummy,null_15439,576,7296
dummy,null_15440,624,7296
dummy,null_15441,672,7296
dummy,null_15442,768,7296
dummy,null_15443,816,7296
dummy,null_15444,912,7296
dummy,null_15445,1056,7296
dummy,null_15446,1104,7296
dummy,null_15447,1200,7296
dummy,null_15448,1248,7296
dummy,null_15449,1296,7296
dummy,null_15450,1392,7296
dummy,null_15451,1440,7296
dummy,null_15452,1536,7296
dummy,null_15453,1584,7296
dummy,null_15454,1632,7296
dummy,null_15455,1728,7296
dummy,null_15456,1776,7296
dummy,null_15457,1872,7296
dummy,null_15458,1920,7296
dummy,null_15459,1968,7296
dummy,null_15460,2016,7296
dummy,null_15461,2064,7296
dummy,null_15462,2112,7296
dummy,null_15463,2208,7296
dummy,null_15464,2256,7296
dummy,null_15465,2304,7296
dummy,null_15466,2352,7296
dummy,null_15467,2544,7296
dummy,null_15468,2640,7296
dummy,null_15469,2688,7296
dummy,null_15470,2736,7296
dummy,null_15471,2784,7296
dummy,null_15472,3072,7296
dummy,null_15473,3120,7296
dummy,null_15474,3312,7296
dummy,null_15475,3552,7296
dummy,null_15476,3600,7296
dummy,null_15477,3648,7296
dummy,null_15478,3792,7296
dummy,null_15479,3936,7296
dummy,null_15480,4032,7296
dummy,null_15481,4080,7296
dummy,null_15482,4176,7296
dummy,null_15483,4224,7296
dummy,null_15484,4320,7296
dummy,null_15485,4512,7296
dummy,null_15486,4608,7296
dummy,null_15487,4800,7296
dummy,null_15488,4896,7296
dummy,null_15489,4944,7296
dummy,null_15490,4992,7296
dummy,null_15491,5088,7296
dummy,null_15492,5136,7296
dummy,null_15493,5184,7296
dummy,null_15494,5520,7296
dummy,null_15495,5568,7296
dummy,null_15496,5664,7296
dummy,null_15497,5712,7296
dummy,null_15498,5760,7296
dummy,null_15499,5808,7296
dummy,null_15500,5856,7296
dummy,null_15501,6000,7296
dummy,null_15502,6048,7296
dummy,null_15503,6096,7296
dummy,null_15504,6192,7296
dummy,null_15505,6240,7296
dummy,null_15506,6336,7296
dummy,null_15507,6384,7296
dummy,null_15508,6432,7296
dummy,null_15509,6624,7296
dummy,null_15510,6720,7296
dummy,null_15511,6864,7296
dummy,null_15512,6960,7296
dummy,null_15513,7104,7296
dummy,null_15514,7200,7296
dummy,null_15515,7344,7296
dummy,null_15516,7488,7296
dummy,null_15517,7536,7296
dummy,null_15518,7584,7296
dummy,null_15519,7728,7296
dummy,null_15520,7824,7296
dummy,null_15521,7872,7296
dummy,null_15522,7920,7296
dummy,null_15523,7968,7296
dummy,null_15524,8016,7296
dummy,null_15525,8064,7296
dummy,null_15526,8448,7296
dummy,null_15527,8496,7296
dummy,null_15528,8544,7296
dummy,null_15529,8784,7296
dummy,null_15530,8832,7296
dummy,null_15531,8880,7296
dummy,null_15532,8928,7296
dummy,null_15533,8976,7296
dummy,null_15534,9024,7296
dummy,null_15535,9312,7296
dummy,null_15536,9456,7296
dummy,null_15537,9552,7296
dummy,null_15538,9600,7296
dummy,null_15539,9648,7296
dummy,null_15540,9696,7296
dummy,null_15541,9744,7296
dummy,null_15542,9792,7296
dummy,null_15543,9840,7296
dummy,null_15544,9888,7296
dummy,null_15545,9936,7296
dummy,null_15546,9984,7296
dummy,null_15547,48,7344
dummy,null_15548,192,7344
dummy,null_15549,240,7344
dummy,null_15550,336,7344
dummy,null_15551,384,7344
dummy,null_15552,528,7344
dummy,null_15553,624,7344
dummy,null_15554,672,7344
dummy,null_15555,768,7344
dummy,null_15556,864,7344
dummy,null_15557,912,7344
dummy,null_15558,960,7344
dummy,null_15559,1104,7344
dummy,null_15560,1152,7344
dummy,null_15561,1200,7344
dummy,null_15562,1296,7344
dummy,null_15563,1440,7344
dummy,null_15564,1680,7344
dummy,null_15565,1776,7344
dummy,null_15566,1824,7344
dummy,null_15567,1872,7344
dummy,null_15568,1920,7344
dummy,null_15569,2064,7344
dummy,null_15570,2112,7344
dummy,null_15571,2208,7344
dummy,null_15572,2304,7344
dummy,null_15573,2352,7344
dummy,null_15574,2448,7344
dummy,null_15575,2496,7344
dummy,null_15576,2640,7344
dummy,null_15577,2736,7344
dummy,null_15578,2832,7344
dummy,null_15579,2928,7344
dummy,null_15580,3024,7344
dummy,null_15581,3072,7344
dummy,null_15582,3120,7344
dummy,null_15583,3168,7344
dummy,null_15584,3264,7344
dummy,null_15585,3408,7344
dummy,null_15586,3456,7344
dummy,null_15587,3504,7344
dummy,null_15588,3648,7344
dummy,null_15589,3696,7344
dummy,null_15590,3744,7344
dummy,null_15591,3792,7344
dummy,null_15592,3840,7344
dummy,null_15593,3936,7344
dummy,null_15594,4080,7344
dummy,null_15595,4128,7344
dummy,null_15596,4176,7344
dummy,null_15597,4656,7344
dummy,null_15598,4848,7344
dummy,null_15599,5040,7344
dummy,null_15600,5088,7344
dummy,null_15601,5280,7344
dummy,null_15602,5328,7344
dummy,null_15603,5424,7344
dummy,null_15604,5472,7344
dummy,null_15605,5520,7344
dummy,null_15606,5568,7344
dummy,null_15607,5616,7344
dummy,null_15608,5904,7344
dummy,null_15609,6000,7344
dummy,null_15610,6048,7344
dummy,null_15611,6096,7344
dummy,null_15612,6144,7344
dummy,null_15613,6288,7344
dummy,null_15614,6672,7344
dummy,null_15615,6720,7344
dummy,null_15616,6912,7344
dummy,null_15617,7056,7344
dummy,null_15618,7152,7344
dummy,null_15619,7440,7344
dummy,null_15620,7488,7344
dummy,null_15621,7536,7344
dummy,null_15622,7584,7344
dummy,null_15623,7632,7344
dummy,null_15624,7776,7344
dummy,null_15625,7872,7344
dummy,null_15626,7920,7344
dummy,null_15627,8064,7344
dummy,null_15628,8112,7344
dummy,null_15629,8256,7344
dummy,null_15630,8304,7344
dummy,null_15631,8400,7344
dummy,null_15632,8448,7344
dummy,null_15633,8496,7344
dummy,null_15634,8544,7344
dummy,null_15635,8592,7344
dummy,null_15636,8688,7344
dummy,null_15637,8736,7344
dummy,null_15638,8832,7344
dummy,null_15639,8928,7344
dummy,null_15640,8976,7344
dummy,null_15641,9312,7344
dummy,null_15642,9360,7344
dummy,null_15643,9456,7344
dummy,null_15644,9600,7344
dummy,null_15645,9648,7344
dummy,null_15646,9792,7344
dummy,null_15647,9840,7344
dummy,null_15648,9888,7344
dummy,null_15649,9936,7344
dummy,null_15650,48,7392
dummy,null_15651,96,7392
dummy,null_15652,192,7392
dummy,null_15653,288,7392
dummy,null_15654,480,7392
dummy,null_15655,528,7392
dummy,null_15656,576,7392
dummy,null_15657,672,7392
dummy,null_15658,720,7392
dummy,null_15659,768,7392
dummy,null_15660,864,7392
dummy,null_15661,912,7392
dummy,null_15662,960,7392
dummy,null_15663,1008,7392
dummy,null_15664,1056,7392
dummy,null_15665,1248,7392
dummy,null_15666,1296,7392
dummy,null_15667,1536,7392
dummy,null_15668,1632,7392
dummy,null_15669,1680,7392
dummy,null_15670,1728,7392
dummy,null_15671,1776,7392
dummy,null_15672,1824,7392
dummy,null_15673,1872,7392
dummy,null_15674,1920,7392
dummy,null_15675,1968,7392
dummy,null_15676,2064,7392
dummy,null_15677,2112,7392
dummy,null_15678,2160,7392
dummy,null_15679,2304,7392
dummy,null_15680,2352,7392
dummy,null_15681,2400,7392
dummy,null_15682,2448,7392
dummy,null_15683,2496,7392
dummy,null_15684,2592,7392
dummy,null_15685,2640,7392
dummy,null_15686,2736,7392
dummy,null_15687,2832,7392
dummy,null_15688,2880,7392
dummy,null_15689,2928,7392
dummy,null_15690,3024,7392
dummy,null_15691,3120,7392
dummy,null_15692,3168,7392
dummy,null_15693,3216,7392
dummy,null_15694,3264,7392
dummy,null_15695,3312,7392
dummy,null_15696,3456,7392
dummy,null_15697,3552,7392
dummy,null_15698,3696,7392
dummy,null_15699,3792,7392
dummy,null_15700,3888,7392
dummy,null_15701,4080,7392
dummy,null_15702,4368,7392
dummy,null_15703,4608,7392
dummy,null_15704,4800,7392
dummy,null_15705,5088,7392
dummy,null_15706,5280,7392
dummy,null_15707,5328,7392
dummy,null_15708,5472,7392
dummy,null_15709,5616,7392
dummy,null_15710,5904,7392
dummy,null_15711,6000,7392
dummy,null_15712,6144,7392
dummy,null_15713,6336,7392
dummy,null_15714,6384,7392
dummy,null_15715,6480,7392
dummy,null_15716,6624,7392
dummy,null_15717,6672,7392
dummy,null_15718,6912,7392
dummy,null_15719,6960,7392
dummy,null_15720,7008,7392
dummy,null_15721,7152,7392
dummy,null_15722,7248,7392
dummy,null_15723,7344,7392
dummy,null_15724,7488,7392
dummy,null_15725,7536,7392
dummy,null_15726,7584,7392
dummy,null_15727,7680,7392
dummy,null_15728,7824,7392
dummy,null_15729,7920,7392
dummy,null_15730,7968,7392
dummy,null_15731,8016,7392
dummy,null_15732,8064,7392
dummy,null_15733,8112,7392
dummy,null_15734,8208,7392
dummy,null_15735,8256,7392
dummy,null_15736,8304,7392
dummy,null_15737,8352,7392
dummy,null_15738,8400,7392
dummy,null_15739,8496,7392
dummy,null_15740,8544,7392
dummy,null_15741,8688,7392
dummy,null_15742,8832,7392
dummy,null_15743,9072,7392
dummy,null_15744,9168,7392
dummy,null_15745,9264,7392
dummy,null_15746,9360,7392
dummy,null_15747,9600,7392
dummy,null_15748,9696,7392
dummy,null_15749,9744,7392
dummy,null_15750,9792,7392
dummy,null_15751,9840,7392
dummy,null_15752,9936,7392
dummy,null_15753,9984,7392
dummy,null_15754,48,7440
dummy,null_15755,144,7440
dummy,null_15756,336,7440
dummy,null_15757,480,7440
dummy,null_15758,768,7440
dummy,null_15759,816,7440
dummy,null_15760,864,7440
dummy,null_15761,960,7440
dummy,null_15762,1056,7440
dummy,null_15763,1152,7440
dummy,null_15764,1248,7440
dummy,null_15765,1296,7440
dummy,null_15766,1344,7440
dummy,null_15767,1392,7440
dummy,null_15768,1584,7440
dummy,null_15769,1920,7440
dummy,null_15770,1968,7440
dummy,null_15771,2016,7440
dummy,null_15772,2064,7440
dummy,null_15773,2160,7440
dummy,null_15774,2208,7440
dummy,null_15775,2256,7440
dummy,null_15776,2304,7440
dummy,null_15777,2352,7440
dummy,null_15778,2544,7440
dummy,null_15779,2592,7440
dummy,null_15780,2688,7440
dummy,null_15781,2928,7440
dummy,null_15782,3024,7440
dummy,null_15783,3072,7440
dummy,null_15784,3120,7440
dummy,null_15785,3408,7440
dummy,null_15786,3456,7440
dummy,null_15787,3648,7440
dummy,null_15788,3696,7440
dummy,null_15789,4032,7440
dummy,null_15790,4080,7440
dummy,null_15791,4128,7440
dummy,null_15792,4368,7440
dummy,null_15793,4416,7440
dummy,null_15794,4560,7440
dummy,null_15795,4752,7440
dummy,null_15796,4896,7440
dummy,null_15797,4944,7440
dummy,null_15798,4992,7440
dummy,null_15799,5040,7440
dummy,null_15800,5088,7440
dummy,null_15801,5136,7440
dummy,null_15802,5328,7440
dummy,null_15803,5424,7440
dummy,null_15804,5472,7440
dummy,null_15805,5520,7440
dummy,null_15806,5616,7440
dummy,null_15807,5712,7440
dummy,null_15808,6048,7440
dummy,null_15809,6240,7440
dummy,null_15810,6336,7440
dummy,null_15811,6432,7440
dummy,null_15812,6480,7440
dummy,null_15813,6576,7440
dummy,null_15814,6624,7440
dummy,null_15815,6720,7440
dummy,null_15816,6768,7440
dummy,null_15817,6816,7440
dummy,null_15818,6864,7440
dummy,null_15819,6960,7440
dummy,null_15820,7008,7440
dummy,null_15821,7200,7440
dummy,null_15822,7296,7440
dummy,null_15823,7344,7440
dummy,null_15824,7488,7440
dummy,null_15825,7584,7440
dummy,null_15826,7680,7440
dummy,null_15827,7776,7440
dummy,null_15828,7920,7440
dummy,null_15829,8160,7440
dummy,null_15830,8208,7440
dummy,null_15831,8256,7440
dummy,null_15832,8304,7440
dummy,null_15833,8352,7440
dummy,null_15834,8448,7440
dummy,null_15835,8640,7440
dummy,null_15836,8688,7440
dummy,null_15837,8736,7440
dummy,null_15838,8784,7440
dummy,null_15839,8880,7440
dummy,null_15840,8976,7440
dummy,null_15841,9072,7440
dummy,null_15842,9216,7440
dummy,null_15843,9360,7440
dummy,null_15844,9408,7440
dummy,null_15845,9504,7440
dummy,null_15846,9600,7440
dummy,null_15847,9696,7440
dummy,null_15848,9744,7440
dummy,null_15849,9840,7440
dummy,null_15850,9888,7440
dummy,null_15851,9984,7440
dummy,null_15852,144,7488
dummy,null_15853,240,7488
dummy,null_15854,288,7488
dummy,null_15855,336,7488
dummy,null_15856,432,7488
dummy,null_15857,480,7488
dummy,null_15858,576,7488
dummy,null_15859,816,7488
dummy,null_15860,912,7488
dummy,null_15861,960,7488
dummy,null_15862,1056,7488
dummy,null_15863,1104,7488
dummy,null_15864,1200,7488
dummy,null_15865,1248,7488
dummy,null_15866,1488,7488
dummy,null_15867,1680,7488
dummy,null_15868,1824,7488
dummy,null_15869,1872,7488
dummy,null_15870,1920,7488
dummy,null_15871,2016,7488
dummy,null_15872,2064,7488
dummy,null_15873,2112,7488
dummy,null_15874,2208,7488
dummy,null_15875,2304,7488
dummy,null_15876,2448,7488
dummy,null_15877,2496,7488
dummy,null_15878,2544,7488
dummy,null_15879,2592,7488
dummy,null_15880,2736,7488
dummy,null_15881,2784,7488
dummy,null_15882,2880,7488
dummy,null_15883,2976,7488
dummy,null_15884,3120,7488
dummy,null_15885,3168,7488
dummy,null_15886,3216,7488
dummy,null_15887,3264,7488
dummy,null_15888,3360,7488
dummy,null_15889,3456,7488
dummy,null_15890,3504,7488
dummy,null_15891,3552,7488
dummy,null_15892,3600,7488
dummy,null_15893,3648,7488
dummy,null_15894,3696,7488
dummy,null_15895,3840,7488
dummy,null_15896,3936,7488
dummy,null_15897,3984,7488
dummy,null_15898,4080,7488
dummy,null_15899,4128,7488
dummy,null_15900,4176,7488
dummy,null_15901,4512,7488
dummy,null_15902,4704,7488
dummy,null_15903,4848,7488
dummy,null_15904,4896,7488
dummy,null_15905,4944,7488
dummy,null_15906,5040,7488
dummy,null_15907,5184,7488
dummy,null_15908,5232,7488
dummy,null_15909,5424,7488
dummy,null_15910,5520,7488
dummy,null_15911,5568,7488
dummy,null_15912,5664,7488
dummy,null_15913,5712,7488
dummy,null_15914,5760,7488
dummy,null_15915,5856,7488
dummy,null_15916,5904,7488
dummy,null_15917,5952,7488
dummy,null_15918,6048,7488
dummy,null_15919,6096,7488
dummy,null_15920,6144,7488
dummy,null_15921,6240,7488
dummy,null_15922,6288,7488
dummy,null_15923,6336,7488
dummy,null_15924,6432,7488
dummy,null_15925,6672,7488
dummy,null_15926,6720,7488
dummy,null_15927,6864,7488
dummy,null_15928,6960,7488
dummy,null_15929,7056,7488
dummy,null_15930,7248,7488
dummy,null_15931,7344,7488
dummy,null_15932,7392,7488
dummy,null_15933,7440,7488
dummy,null_15934,7488,7488
dummy,null_15935,7584,7488
dummy,null_15936,7872,7488
dummy,null_15937,8016,7488
dummy,null_15938,8112,7488
dummy,null_15939,8208,7488
dummy,null_15940,8256,7488
dummy,null_15941,8304,7488
dummy,null_15942,8448,7488
dummy,null_15943,8640,7488
dummy,null_15944,8736,7488
dummy,null_15945,8784,7488
dummy,null_15946,8832,7488
dummy,null_15947,8928,7488
dummy,null_15948,8976,7488
dummy,null_15949,9120,7488
dummy,null_15950,9168,7488
dummy,null_15951,9216,7488
dummy,null_15952,9264,7488
dummy,null_15953,9408,7488
dummy,null_15954,9504,7488
dummy,null_15955,9552,7488
dummy,null_15956,9648,7488
dummy,null_15957,9696,7488
dummy,null_15958,9840,7488
dummy,null_15959,9888,7488
dummy,null_15960,9984,7488
dummy,null_15961,192,7536
dummy,null_15962,384,7536
dummy,null_15963,480,7536
dummy,null_15964,528,7536
dummy,null_15965,624,7536
dummy,null_15966,768,7536
dummy,null_15967,912,7536
dummy,null_15968,1248,7536
dummy,null_15969,1440,7536
dummy,null_15970,1584,7536
dummy,null_15971,1632,7536
dummy,null_15972,1680,7536
dummy,null_15973,1824,7536
dummy,null_15974,1872,7536
dummy,null_15975,1920,7536
dummy,null_15976,1968,7536
dummy,null_15977,2016,7536
dummy,null_15978,2112,7536
dummy,null_15979,2160,7536
dummy,null_15980,2208,7536
dummy,null_15981,2352,7536
dummy,null_15982,2448,7536
dummy,null_15983,2736,7536
dummy,null_15984,2832,7536
dummy,null_15985,2976,7536
dummy,null_15986,3024,7536
dummy,null_15987,3072,7536
dummy,null_15988,3120,7536
dummy,null_15989,3168,7536
dummy,null_15990,3264,7536
dummy,null_15991,3312,7536
dummy,null_15992,3360,7536
dummy,null_15993,3408,7536
dummy,null_15994,3456,7536
dummy,null_15995,3504,7536
dummy,null_15996,3600,7536
dummy,null_15997,3648,7536
dummy,null_15998,3696,7536
dummy,null_15999,3840,7536
dummy,null_16000,3984,7536
dummy,null_16001,4128,7536
dummy,null_16002,4224,7536
dummy,null_16003,4368,7536
dummy,null_16004,4464,7536
dummy,null_16005,4656,7536
dummy,null_16006,4752,7536
dummy,null_16007,4896,7536
dummy,null_16008,4992,7536
dummy,null_16009,5088,7536
dummy,null_16010,5184,7536
dummy,null_16011,5328,7536
dummy,null_16012,5472,7536
dummy,null_16013,5520,7536
dummy,null_16014,5712,7536
dummy,null_16015,5856,7536
dummy,null_16016,5952,7536
dummy,null_16017,6000,7536
dummy,null_16018,6096,7536
dummy,null_16019,6240,7536
dummy,null_16020,6288,7536
dummy,null_16021,6336,7536
dummy,null_16022,6384,7536
dummy,null_16023,6528,7536
dummy,null_16024,6576,7536
dummy,null_16025,6720,7536
dummy,null_16026,6960,7536
dummy,null_16027,7104,7536
dummy,null_16028,7296,7536
dummy,null_16029,7392,7536
dummy,null_16030,7488,7536
dummy,null_16031,7536,7536
dummy,null_16032,7632,7536
dummy,null_16033,7824,7536
dummy,null_16034,7872,7536
dummy,null_16035,7920,7536
dummy,null_16036,8160,7536
dummy,null_16037,8208,7536
dummy,null_16038,8256,7536
dummy,null_16039,8400,7536
dummy,null_16040,8448,7536
dummy,null_16041,8496,7536
dummy,null_16042,8592,7536
dummy,null_16043,8736,7536
dummy,null_16044,8784,7536
dummy,null_16045,8832,7536
dummy,null_16046,8880,7536
dummy,null_16047,9024,7536
dummy,null_16048,9264,7536
dummy,null_16049,9360,7536
dummy,null_16050,9456,7536
dummy,null_16051,9600,7536
dummy,null_16052,9696,7536
dummy,null_16053,9792,7536
dummy,null_16054,9840,7536
dummy,null_16055,9888,7536
dummy,null_16056,9936,7536
dummy,null_16057,48,7584
dummy,null_16058,192,7584
dummy,null_16059,240,7584
dummy,null_16060,288,7584
dummy,null_16061,336,7584
dummy,null_16062,384,7584
dummy,null_16063,432,7584
dummy,null_16064,480,7584
dummy,null_16065,528,7584
dummy,null_16066,720,7584
dummy,null_16067,816,7584
dummy,null_16068,864,7584
dummy,null_16069,1056,7584
dummy,null_16070,1104,7584
dummy,null_16071,1248,7584
dummy,null_16072,1392,7584
dummy,null_16073,1536,7584
dummy,null_16074,1584,7584
dummy,null_16075,1632,7584
dummy,null_16076,1680,7584
dummy,null_16077,1872,7584
dummy,null_16078,2016,7584
dummy,null_16079,2064,7584
dummy,null_16080,2352,7584
dummy,null_16081,2448,7584
dummy,null_16082,2496,7584
dummy,null_16083,2544,7584
dummy,null_16084,2736,7584
dummy,null_16085,2880,7584
dummy,null_16086,2976,7584
dummy,null_16087,3072,7584
dummy,null_16088,3168,7584
dummy,null_16089,3408,7584
dummy,null_16090,3552,7584
dummy,null_16091,3696,7584
dummy,null_16092,3888,7584
dummy,null_16093,3936,7584
dummy,null_16094,3984,7584
dummy,null_16095,4368,7584
dummy,null_16096,4512,7584
dummy,null_16097,4608,7584
dummy,null_16098,4704,7584
dummy,null_16099,4800,7584
dummy,null_16100,4848,7584
dummy,null_16101,4944,7584
dummy,null_16102,5040,7584
dummy,null_16103,5280,7584
dummy,null_16104,5424,7584
dummy,null_16105,5520,7584
dummy,null_16106,5568,7584
dummy,null_16107,5616,7584
dummy,null_16108,5904,7584
dummy,null_16109,6048,7584
dummy,null_16110,6240,7584
dummy,null_16111,6288,7584
dummy,null_16112,6336,7584
dummy,null_16113,6384,7584
dummy,null_16114,6480,7584
dummy,null_16115,6528,7584
dummy,null_16116,6576,7584
dummy,null_16117,6720,7584
dummy,null_16118,6768,7584
dummy,null_16119,6816,7584
dummy,null_16120,6912,7584
dummy,null_16121,7200,7584
dummy,null_16122,7248,7584
dummy,null_16123,7392,7584
dummy,null_16124,7440,7584
dummy,null_16125,7488,7584
dummy,null_16126,7536,7584
dummy,null_16127,7584,7584
dummy,null_16128,7680,7584
dummy,null_16129,7728,7584
dummy,null_16130,7776,7584
dummy,null_16131,7872,7584
dummy,null_16132,7920,7584
dummy,null_16133,7968,7584
dummy,null_16134,8016,7584
dummy,null_16135,8064,7584
dummy,null_16136,8160,7584
dummy,null_16137,8304,7584
dummy,null_16138,8352,7584
dummy,null_16139,8400,7584
dummy,null_16140,8496,7584
dummy,null_16141,8544,7584
dummy,null_16142,8592,7584
dummy,null_16143,8640,7584
dummy,null_16144,8688,7584
dummy,null_16145,8736,7584
dummy,null_16146,8880,7584
dummy,null_16147,8928,7584
dummy,null_16148,9072,7584
dummy,null_16149,9264,7584
dummy,null_16150,9312,7584
dummy,null_16151,9552,7584
dummy,null_16152,9696,7584
dummy,null_16153,9744,7584
dummy,null_16154,9840,7584
dummy,null_16155,9888,7584
dummy,null_16156,9936,7584
dummy,null_16157,0,7632
dummy,null_16158,48,7632
dummy,null_16159,240,7632
dummy,null_16160,336,7632
dummy,null_16161,384,7632
dummy,null_16162,432,7632
dummy,null_16163,480,7632
dummy,null_16164,528,7632
dummy,null_16165,624,7632
dummy,null_16166,672,7632
dummy,null_16167,768,7632
dummy,null_16168,960,7632
dummy,null_16169,1008,7632
dummy,null_16170,1152,7632
dummy,null_16171,1248,7632
dummy,null_16172,1344,7632
dummy,null_16173,1392,7632
dummy,null_16174,1440,7632
dummy,null_16175,1488,7632
dummy,null_16176,1536,7632
dummy,null_16177,1728,7632
dummy,null_16178,1776,7632
dummy,null_16179,1824,7632
dummy,null_16180,1872,7632
dummy,null_16181,2064,7632
dummy,null_16182,2160,7632
dummy,null_16183,2256,7632
dummy,null_16184,2496,7632
dummy,null_16185,2544,7632
dummy,null_16186,2592,7632
dummy,null_16187,2736,7632
dummy,null_16188,2880,7632
dummy,null_16189,2928,7632
dummy,null_16190,3072,7632
dummy,null_16191,3120,7632
dummy,null_16192,3168,7632
dummy,null_16193,3264,7632
dummy,null_16194,3312,7632
dummy,null_16195,3408,7632
dummy,null_16196,3456,7632
dummy,null_16197,3504,7632
dummy,null_16198,3552,7632
dummy,null_16199,3696,7632
dummy,null_16200,3744,7632
dummy,null_16201,3792,7632
dummy,null_16202,3840,7632
dummy,null_16203,3888,7632
dummy,null_16204,3984,7632
dummy,null_16205,4032,7632
dummy,null_16206,4272,7632
dummy,null_16207,4320,7632
dummy,null_16208,4368,7632
dummy,null_16209,4416,7632
dummy,null_16210,4560,7632
dummy,null_16211,4848,7632
dummy,null_16212,4896,7632
dummy,null_16213,5088,7632
dummy,null_16214,5136,7632
dummy,null_16215,5184,7632
dummy,null_16216,5232,7632
dummy,null_16217,5328,7632
dummy,null_16218,5376,7632
dummy,null_16219,5424,7632
dummy,null_16220,5472,7632
dummy,null_16221,5520,7632
dummy,null_16222,5616,7632
dummy,null_16223,5712,7632
dummy,null_16224,5808,7632
dummy,null_16225,5856,7632
dummy,null_16226,6096,7632
dummy,null_16227,6144,7632
dummy,null_16228,6192,7632
dummy,null_16229,6240,7632
dummy,null_16230,6336,7632
dummy,null_16231,6480,7632
dummy,null_16232,6576,7632
dummy,null_16233,6768,7632
dummy,null_16234,6816,7632
dummy,null_16235,6912,7632
dummy,null_16236,6960,7632
dummy,null_16237,7008,7632
dummy,null_16238,7104,7632
dummy,null_16239,7152,7632
dummy,null_16240,7200,7632
dummy,null_16241,7296,7632
dummy,null_16242,7344,7632
dummy,null_16243,7440,7632
dummy,null_16244,7488,7632
dummy,null_16245,7536,7632
dummy,null_16246,7632,7632
dummy,null_16247,7680,7632
dummy,null_16248,7776,7632
dummy,null_16249,7824,7632
dummy,null_16250,7872,7632
dummy,null_16251,7968,7632
dummy,null_16252,8016,7632
dummy,null_16253,8112,7632
dummy,null_16254,8208,7632
dummy,null_16255,8352,7632
dummy,null_16256,8400,7632
dummy,null_16257,8448,7632
dummy,null_16258,8544,7632
dummy,null_16259,8592,7632
dummy,null_16260,8688,7632
dummy,null_16261,8736,7632
dummy,null_16262,8832,7632
dummy,null_16263,8880,7632
dummy,null_16264,8928,7632
dummy,null_16265,8976,7632
dummy,null_16266,9120,7632
dummy,null_16267,9264,7632
dummy,null_16268,9360,7632
dummy,null_16269,9456,7632
dummy,null_16270,9504,7632
dummy,null_16271,9552,7632
dummy,null_16272,9648,7632
dummy,null_16273,9696,7632
dummy,null_16274,9792,7632
dummy,null_16275,9984,7632
dummy,null_16276,96,7680
dummy,null_16277,192,7680
dummy,null_16278,288,7680
dummy,null_16279,384,7680
dummy,null_16280,720,7680
dummy,null_16281,816,7680
dummy,null_16282,1248,7680
dummy,null_16283,1296,7680
dummy,null_16284,1776,7680
dummy,null_16285,1872,7680
dummy,null_16286,1968,7680
dummy,null_16287,2016,7680
dummy,null_16288,2112,7680
dummy,null_16289,2256,7680
dummy,null_16290,2448,7680
dummy,null_16291,2544,7680
dummy,null_16292,2640,7680
dummy,null_16293,2880,7680
dummy,null_16294,2928,7680
dummy,null_16295,2976,7680
dummy,null_16296,3024,7680
dummy,null_16297,3072,7680
dummy,null_16298,3120,7680
dummy,null_16299,3216,7680
dummy,null_16300,3264,7680
dummy,null_16301,3360,7680
dummy,null_16302,3408,7680
dummy,null_16303,3552,7680
dummy,null_16304,3696,7680
dummy,null_16305,3744,7680
dummy,null_16306,4032,7680
dummy,null_16307,4080,7680
dummy,null_16308,4272,7680
dummy,null_16309,4320,7680
dummy,null_16310,4416,7680
dummy,null_16311,4464,7680
dummy,null_16312,4560,7680
dummy,null_16313,4704,7680
dummy,null_16314,4752,7680
dummy,null_16315,4944,7680
dummy,null_16316,5040,7680
dummy,null_16317,5184,7680
dummy,null_16318,5280,7680
dummy,null_16319,5376,7680
dummy,null_16320,5472,7680
dummy,null_16321,5568,7680
dummy,null_16322,5616,7680
dummy,null_16323,5808,7680
dummy,null_16324,5856,7680
dummy,null_16325,5904,7680
dummy,null_16326,5952,7680
dummy,null_16327,6048,7680
dummy,null_16328,6144,7680
dummy,null_16329,6336,7680
dummy,null_16330,6576,7680
dummy,null_16331,6672,7680
dummy,null_16332,6816,7680
dummy,null_16333,6864,7680
dummy,null_16334,7008,7680
dummy,null_16335,7104,7680
dummy,null_16336,7200,7680
dummy,null_16337,7392,7680
dummy,null_16338,7440,7680
dummy,null_16339,7488,7680
dummy,null_16340,7632,7680
dummy,null_16341,7680,7680
dummy,null_16342,7728,7680
dummy,null_16343,7776,7680
dummy,null_16344,7920,7680
dummy,null_16345,7968,7680
dummy,null_16346,8016,7680
dummy,null_16347,8064,7680
dummy,null_16348,8112,7680
dummy,null_16349,8160,7680
dummy,null_16350,8208,7680
dummy,null_16351,8352,7680
dummy,null_16352,8400,7680
dummy,null_16353,8592,7680
dummy,null_16354,8688,7680
dummy,null_16355,8736,7680
dummy,null_16356,8784,7680
dummy,null_16357,8880,7680
dummy,null_16358,8976,7680
dummy,null_16359,9072,7680
dummy,null_16360,9168,7680
dummy,null_16361,9216,7680
dummy,null_16362,9312,7680
dummy,null_16363,9360,7680
dummy,null_16364,9408,7680
dummy,null_16365,9456,7680
dummy,null_16366,9504,7680
dummy,null_16367,9552,7680
dummy,null_16368,9600,7680
dummy,null_16369,9792,7680
dummy,null_16370,9840,7680
dummy,null_16371,9888,7680
dummy,null_16372,192,7728
dummy,null_16373,432,7728
dummy,null_16374,480,7728
dummy,null_16375,624,7728
dummy,null_16376,720,7728
dummy,null_16377,768,7728
dummy,null_16378,960,7728
dummy,null_16379,1008,7728
dummy,null_16380,1056,7728
dummy,null_16381,1296,7728
dummy,null_16382,1392,7728
dummy,null_16383,1584,7728
dummy,null_16384,1632,7728
dummy,null_16385,1680,7728
dummy,null_16386,1776,7728
dummy,null_16387,1920,7728
dummy,null_16388,1968,7728
dummy,null_16389,2016,7728
dummy,null_16390,2064,7728
dummy,null_16391,2208,7728
dummy,null_16392,2304,7728
dummy,null_16393,2352,7728
dummy,null_16394,2496,7728
dummy,null_16395,2592,7728
dummy,null_16396,2688,7728
dummy,null_16397,2736,7728
dummy,null_16398,2928,7728
dummy,null_16399,2976,7728
dummy,null_16400,3024,7728
dummy,null_16401,3168,7728
dummy,null_16402,3312,7728
dummy,null_16403,3408,7728
dummy,null_16404,3456,7728
dummy,null_16405,3552,7728
dummy,null_16406,3600,7728
dummy,null_16407,3648,7728
dummy,null_16408,3696,7728
dummy,null_16409,3792,7728
dummy,null_16410,3840,7728
dummy,null_16411,3936,7728
dummy,null_16412,4032,7728
dummy,null_16413,4080,7728
dummy,null_16414,4176,7728
dummy,null_16415,4272,7728
dummy,null_16416,4320,7728
dummy,null_16417,4464,7728
dummy,null_16418,4512,7728
dummy,null_16419,4560,7728
dummy,null_16420,4608,7728
dummy,null_16421,4800,7728
dummy,null_16422,4848,7728
dummy,null_16423,4896,7728
dummy,null_16424,5088,7728
dummy,null_16425,5136,7728
dummy,null_16426,5184,7728
dummy,null_16427,5232,7728
dummy,null_16428,5328,7728
dummy,null_16429,5472,7728
dummy,null_16430,5616,7728
dummy,null_16431,5712,7728
dummy,null_16432,5760,7728
dummy,null_16433,5808,7728
dummy,null_16434,6240,7728
dummy,null_16435,6288,7728
dummy,null_16436,6480,7728
dummy,null_16437,6528,7728
dummy,null_16438,6576,7728
dummy,null_16439,6672,7728
dummy,null_16440,6816,7728
dummy,null_16441,6864,7728
dummy,null_16442,6960,7728
dummy,null_16443,7056,7728
dummy,null_16444,7104,7728
dummy,null_16445,7152,7728
dummy,null_16446,7248,7728
dummy,null_16447,7344,7728
dummy,null_16448,7488,7728
dummy,null_16449,7536,7728
dummy,null_16450,7632,7728
dummy,null_16451,7728,7728
dummy,null_16452,7776,7728
dummy,null_16453,7824,7728
dummy,null_16454,7872,7728
dummy,null_16455,8016,7728
dummy,null_16456,8064,7728
dummy,null_16457,8112,7728
dummy,null_16458,8208,7728
dummy,null_16459,8256,7728
dummy,null_16460,8304,7728
dummy,null_16461,8688,7728
dummy,null_16462,8736,7728
dummy,null_16463,8784,7728
dummy,null_16464,8928,7728
dummy,null_16465,8976,7728
dummy,null_16466,9024,7728
dummy,null_16467,9120,7728
dummy,null_16468,9168,7728
dummy,null_16469,9264,7728
dummy,null_16470,9360,7728
dummy,null_16471,9456,7728
dummy,null_16472,9552,7728
dummy,null_16473,9600,7728
dummy,null_16474,9648,7728
dummy,null_16475,9696,7728
dummy,null_16476,9840,7728
dummy,null_16477,9888,7728
dummy,null_16478,9936,7728
dummy,null_16479,9984,7728
dummy,null_16480,96,7776
dummy,null_16481,144,7776
dummy,null_16482,192,7776
dummy,null_16483,240,7776
dummy,null_16484,288,7776
dummy,null_16485,384,7776
dummy,null_16486,432,7776
dummy,null_16487,480,7776
dummy,null_16488,624,7776
dummy,null_16489,864,7776
dummy,null_16490,912,7776
dummy,null_16491,1152,7776
dummy,null_16492,1200,7776
dummy,null_16493,1296,7776
dummy,null_16494,1440,7776
dummy,null_16495,1488,7776
dummy,null_16496,1536,7776
dummy,null_16497,1584,7776
dummy,null_16498,1632,7776
dummy,null_16499,1680,7776
dummy,null_16500,1872,7776
dummy,null_16501,1920,7776
dummy,null_16502,2016,7776
dummy,null_16503,2160,7776
dummy,null_16504,2256,7776
dummy,null_16505,2400,7776
dummy,null_16506,2448,7776
dummy,null_16507,2496,7776
dummy,null_16508,2544,7776
dummy,null_16509,2592,7776
dummy,null_16510,2640,7776
dummy,null_16511,2736,7776
dummy,null_16512,2928,7776
dummy,null_16513,2976,7776
dummy,null_16514,3072,7776
dummy,null_16515,3120,7776
dummy,null_16516,3216,7776
dummy,null_16517,3264,7776
dummy,null_16518,3312,7776
dummy,null_16519,3360,7776
dummy,null_16520,3408,7776
dummy,null_16521,3600,7776
dummy,null_16522,3696,7776
dummy,null_16523,3744,7776
dummy,null_16524,3840,7776
dummy,null_16525,3936,7776
dummy,null_16526,3984,7776
dummy,null_16527,4080,7776
dummy,null_16528,4224,7776
dummy,null_16529,4320,7776
dummy,null_16530,4416,7776
dummy,null_16531,4560,7776
dummy,null_16532,4752,7776
dummy,null_16533,4848,7776
dummy,null_16534,4944,7776
dummy,null_16535,5088,7776
dummy,null_16536,5136,7776
dummy,null_16537,5184,7776
dummy,null_16538,5280,7776
dummy,null_16539,5328,7776
dummy,null_16540,5472,7776
dummy,null_16541,5568,7776
dummy,null_16542,5616,7776
dummy,null_16543,5664,7776
dummy,null_16544,5712,7776
dummy,null_16545,5760,7776
dummy,null_16546,5904,7776
dummy,null_16547,6048,7776
dummy,null_16548,6096,7776
dummy,null_16549,6144,7776
dummy,null_16550,6336,7776
dummy,null_16551,6384,7776
dummy,null_16552,6480,7776
dummy,null_16553,6576,7776
dummy,null_16554,6624,7776
dummy,null_16555,6672,7776
dummy,null_16556,6768,7776
dummy,null_16557,7008,7776
dummy,null_16558,7200,7776
dummy,null_16559,7296,7776
dummy,null_16560,7392,7776
dummy,null_16561,7488,7776
dummy,null_16562,7536,7776
dummy,null_16563,7584,7776
dummy,null_16564,7680,7776
dummy,null_16565,7728,7776
dummy,null_16566,7776,7776
dummy,null_16567,7824,7776
dummy,null_16568,7872,7776
dummy,null_16569,8112,7776
dummy,null_16570,8160,7776
dummy,null_16571,8208,7776
dummy,null_16572,8256,7776
dummy,null_16573,8304,7776
dummy,null_16574,8448,7776
dummy,null_16575,8592,7776
dummy,null_16576,8640,7776
dummy,null_16577,8736,7776
dummy,null_16578,8880,7776
dummy,null_16579,8928,7776
dummy,null_16580,9024,7776
dummy,null_16581,9216,7776
dummy,null_16582,9312,7776
dummy,null_16583,9408,7776
dummy,null_16584,9456,7776
dummy,null_16585,9504,7776
dummy,null_16586,9600,7776
dummy,null_16587,9696,7776
dummy,null_16588,9744,7776
dummy,null_16589,9984,7776
dummy,null_16590,96,7824
dummy,null_16591,144,7824
dummy,null_16592,192,7824
dummy,null_16593,240,7824
dummy,null_16594,288,7824
dummy,null_16595,336,7824
dummy,null_16596,384,7824
dummy,null_16597,432,7824
dummy,null_16598,528,7824
dummy,null_16599,576,7824
dummy,null_16600,672,7824
dummy,null_16601,768,7824
dummy,null_16602,1056,7824
dummy,null_16603,1200,7824
dummy,null_16604,1296,7824
dummy,null_16605,1392,7824
dummy,null_16606,1488,7824
dummy,null_16607,1584,7824
dummy,null_16608,1632,7824
dummy,null_16609,1680,7824
dummy,null_16610,1728,7824
dummy,null_16611,1776,7824
dummy,null_16612,1872,7824
dummy,null_16613,1920,7824
dummy,null_16614,2256,7824
dummy,null_16615,2304,7824
dummy,null_16616,2352,7824
dummy,null_16617,2448,7824
dummy,null_16618,2544,7824
dummy,null_16619,2592,7824
dummy,null_16620,2928,7824
dummy,null_16621,3024,7824
dummy,null_16622,3072,7824
dummy,null_16623,3120,7824
dummy,null_16624,3168,7824
dummy,null_16625,3216,7824
dummy,null_16626,3264,7824
dummy,null_16627,3456,7824
dummy,null_16628,3552,7824
dummy,null_16629,3600,7824
dummy,null_16630,3648,7824
dummy,null_16631,3888,7824
dummy,null_16632,3936,7824
dummy,null_16633,3984,7824
dummy,null_16634,4032,7824
dummy,null_16635,4080,7824
dummy,null_16636,4272,7824
dummy,null_16637,4368,7824
dummy,null_16638,4512,7824
dummy,null_16639,4608,7824
dummy,null_16640,4656,7824
dummy,null_16641,4800,7824
dummy,null_16642,4848,7824
dummy,null_16643,4896,7824
dummy,null_16644,5040,7824
dummy,null_16645,5088,7824
dummy,null_16646,5136,7824
dummy,null_16647,5184,7824
dummy,null_16648,5424,7824
dummy,null_16649,5472,7824
dummy,null_16650,5520,7824
dummy,null_16651,5616,7824
dummy,null_16652,5664,7824
dummy,null_16653,5712,7824
dummy,null_16654,5856,7824
dummy,null_16655,5904,7824
dummy,null_16656,6096,7824
dummy,null_16657,6144,7824
dummy,null_16658,6192,7824
dummy,null_16659,6240,7824
dummy,null_16660,6288,7824
dummy,null_16661,6336,7824
dummy,null_16662,6480,7824
dummy,null_16663,6528,7824
dummy,null_16664,6576,7824
dummy,null_16665,6624,7824
dummy,null_16666,6720,7824
dummy,null_16667,6768,7824
dummy,null_16668,6816,7824
dummy,null_16669,6864,7824
dummy,null_16670,6912,7824
dummy,null_16671,6960,7824
dummy,null_16672,7056,7824
dummy,null_16673,7104,7824
dummy,null_16674,7152,7824
dummy,null_16675,7248,7824
dummy,null_16676,7344,7824
dummy,null_16677,7392,7824
dummy,null_16678,7440,7824
dummy,null_16679,7536,7824
dummy,null_16680,7584,7824
dummy,null_16681,7680,7824
dummy,null_16682,7728,7824
dummy,null_16683,7824,7824
dummy,null_16684,8064,7824
dummy,null_16685,8112,7824
dummy,null_16686,8160,7824
dummy,null_16687,8352,7824
dummy,null_16688,8496,7824
dummy,null_16689,8592,7824
dummy,null_16690,8640,7824
dummy,null_16691,8688,7824
dummy,null_16692,8736,7824
dummy,null_16693,8832,7824
dummy,null_16694,8880,7824
dummy,null_16695,9072,7824
dummy,null_16696,9264,7824
dummy,null_16697,9312,7824
dummy,null_16698,9552,7824
dummy,null_16699,9600,7824
dummy,null_16700,9696,7824
dummy,null_16701,9792,7824
dummy,null_16702,9840,7824
dummy,null_16703,9888,7824
dummy,null_16704,48,7872
dummy,null_16705,96,7872
dummy,null_16706,192,7872
dummy,null_16707,240,7872
dummy,null_16708,576,7872
dummy,null_16709,672,7872
dummy,null_16710,720,7872
dummy,null_16711,912,7872
dummy,null_16712,1104,7872
dummy,null_16713,1248,7872
dummy,null_16714,1296,7872
dummy,null_16715,1344,7872
dummy,null_16716,1536,7872
dummy,null_16717,1584,7872
dummy,null_16718,1632,7872
dummy,null_16719,1728,7872
dummy,null_16720,1776,7872
dummy,null_16721,1872,7872
dummy,null_16722,1968,7872
dummy,null_16723,2016,7872
dummy,null_16724,2064,7872
dummy,null_16725,2160,7872
dummy,null_16726,2256,7872
dummy,null_16727,2592,7872
dummy,null_16728,2640,7872
dummy,null_16729,2880,7872
dummy,null_16730,2928,7872
dummy,null_16731,3072,7872
dummy,null_16732,3168,7872
dummy,null_16733,3264,7872
dummy,null_16734,3360,7872
dummy,null_16735,3408,7872
dummy,null_16736,3456,7872
dummy,null_16737,3648,7872
dummy,null_16738,3696,7872
dummy,null_16739,3744,7872
dummy,null_16740,3792,7872
dummy,null_16741,3888,7872
dummy,null_16742,3984,7872
dummy,null_16743,4080,7872
dummy,null_16744,4128,7872
dummy,null_16745,4176,7872
dummy,null_16746,4320,7872
dummy,null_16747,4512,7872
dummy,null_16748,4608,7872
dummy,null_16749,4704,7872
dummy,null_16750,4752,7872
dummy,null_16751,4800,7872
dummy,null_16752,4944,7872
dummy,null_16753,5040,7872
dummy,null_16754,5136,7872
dummy,null_16755,5424,7872
dummy,null_16756,5568,7872
dummy,null_16757,5616,7872
dummy,null_16758,5664,7872
dummy,null_16759,5712,7872
dummy,null_16760,5760,7872
dummy,null_16761,5952,7872
dummy,null_16762,6048,7872
dummy,null_16763,6144,7872
dummy,null_16764,6288,7872
dummy,null_16765,6336,7872
dummy,null_16766,6528,7872
dummy,null_16767,6672,7872
dummy,null_16768,6768,7872
dummy,null_16769,6816,7872
dummy,null_16770,6864,7872
dummy,null_16771,6912,7872
dummy,null_16772,6960,7872
dummy,null_16773,7008,7872
dummy,null_16774,7056,7872
dummy,null_16775,7104,7872
dummy,null_16776,7152,7872
dummy,null_16777,7296,7872
dummy,null_16778,7392,7872
dummy,null_16779,7536,7872
dummy,null_16780,7584,7872
dummy,null_16781,7920,7872
dummy,null_16782,7968,7872
dummy,null_16783,8064,7872
dummy,null_16784,8160,7872
dummy,null_16785,8352,7872
dummy,null_16786,8400,7872
dummy,null_16787,8688,7872
dummy,null_16788,8784,7872
dummy,null_16789,8880,7872
dummy,null_16790,8928,7872
dummy,null_16791,9072,7872
dummy,null_16792,9120,7872
dummy,null_16793,9168,7872
dummy,null_16794,9360,7872
dummy,null_16795,9408,7872
dummy,null_16796,9504,7872
dummy,null_16797,9648,7872
dummy,null_16798,9792,7872
dummy,null_16799,9840,7872
dummy,null_16800,9888,7872
dummy,null_16801,9984,7872
dummy,null_16802,0,7920
dummy,null_16803,48,7920
dummy,null_16804,96,7920
dummy,null_16805,144,7920
dummy,null_16806,192,7920
dummy,null_16807,240,7920
dummy,null_16808,384,7920
dummy,null_16809,432,7920
dummy,null_16810,480,7920
dummy,null_16811,624,7920
dummy,null_16812,672,7920
dummy,null_16813,864,7920
dummy,null_16814,960,7920
dummy,null_16815,1392,7920
dummy,null_16816,1440,7920
dummy,null_16817,1488,7920
dummy,null_16818,1584,7920
dummy,null_16819,1728,7920
dummy,null_16820,1872,7920
dummy,null_16821,1920,7920
dummy,null_16822,2112,7920
dummy,null_16823,2208,7920
dummy,null_16824,2304,7920
dummy,null_16825,2496,7920
dummy,null_16826,2640,7920
dummy,null_16827,2688,7920
dummy,null_16828,2784,7920
dummy,null_16829,2880,7920
dummy,null_16830,3072,7920
dummy,null_16831,3120,7920
dummy,null_16832,3360,7920
dummy,null_16833,3408,7920
dummy,null_16834,3456,7920
dummy,null_16835,3552,7920
dummy,null_16836,3600,7920
dummy,null_16837,3744,7920
dummy,null_16838,3984,7920
dummy,null_16839,4128,7920
dummy,null_16840,4224,7920
dummy,null_16841,4272,7920
dummy,null_16842,4368,7920
dummy,null_16843,4608,7920
dummy,null_16844,4656,7920
dummy,null_16845,4704,7920
dummy,null_16846,4944,7920
dummy,null_16847,5088,7920
dummy,null_16848,5184,7920
dummy,null_16849,5232,7920
dummy,null_16850,5328,7920
dummy,null_16851,5424,7920
dummy,null_16852,5664,7920
dummy,null_16853,5712,7920
dummy,null_16854,6000,7920
dummy,null_16855,6048,7920
dummy,null_16856,6096,7920
dummy,null_16857,6192,7920
dummy,null_16858,6240,7920
dummy,null_16859,6288,7920
dummy,null_16860,6384,7920
dummy,null_16861,6576,7920
dummy,null_16862,6768,7920
dummy,null_16863,6864,7920
dummy,null_16864,6912,7920
dummy,null_16865,7056,7920
dummy,null_16866,7248,7920
dummy,null_16867,7344,7920
dummy,null_16868,7440,7920
dummy,null_16869,7584,7920
dummy,null_16870,7680,7920
dummy,null_16871,7728,7920
dummy,null_16872,7824,7920
dummy,null_16873,7872,7920
dummy,null_16874,7968,7920
dummy,null_16875,8064,7920
dummy,null_16876,8112,7920
dummy,null_16877,8208,7920
dummy,null_16878,8304,7920
dummy,null_16879,8448,7920
dummy,null_16880,8592,7920
dummy,null_16881,8688,7920
dummy,null_16882,8736,7920
dummy,null_16883,8784,7920
dummy,null_16884,8880,7920
dummy,null_16885,8928,7920
dummy,null_16886,8976,7920
dummy,null_16887,9024,7920
dummy,null_16888,9072,7920
dummy,null_16889,9168,7920
dummy,null_16890,9216,7920
dummy,null_16891,9360,7920
dummy,null_16892,9408,7920
dummy,null_16893,9456,7920
dummy,null_16894,9552,7920
dummy,null_16895,9648,7920
dummy,null_16896,9792,7920
dummy,null_16897,9888,7920
dummy,null_16898,9936,7920
dummy,null_16899,9984,7920
dummy,null_16900,0,7968
dummy,null_16901,240,7968
dummy,null_16902,288,7968
dummy,null_16903,336,7968
dummy,null_16904,384,7968
dummy,null_16905,432,7968
dummy,null_16906,480,7968
dummy,null_16907,624,7968
dummy,null_16908,672,7968
dummy,null_16909,816,7968
dummy,null_16910,1008,7968
dummy,null_16911,1056,7968
dummy,null_16912,1104,7968
dummy,null_16913,1152,7968
dummy,null_16914,1248,7968
dummy,null_16915,1296,7968
dummy,null_16916,1488,7968
dummy,null_16917,1584,7968
dummy,null_16918,1632,7968
dummy,null_16919,1680,7968
dummy,null_16920,1776,7968
dummy,null_16921,1920,7968
dummy,null_16922,1968,7968
dummy,null_16923,2160,7968
dummy,null_16924,2304,7968
dummy,null_16925,2352,7968
dummy,null_16926,2400,7968
dummy,null_16927,2448,7968
dummy,null_16928,2496,7968
dummy,null_16929,2544,7968
dummy,null_16930,2592,7968
dummy,null_16931,2640,7968
dummy,null_16932,2688,7968
dummy,null_16933,2736,7968
dummy,null_16934,2784,7968
dummy,null_16935,2880,7968
dummy,null_16936,3024,7968
dummy,null_16937,3072,7968
dummy,null_16938,3168,7968
dummy,null_16939,3360,7968
dummy,null_16940,3408,7968
dummy,null_16941,3456,7968
dummy,null_16942,3552,7968
dummy,null_16943,3696,7968
dummy,null_16944,3888,7968
dummy,null_16945,3936,7968
dummy,null_16946,4080,7968
dummy,null_16947,4128,7968
dummy,null_16948,4224,7968
dummy,null_16949,4272,7968
dummy,null_16950,4320,7968
dummy,null_16951,4368,7968
dummy,null_16952,4560,7968
dummy,null_16953,4608,7968
dummy,null_16954,4656,7968
dummy,null_16955,4704,7968
dummy,null_16956,4800,7968
dummy,null_16957,5184,7968
dummy,null_16958,5376,7968
dummy,null_16959,5520,7968
dummy,null_16960,5664,7968
dummy,null_16961,5712,7968
dummy,null_16962,5760,7968
dummy,null_16963,5808,7968
dummy,null_16964,6000,7968
dummy,null_16965,6192,7968
dummy,null_16966,6240,7968
dummy,null_16967,6384,7968
dummy,null_16968,6528,7968
dummy,null_16969,6576,7968
dummy,null_16970,6864,7968
dummy,null_16971,6912,7968
dummy,null_16972,7056,7968
dummy,null_16973,7104,7968
dummy,null_16974,7152,7968
dummy,null_16975,7248,7968
dummy,null_16976,7296,7968
dummy,null_16977,7344,7968
dummy,null_16978,7392,7968
dummy,null_16979,7440,7968
dummy,null_16980,7488,7968
dummy,null_16981,7632,7968
dummy,null_16982,7728,7968
dummy,null_16983,7968,7968
dummy,null_16984,8112,7968
dummy,null_16985,8304,7968
dummy,null_16986,8400,7968
dummy,null_16987,8496,7968
dummy,null_16988,8544,7968
dummy,null_16989,8592,7968
dummy,null_16990,8688,7968
dummy,null_16991,8736,7968
dummy,null_16992,8880,7968
dummy,null_16993,8976,7968
dummy,null_16994,9072,7968
dummy,null_16995,9216,7968
dummy,null_16996,9312,7968
dummy,null_16997,9456,7968
dummy,null_16998,9648,7968
dummy,null_16999,9696,7968
dummy,null_17000,9744,7968
dummy,null_17001,9792,7968
dummy,null_17002,9840,7968
dummy,null_17003,9984,7968
dummy,null_17004,288,8016
dummy,null_17005,624,8016
dummy,null_17006,864,8016
dummy,null_17007,1008,8016
dummy,null_17008,1104,8016
dummy,null_17009,1200,8016
dummy,null_17010,1344,8016
dummy,null_17011,1440,8016
dummy,null_17012,1536,8016
dummy,null_17013,1584,8016
dummy,null_17014,1728,8016
dummy,null_17015,1872,8016
dummy,null_17016,1920,8016
dummy,null_17017,1968,8016
dummy,null_17018,2112,8016
dummy,null_17019,2208,8016
dummy,null_17020,2256,8016
dummy,null_17021,2448,8016
dummy,null_17022,2496,8016
dummy,null_17023,2544,8016
dummy,null_17024,2784,8016
dummy,null_17025,2976,8016
dummy,null_17026,3024,8016
dummy,null_17027,3072,8016
dummy,null_17028,3168,8016
dummy,null_17029,3216,8016
dummy,null_17030,3360,8016
dummy,null_17031,3408,8016
dummy,null_17032,3456,8016
dummy,null_17033,3600,8016
dummy,null_17034,3792,8016
dummy,null_17035,3840,8016
dummy,null_17036,3888,8016
dummy,null_17037,3984,8016
dummy,null_17038,4176,8016
dummy,null_17039,4320,8016
dummy,null_17040,4368,8016
dummy,null_17041,4512,8016
dummy,null_17042,4656,8016
dummy,null_17043,4704,8016
dummy,null_17044,4800,8016
dummy,null_17045,4848,8016
dummy,null_17046,4944,8016
dummy,null_17047,5184,8016
dummy,null_17048,5232,8016
dummy,null_17049,5328,8016
dummy,null_17050,5712,8016
dummy,null_17051,5760,8016
dummy,null_17052,5808,8016
dummy,null_17053,6000,8016
dummy,null_17054,6192,8016
dummy,null_17055,6288,8016
dummy,null_17056,6432,8016
dummy,null_17057,6576,8016
dummy,null_17058,6912,8016
dummy,null_17059,6960,8016
dummy,null_17060,7008,8016
dummy,null_17061,7056,8016
dummy,null_17062,7344,8016
dummy,null_17063,7680,8016
dummy,null_17064,7728,8016
dummy,null_17065,7776,8016
dummy,null_17066,7968,8016
dummy,null_17067,8112,8016
dummy,null_17068,8160,8016
dummy,null_17069,8352,8016
dummy,null_17070,8448,8016
dummy,null_17071,8496,8016
dummy,null_17072,8640,8016
dummy,null_17073,8688,8016
dummy,null_17074,8736,8016
dummy,null_17075,8976,8016
dummy,null_17076,9024,8016
dummy,null_17077,9072,8016
dummy,null_17078,9168,8016
dummy,null_17079,9216,8016
dummy,null_17080,9312,8016
dummy,null_17081,9408,8016
dummy,null_17082,9456,8016
dummy,null_17083,9840,8016
dummy,null_17084,9888,8016
dummy,null_17085,192,8064
dummy,null_17086,240,8064
dummy,null_17087,384,8064
dummy,null_17088,528,8064
dummy,null_17089,576,8064
dummy,null_17090,672,8064
dummy,null_17091,720,8064
dummy,null_17092,768,8064
dummy,null_17093,816,8064
dummy,null_17094,864,8064
dummy,null_17095,912,8064
dummy,null_17096,1008,8064
dummy,null_17097,1200,8064
dummy,null_17098,1248,8064
dummy,null_17099,1392,8064
dummy,null_17100,1440,8064
dummy,null_17101,1536,8064
dummy,null_17102,1584,8064
dummy,null_17103,1728,8064
dummy,null_17104,1920,8064
dummy,null_17105,1968,8064
dummy,null_17106,2064,8064
dummy,null_17107,2112,8064
dummy,null_17108,2352,8064
dummy,null_17109,2400,8064
dummy,null_17110,2448,8064
dummy,null_17111,2544,8064
dummy,null_17112,2640,8064
dummy,null_17113,2736,8064
dummy,null_17114,2784,8064
dummy,null_17115,2928,8064
dummy,null_17116,3024,8064
dummy,null_17117,3072,8064
dummy,null_17118,3120,8064
dummy,null_17119,3168,8064
dummy,null_17120,3312,8064
dummy,null_17121,3408,8064
dummy,null_17122,3552,8064
dummy,null_17123,3600,8064
dummy,null_17124,3648,8064
dummy,null_17125,3696,8064
dummy,null_17126,3792,8064
dummy,null_17127,3840,8064
dummy,null_17128,3888,8064
dummy,null_17129,3936,8064
dummy,null_17130,4032,8064
dummy,null_17131,4080,8064
dummy,null_17132,4128,8064
dummy,null_17133,4176,8064
dummy,null_17134,4224,8064
dummy,null_17135,4368,8064
dummy,null_17136,4464,8064
dummy,null_17137,4512,8064
dummy,null_17138,4800,8064
dummy,null_17139,4896,8064
dummy,null_17140,4992,8064
dummy,null_17141,5040,8064
dummy,null_17142,5136,8064
dummy,null_17143,5184,8064
dummy,null_17144,5280,8064
dummy,null_17145,5328,8064
dummy,null_17146,5376,8064
dummy,null_17147,5424,8064
dummy,null_17148,5520,8064
dummy,null_17149,5664,8064
dummy,null_17150,5712,8064
dummy,null_17151,5760,8064
dummy,null_17152,6000,8064
dummy,null_17153,6048,8064
dummy,null_17154,6096,8064
dummy,null_17155,6192,8064
dummy,null_17156,6240,8064
dummy,null_17157,6384,8064
dummy,null_17158,6432,8064
dummy,null_17159,6672,8064
dummy,null_17160,6816,8064
dummy,null_17161,6864,8064
dummy,null_17162,6912,8064
dummy,null_17163,7152,8064
dummy,null_17164,7200,8064
dummy,null_17165,7248,8064
dummy,null_17166,7296,8064
dummy,null_17167,7392,8064
dummy,null_17168,7440,8064
dummy,null_17169,7584,8064
dummy,null_17170,7632,8064
dummy,null_17171,7680,8064
dummy,null_17172,7728,8064
dummy,null_17173,7776,8064
dummy,null_17174,7824,8064
dummy,null_17175,7920,8064
dummy,null_17176,8064,8064
dummy,null_17177,8112,8064
dummy,null_17178,8256,8064
dummy,null_17179,8448,8064
dummy,null_17180,8544,8064
dummy,null_17181,8592,8064
dummy,null_17182,8688,8064
dummy,null_17183,8832,8064
dummy,null_17184,8880,8064
dummy,null_17185,8928,8064
dummy,null_17186,9024,8064
dummy,null_17187,9120,8064
dummy,null_17188,9168,8064
dummy,null_17189,9216,8064
dummy,null_17190,9360,8064
dummy,null_17191,9408,8064
dummy,null_17192,9552,8064
dummy,null_17193,9600,8064
dummy,null_17194,9648,8064
dummy,null_17195,9744,8064
dummy,null_17196,9792,8064
dummy,null_17197,9840,8064
dummy,null_17198,9888,8064
dummy,null_17199,9936,8064
dummy,null_17200,48,8112
dummy,null_17201,96,8112
dummy,null_17202,144,8112
dummy,null_17203,192,8112
dummy,null_17204,240,8112
dummy,null_17205,288,8112
dummy,null_17206,336,8112
dummy,null_17207,528,8112
dummy,null_17208,576,8112
dummy,null_17209,672,8112
dummy,null_17210,768,8112
dummy,null_17211,816,8112
dummy,null_17212,1008,8112
dummy,null_17213,1152,8112
dummy,null_17214,1200,8112
dummy,null_17215,1296,8112
dummy,null_17216,1392,8112
dummy,null_17217,1632,8112
dummy,null_17218,1776,8112
dummy,null_17219,1872,8112
dummy,null_17220,1920,8112
dummy,null_17221,2064,8112
dummy,null_17222,2112,8112
dummy,null_17223,2160,8112
dummy,null_17224,2400,8112
dummy,null_17225,2544,8112
dummy,null_17226,2592,8112
dummy,null_17227,2640,8112
dummy,null_17228,3024,8112
dummy,null_17229,3120,8112
dummy,null_17230,3168,8112
dummy,null_17231,3216,8112
dummy,null_17232,3408,8112
dummy,null_17233,3456,8112
dummy,null_17234,3600,8112
dummy,null_17235,3696,8112
dummy,null_17236,4128,8112
dummy,null_17237,4320,8112
dummy,null_17238,4416,8112
dummy,null_17239,4512,8112
dummy,null_17240,4560,8112
dummy,null_17241,4608,8112
dummy,null_17242,4704,8112
dummy,null_17243,4752,8112
dummy,null_17244,4800,8112
dummy,null_17245,4848,8112
dummy,null_17246,5136,8112
dummy,null_17247,5184,8112
dummy,null_17248,5280,8112
dummy,null_17249,5328,8112
dummy,null_17250,5520,8112
dummy,null_17251,5568,8112
dummy,null_17252,5616,8112
dummy,null_17253,5760,8112
dummy,null_17254,5856,8112
dummy,null_17255,6000,8112
dummy,null_17256,6048,8112
dummy,null_17257,6144,8112
dummy,null_17258,6240,8112
dummy,null_17259,6432,8112
dummy,null_17260,6720,8112
dummy,null_17261,6768,8112
dummy,null_17262,6816,8112
dummy,null_17263,6864,8112
dummy,null_17264,7008,8112
dummy,null_17265,7056,8112
dummy,null_17266,7104,8112
dummy,null_17267,7200,8112
dummy,null_17268,7296,8112
dummy,null_17269,7344,8112
dummy,null_17270,7392,8112
dummy,null_17271,7440,8112
dummy,null_17272,7584,8112
dummy,null_17273,7920,8112
dummy,null_17274,8016,8112
dummy,null_17275,8112,8112
dummy,null_17276,8160,8112
dummy,null_17277,8208,8112
dummy,null_17278,8256,8112
dummy,null_17279,8352,8112
dummy,null_17280,8496,8112
dummy,null_17281,8544,8112
dummy,null_17282,8592,8112
dummy,null_17283,8736,8112
dummy,null_17284,8784,8112
dummy,null_17285,8880,8112
dummy,null_17286,8976,8112
dummy,null_17287,9072,8112
dummy,null_17288,9264,8112
dummy,null_17289,9312,8112
dummy,null_17290,9408,8112
dummy,null_17291,9456,8112
dummy,null_17292,9504,8112
dummy,null_17293,9552,8112
dummy,null_17294,9600,8112
dummy,null_17295,9936,8112
dummy,null_17296,0,8160
dummy,null_17297,240,8160
dummy,null_17298,288,8160
dummy,null_17299,384,8160
dummy,null_17300,576,8160
dummy,null_17301,672,8160
dummy,null_17302,720,8160
dummy,null_17303,768,8160
dummy,null_17304,816,8160
dummy,null_17305,960,8160
dummy,null_17306,1008,8160
dummy,null_17307,1056,8160
dummy,null_17308,1344,8160
dummy,null_17309,1392,8160
dummy,null_17310,1488,8160
dummy,null_17311,1584,8160
dummy,null_17312,1872,8160
dummy,null_17313,1920,8160
dummy,null_17314,2016,8160
dummy,null_17315,2112,8160
dummy,null_17316,2256,8160
dummy,null_17317,2400,8160
dummy,null_17318,2448,8160
dummy,null_17319,2688,8160
dummy,null_17320,2880,8160
dummy,null_17321,2928,8160
dummy,null_17322,2976,8160
dummy,null_17323,3024,8160
dummy,null_17324,3120,8160
dummy,null_17325,3168,8160
dummy,null_17326,3216,8160
dummy,null_17327,3312,8160
dummy,null_17328,3552,8160
dummy,null_17329,3648,8160
dummy,null_17330,3696,8160
dummy,null_17331,3744,8160
dummy,null_17332,3792,8160
dummy,null_17333,3840,8160
dummy,null_17334,3888,8160
dummy,null_17335,4080,8160
dummy,null_17336,4176,8160
dummy,null_17337,4224,8160
dummy,null_17338,4368,8160
dummy,null_17339,4464,8160
dummy,null_17340,4512,8160
dummy,null_17341,4560,8160
dummy,null_17342,4656,8160
dummy,null_17343,4704,8160
dummy,null_17344,4752,8160
dummy,null_17345,4800,8160
dummy,null_17346,4896,8160
dummy,null_17347,5040,8160
dummy,null_17348,5088,8160
dummy,null_17349,5184,8160
dummy,null_17350,5232,8160
dummy,null_17351,5280,8160
dummy,null_17352,5424,8160
dummy,null_17353,5472,8160
dummy,null_17354,5568,8160
dummy,null_17355,5856,8160
dummy,null_17356,5952,8160
dummy,null_17357,6000,8160
dummy,null_17358,6048,8160
dummy,null_17359,6096,8160
dummy,null_17360,6240,8160
dummy,null_17361,6288,8160
dummy,null_17362,6432,8160
dummy,null_17363,6528,8160
dummy,null_17364,6576,8160
dummy,null_17365,6624,8160
dummy,null_17366,6672,8160
dummy,null_17367,6864,8160
dummy,null_17368,7056,8160
dummy,null_17369,7104,8160
dummy,null_17370,7152,8160
dummy,null_17371,7296,8160
dummy,null_17372,7440,8160
dummy,null_17373,7536,8160
dummy,null_17374,7680,8160
dummy,null_17375,7824,8160
dummy,null_17376,7872,8160
dummy,null_17377,8256,8160
dummy,null_17378,8304,8160
dummy,null_17379,8400,8160
dummy,null_17380,8640,8160
dummy,null_17381,8736,8160
dummy,null_17382,8784,8160
dummy,null_17383,8928,8160
dummy,null_17384,8976,8160
dummy,null_17385,9024,8160
dummy,null_17386,9120,8160
dummy,null_17387,9312,8160
dummy,null_17388,9456,8160
dummy,null_17389,9504,8160
dummy,null_17390,9552,8160
dummy,null_17391,9600,8160
dummy,null_17392,9840,8160
dummy,null_17393,9984,8160
dummy,null_17394,96,8208
dummy,null_17395,144,8208
dummy,null_17396,192,8208
dummy,null_17397,240,8208
dummy,null_17398,384,8208
dummy,null_17399,432,8208
dummy,null_17400,528,8208
dummy,null_17401,576,8208
dummy,null_17402,912,8208
dummy,null_17403,1008,8208
dummy,null_17404,1152,8208
dummy,null_17405,1248,8208
dummy,null_17406,1296,8208
dummy,null_17407,1344,8208
dummy,null_17408,1440,8208
dummy,null_17409,1488,8208
dummy,null_17410,1536,8208
dummy,null_17411,1632,8208
dummy,null_17412,1728,8208
dummy,null_17413,1776,8208
dummy,null_17414,1872,8208
dummy,null_17415,1920,8208
dummy,null_17416,1968,8208
dummy,null_17417,2016,8208
dummy,null_17418,2208,8208
dummy,null_17419,2256,8208
dummy,null_17420,2304,8208
dummy,null_17421,2496,8208
dummy,null_17422,2688,8208
dummy,null_17423,2832,8208
dummy,null_17424,2880,8208
dummy,null_17425,3072,8208
dummy,null_17426,3120,8208
dummy,null_17427,3216,8208
dummy,null_17428,3408,8208
dummy,null_17429,3552,8208
dummy,null_17430,3600,8208
dummy,null_17431,3696,8208
dummy,null_17432,3744,8208
dummy,null_17433,3792,8208
dummy,null_17434,3936,8208
dummy,null_17435,3984,8208
dummy,null_17436,4032,8208
dummy,null_17437,4176,8208
dummy,null_17438,4224,8208
dummy,null_17439,4272,8208
dummy,null_17440,4512,8208
dummy,null_17441,4560,8208
dummy,null_17442,4608,8208
dummy,null_17443,4704,8208
dummy,null_17444,4752,8208
dummy,null_17445,4992,8208
dummy,null_17446,5088,8208
dummy,null_17447,5136,8208
dummy,null_17448,5280,8208
dummy,null_17449,5328,8208
dummy,null_17450,5520,8208
dummy,null_17451,5568,8208
dummy,null_17452,5616,8208
dummy,null_17453,5664,8208
dummy,null_17454,5712,8208
dummy,null_17455,5760,8208
dummy,null_17456,5856,8208
dummy,null_17457,5952,8208
dummy,null_17458,6048,8208
dummy,null_17459,6096,8208
dummy,null_17460,6192,8208
dummy,null_17461,6240,8208
dummy,null_17462,6288,8208
dummy,null_17463,6384,8208
dummy,null_17464,6528,8208
dummy,null_17465,6576,8208
dummy,null_17466,6624,8208
dummy,null_17467,6672,8208
dummy,null_17468,6768,8208
dummy,null_17469,6816,8208
dummy,null_17470,6864,8208
dummy,null_17471,6912,8208
dummy,null_17472,7008,8208
dummy,null_17473,7056,8208
dummy,null_17474,7152,8208
dummy,null_17475,7200,8208
dummy,null_17476,7248,8208
dummy,null_17477,7344,8208
dummy,null_17478,7392,8208
dummy,null_17479,7440,8208
dummy,null_17480,7584,8208
dummy,null_17481,7632,8208
dummy,null_17482,7680,8208
dummy,null_17483,7776,8208
dummy,null_17484,7824,8208
dummy,null_17485,7872,8208
dummy,null_17486,7920,8208
dummy,null_17487,8016,8208
dummy,null_17488,8160,8208
dummy,null_17489,8256,8208
dummy,null_17490,8304,8208
dummy,null_17491,8352,8208
dummy,null_17492,8544,8208
dummy,null_17493,8592,8208
dummy,null_17494,8640,8208
dummy,null_17495,8688,8208
dummy,null_17496,8832,8208
dummy,null_17497,8976,8208
dummy,null_17498,9024,8208
dummy,null_17499,9120,8208
dummy,null_17500,9216,8208
dummy,null_17501,9312,8208
dummy,null_17502,9360,8208
dummy,null_17503,9456,8208
dummy,null_17504,9552,8208
dummy,null_17505,9600,8208
dummy,null_17506,9648,8208
dummy,null_17507,9696,8208
dummy,null_17508,9744,8208
dummy,null_17509,9792,8208
dummy,null_17510,9840,8208
dummy,null_17511,9888,8208
dummy,null_17512,9936,8208
dummy,null_17513,9984,8208
dummy,null_17514,96,8256
dummy,null_17515,144,8256
dummy,null_17516,288,8256
dummy,null_17517,384,8256
dummy,null_17518,432,8256
dummy,null_17519,480,8256
dummy,null_17520,576,8256
dummy,null_17521,624,8256
dummy,null_17522,672,8256
dummy,null_17523,768,8256
dummy,null_17524,912,8256
dummy,null_17525,960,8256
dummy,null_17526,1008,8256
dummy,null_17527,1104,8256
dummy,null_17528,1152,8256
dummy,null_17529,1200,8256
dummy,null_17530,1392,8256
dummy,null_17531,1440,8256
dummy,null_17532,1488,8256
dummy,null_17533,1584,8256
dummy,null_17534,1632,8256
dummy,null_17535,1680,8256
dummy,null_17536,1776,8256
dummy,null_17537,1824,8256
dummy,null_17538,1968,8256
dummy,null_17539,2016,8256
dummy,null_17540,2256,8256
dummy,null_17541,2304,8256
dummy,null_17542,2352,8256
dummy,null_17543,2400,8256
dummy,null_17544,2544,8256
dummy,null_17545,2640,8256
dummy,null_17546,2688,8256
dummy,null_17547,2736,8256
dummy,null_17548,2784,8256
dummy,null_17549,2832,8256
dummy,null_17550,3024,8256
dummy,null_17551,3072,8256
dummy,null_17552,3120,8256
dummy,null_17553,3168,8256
dummy,null_17554,3216,8256
dummy,null_17555,3264,8256
dummy,null_17556,3360,8256
dummy,null_17557,3456,8256
dummy,null_17558,3504,8256
dummy,null_17559,3552,8256
dummy,null_17560,3840,8256
dummy,null_17561,3888,8256
dummy,null_17562,3936,8256
dummy,null_17563,4032,8256
dummy,null_17564,4176,8256
dummy,null_17565,4272,8256
dummy,null_17566,4320,8256
dummy,null_17567,4416,8256
dummy,null_17568,4560,8256
dummy,null_17569,4608,8256
dummy,null_17570,4656,8256
dummy,null_17571,4752,8256
dummy,null_17572,4848,8256
dummy,null_17573,4944,8256
dummy,null_17574,5088,8256
dummy,null_17575,5136,8256
dummy,null_17576,5280,8256
dummy,null_17577,5376,8256
dummy,null_17578,5424,8256
dummy,null_17579,5472,8256
dummy,null_17580,5520,8256
dummy,null_17581,5664,8256
dummy,null_17582,5712,8256
dummy,null_17583,5808,8256
dummy,null_17584,5904,8256
dummy,null_17585,6048,8256
dummy,null_17586,6096,8256
dummy,null_17587,6144,8256
dummy,null_17588,6192,8256
dummy,null_17589,6240,8256
dummy,null_17590,6336,8256
dummy,null_17591,6384,8256
dummy,null_17592,6432,8256
dummy,null_17593,6480,8256
dummy,null_17594,6576,8256
dummy,null_17595,6672,8256
dummy,null_17596,6720,8256
dummy,null_17597,6864,8256
dummy,null_17598,6912,8256
dummy,null_17599,6960,8256
dummy,null_17600,7104,8256
dummy,null_17601,7344,8256
dummy,null_17602,7392,8256
dummy,null_17603,7488,8256
dummy,null_17604,7632,8256
dummy,null_17605,7680,8256
dummy,null_17606,7728,8256
dummy,null_17607,7824,8256
dummy,null_17608,7872,8256
dummy,null_17609,7920,8256
dummy,null_17610,7968,8256
dummy,null_17611,8064,8256
dummy,null_17612,8208,8256
dummy,null_17613,8352,8256
dummy,null_17614,8496,8256
dummy,null_17615,8688,8256
dummy,null_17616,8736,8256
dummy,null_17617,8832,8256
dummy,null_17618,8880,8256
dummy,null_17619,9024,8256
dummy,null_17620,9072,8256
dummy,null_17621,9120,8256
dummy,null_17622,9216,8256
dummy,null_17623,9312,8256
dummy,null_17624,9360,8256
dummy,null_17625,9408,8256
dummy,null_17626,9456,8256
dummy,null_17627,9504,8256
dummy,null_17628,9600,8256
dummy,null_17629,9696,8256
dummy,null_17630,9744,8256
dummy,null_17631,9792,8256
dummy,null_17632,9840,8256
dummy,null_17633,9936,8256
dummy,null_17634,0,8304
dummy,null_17635,48,8304
dummy,null_17636,144,8304
dummy,null_17637,192,8304
dummy,null_17638,240,8304
dummy,null_17639,288,8304
dummy,null_17640,336,8304
dummy,null_17641,384,8304
dummy,null_17642,432,8304
dummy,null_17643,480,8304
dummy,null_17644,528,8304
dummy,null_17645,672,8304
dummy,null_17646,816,8304
dummy,null_17647,912,8304
dummy,null_17648,960,8304
dummy,null_17649,1008,8304
dummy,null_17650,1152,8304
dummy,null_17651,1200,8304
dummy,null_17652,1248,8304
dummy,null_17653,1296,8304
dummy,null_17654,1536,8304
dummy,null_17655,1584,8304
dummy,null_17656,1632,8304
dummy,null_17657,1728,8304
dummy,null_17658,1920,8304
dummy,null_17659,1968,8304
dummy,null_17660,2016,8304
dummy,null_17661,2208,8304
dummy,null_17662,2256,8304
dummy,null_17663,2352,8304
dummy,null_17664,2400,8304
dummy,null_17665,2448,8304
dummy,null_17666,2592,8304
dummy,null_17667,2640,8304
dummy,null_17668,2736,8304
dummy,null_17669,2832,8304
dummy,null_17670,2880,8304
dummy,null_17671,2928,8304
dummy,null_17672,3072,8304
dummy,null_17673,3168,8304
dummy,null_17674,3216,8304
dummy,null_17675,3264,8304
dummy,null_17676,3360,8304
dummy,null_17677,3456,8304
dummy,null_17678,3504,8304
dummy,null_17679,3552,8304
dummy,null_17680,3600,8304
dummy,null_17681,3648,8304
dummy,null_17682,3696,8304
dummy,null_17683,3840,8304
dummy,null_17684,3984,8304
dummy,null_17685,4032,8304
dummy,null_17686,4128,8304
dummy,null_17687,4176,8304
dummy,null_17688,4272,8304
dummy,null_17689,4320,8304
dummy,null_17690,4416,8304
dummy,null_17691,4464,8304
dummy,null_17692,4512,8304
dummy,null_17693,4560,8304
dummy,null_17694,4656,8304
dummy,null_17695,4704,8304
dummy,null_17696,4800,8304
dummy,null_17697,4944,8304
dummy,null_17698,4992,8304
dummy,null_17699,5136,8304
dummy,null_17700,5328,8304
dummy,null_17701,5376,8304
dummy,null_17702,5424,8304
dummy,null_17703,5568,8304
dummy,null_17704,5616,8304
dummy,null_17705,5712,8304
dummy,null_17706,5760,8304
dummy,null_17707,5808,8304
dummy,null_17708,5856,8304
dummy,null_17709,5904,8304
dummy,null_17710,5952,8304
dummy,null_17711,6000,8304
dummy,null_17712,6144,8304
dummy,null_17713,6288,8304
dummy,null_17714,6336,8304
dummy,null_17715,6384,8304
dummy,null_17716,6480,8304
dummy,null_17717,6816,8304
dummy,null_17718,6864,8304
dummy,null_17719,6912,8304
dummy,null_17720,6960,8304
dummy,null_17721,7056,8304
dummy,null_17722,7104,8304
dummy,null_17723,7200,8304
dummy,null_17724,7296,8304
dummy,null_17725,7440,8304
dummy,null_17726,7536,8304
dummy,null_17727,7632,8304
dummy,null_17728,7776,8304
dummy,null_17729,7872,8304
dummy,null_17730,7920,8304
dummy,null_17731,8160,8304
dummy,null_17732,8304,8304
dummy,null_17733,8352,8304
dummy,null_17734,8400,8304
dummy,null_17735,8496,8304
dummy,null_17736,8544,8304
dummy,null_17737,8688,8304
dummy,null_17738,8784,8304
dummy,null_17739,8832,8304
dummy,null_17740,8880,8304
dummy,null_17741,9024,8304
dummy,null_17742,9168,8304
dummy,null_17743,9216,8304
dummy,null_17744,9312,8304
dummy,null_17745,9360,8304
dummy,null_17746,9408,8304
dummy,null_17747,9744,8304
dummy,null_17748,9792,8304
dummy,null_17749,9888,8304
dummy,null_17750,9936,8304
dummy,null_17751,0,8352
dummy,null_17752,48,8352
dummy,null_17753,192,8352
dummy,null_17754,240,8352
dummy,null_17755,336,8352
dummy,null_17756,528,8352
dummy,null_17757,576,8352
dummy,null_17758,624,8352
dummy,null_17759,768,8352
dummy,null_17760,816,8352
dummy,null_17761,960,8352
dummy,null_17762,1104,8352
dummy,null_17763,1200,8352
dummy,null_17764,1248,8352
dummy,null_17765,1632,8352
dummy,null_17766,1680,8352
dummy,null_17767,1824,8352
dummy,null_17768,1872,8352
dummy,null_17769,1968,8352
dummy,null_17770,2016,8352
dummy,null_17771,2064,8352
dummy,null_17772,2160,8352
dummy,null_17773,2208,8352
dummy,null_17774,2256,8352
dummy,null_17775,2304,8352
dummy,null_17776,2400,8352
dummy,null_17777,2544,8352
dummy,null_17778,2688,8352
dummy,null_17779,2784,8352
dummy,null_17780,2928,8352
dummy,null_17781,2976,8352
dummy,null_17782,3024,8352
dummy,null_17783,3072,8352
dummy,null_17784,3120,8352
dummy,null_17785,3168,8352
dummy,null_17786,3264,8352
dummy,null_17787,3360,8352
dummy,null_17788,3408,8352
dummy,null_17789,3552,8352
dummy,null_17790,3744,8352
dummy,null_17791,3792,8352
dummy,null_17792,3840,8352
dummy,null_17793,3888,8352
dummy,null_17794,4032,8352
dummy,null_17795,4224,8352
dummy,null_17796,4320,8352
dummy,null_17797,4416,8352
dummy,null_17798,4608,8352
dummy,null_17799,4656,8352
dummy,null_17800,4752,8352
dummy,null_17801,4848,8352
dummy,null_17802,4896,8352
dummy,null_17803,5040,8352
dummy,null_17804,5088,8352
dummy,null_17805,5136,8352
dummy,null_17806,5184,8352
dummy,null_17807,5328,8352
dummy,null_17808,5376,8352
dummy,null_17809,5424,8352
dummy,null_17810,5472,8352
dummy,null_17811,5568,8352
dummy,null_17812,5664,8352
dummy,null_17813,5760,8352
dummy,null_17814,5952,8352
dummy,null_17815,6000,8352
dummy,null_17816,6096,8352
dummy,null_17817,6144,8352
dummy,null_17818,6336,8352
dummy,null_17819,6528,8352
dummy,null_17820,6912,8352
dummy,null_17821,6960,8352
dummy,null_17822,7056,8352
dummy,null_17823,7296,8352
dummy,null_17824,7344,8352
dummy,null_17825,7392,8352
dummy,null_17826,7440,8352
dummy,null_17827,7488,8352
dummy,null_17828,7536,8352
dummy,null_17829,7632,8352
dummy,null_17830,7680,8352
dummy,null_17831,7728,8352
dummy,null_17832,7824,8352
dummy,null_17833,7968,8352
dummy,null_17834,8112,8352
dummy,null_17835,8160,8352
dummy,null_17836,8256,8352
dummy,null_17837,8304,8352
dummy,null_17838,8400,8352
dummy,null_17839,8448,8352
dummy,null_17840,8544,8352
dummy,null_17841,8640,8352
dummy,null_17842,8880,8352
dummy,null_17843,8976,8352
dummy,null_17844,9072,8352
dummy,null_17845,9360,8352
dummy,null_17846,9456,8352
dummy,null_17847,9552,8352
dummy,null_17848,9600,8352
dummy,null_17849,9696,8352
dummy,null_17850,9744,8352
dummy,null_17851,9792,8352
dummy,null_17852,9840,8352
dummy,null_17853,9888,8352
dummy,null_17854,9936,8352
dummy,null_17855,0,8400
dummy,null_17856,96,8400
dummy,null_17857,144,8400
dummy,null_17858,384,8400
dummy,null_17859,432,8400
dummy,null_17860,528,8400
dummy,null_17861,768,8400
dummy,null_17862,816,8400
dummy,null_17863,912,8400
dummy,null_17864,960,8400
dummy,null_17865,1008,8400
dummy,null_17866,1056,8400
dummy,null_17867,1392,8400
dummy,null_17868,1584,8400
dummy,null_17869,1680,8400
dummy,null_17870,1776,8400
dummy,null_17871,1968,8400
dummy,null_17872,2016,8400
dummy,null_17873,2112,8400
dummy,null_17874,2208,8400
dummy,null_17875,2352,8400
dummy,null_17876,2400,8400
dummy,null_17877,2688,8400
dummy,null_17878,2736,8400
dummy,null_17879,2784,8400
dummy,null_17880,2832,8400
dummy,null_17881,2880,8400
dummy,null_17882,2928,8400
dummy,null_17883,2976,8400
dummy,null_17884,3024,8400
dummy,null_17885,3072,8400
dummy,null_17886,3168,8400
dummy,null_17887,3216,8400
dummy,null_17888,3264,8400
dummy,null_17889,3360,8400
dummy,null_17890,3456,8400
dummy,null_17891,3504,8400
dummy,null_17892,3552,8400
dummy,null_17893,3600,8400
dummy,null_17894,3936,8400
dummy,null_17895,4080,8400
dummy,null_17896,4224,8400
dummy,null_17897,4416,8400
dummy,null_17898,4512,8400
dummy,null_17899,4656,8400
dummy,null_17900,4704,8400
dummy,null_17901,4752,8400
dummy,null_17902,4800,8400
dummy,null_17903,4848,8400
dummy,null_17904,4992,8400
dummy,null_17905,5136,8400
dummy,null_17906,5328,8400
dummy,null_17907,5520,8400
dummy,null_17908,5712,8400
dummy,null_17909,5856,8400
dummy,null_17910,6000,8400
dummy,null_17911,6048,8400
dummy,null_17912,6096,8400
dummy,null_17913,6144,8400
dummy,null_17914,6192,8400
dummy,null_17915,6288,8400
dummy,null_17916,6336,8400
dummy,null_17917,6384,8400
dummy,null_17918,6432,8400
dummy,null_17919,6528,8400
dummy,null_17920,6672,8400
dummy,null_17921,6720,8400
dummy,null_17922,7104,8400
dummy,null_17923,7200,8400
dummy,null_17924,7248,8400
dummy,null_17925,7488,8400
dummy,null_17926,7584,8400
dummy,null_17927,7776,8400
dummy,null_17928,7968,8400
dummy,null_17929,8112,8400
dummy,null_17930,8160,8400
dummy,null_17931,8256,8400
dummy,null_17932,8496,8400
dummy,null_17933,8592,8400
dummy,null_17934,8640,8400
dummy,null_17935,8784,8400
dummy,null_17936,8832,8400
dummy,null_17937,9120,8400
dummy,null_17938,9168,8400
dummy,null_17939,9216,8400
dummy,null_17940,9264,8400
dummy,null_17941,9312,8400
dummy,null_17942,9360,8400
dummy,null_17943,9648,8400
dummy,null_17944,9696,8400
dummy,null_17945,9744,8400
dummy,null_17946,9840,8400
dummy,null_17947,9888,8400
dummy,null_17948,9936,8400
dummy,null_17949,9984,8400
dummy,null_17950,48,8448
dummy,null_17951,96,8448
dummy,null_17952,192,8448
dummy,null_17953,240,8448
dummy,null_17954,384,8448
dummy,null_17955,480,8448
dummy,null_17956,528,8448
dummy,null_17957,768,8448
dummy,null_17958,912,8448
dummy,null_17959,1008,8448
dummy,null_17960,1152,8448
dummy,null_17961,1248,8448
dummy,null_17962,1392,8448
dummy,null_17963,1488,8448
dummy,null_17964,1584,8448
dummy,null_17965,1632,8448
dummy,null_17966,1776,8448
dummy,null_17967,1824,8448
dummy,null_17968,1872,8448
dummy,null_17969,1920,8448
dummy,null_17970,2016,8448
dummy,null_17971,2064,8448
dummy,null_17972,2112,8448
dummy,null_17973,2160,8448
dummy,null_17974,2256,8448
dummy,null_17975,2352,8448
dummy,null_17976,2448,8448
dummy,null_17977,2496,8448
dummy,null_17978,2544,8448
dummy,null_17979,2592,8448
dummy,null_17980,3120,8448
dummy,null_17981,3216,8448
dummy,null_17982,3264,8448
dummy,null_17983,3312,8448
dummy,null_17984,3360,8448
dummy,null_17985,3552,8448
dummy,null_17986,3648,8448
dummy,null_17987,3984,8448
dummy,null_17988,4032,8448
dummy,null_17989,4272,8448
dummy,null_17990,4416,8448
dummy,null_17991,4464,8448
dummy,null_17992,4512,8448
dummy,null_17993,4608,8448
dummy,null_17994,4800,8448
dummy,null_17995,4944,8448
dummy,null_17996,5088,8448
dummy,null_17997,5280,8448
dummy,null_17998,5424,8448
dummy,null_17999,5472,8448
dummy,null_18000,5520,8448
dummy,null_18001,5712,8448
dummy,null_18002,5760,8448
dummy,null_18003,5952,8448
dummy,null_18004,6000,8448
dummy,null_18005,6048,8448
dummy,null_18006,6144,8448
dummy,null_18007,6192,8448
dummy,null_18008,6336,8448
dummy,null_18009,6528,8448
dummy,null_18010,6624,8448
dummy,null_18011,6720,8448
dummy,null_18012,6816,8448
dummy,null_18013,6864,8448
dummy,null_18014,6912,8448
dummy,null_18015,6960,8448
dummy,null_18016,7104,8448
dummy,null_18017,7152,8448
dummy,null_18018,7392,8448
dummy,null_18019,7440,8448
dummy,null_18020,7488,8448
dummy,null_18021,7536,8448
dummy,null_18022,7584,8448
dummy,null_18023,7632,8448
dummy,null_18024,7728,8448
dummy,null_18025,7776,8448
dummy,null_18026,7920,8448
dummy,null_18027,8112,8448
dummy,null_18028,8256,8448
dummy,null_18029,8304,8448
dummy,null_18030,8352,8448
dummy,null_18031,8544,8448
dummy,null_18032,8592,8448
dummy,null_18033,8640,8448
dummy,null_18034,8784,8448
dummy,null_18035,8928,8448
dummy,null_18036,8976,8448
dummy,null_18037,9024,8448
dummy,null_18038,9216,8448
dummy,null_18039,9312,8448
dummy,null_18040,9360,8448
dummy,null_18041,9504,8448
dummy,null_18042,9552,8448
dummy,null_18043,9696,8448
dummy,null_18044,9792,8448
dummy,null_18045,9936,8448
dummy,null_18046,0,8496
dummy,null_18047,192,8496
dummy,null_18048,240,8496
dummy,null_18049,288,8496
dummy,null_18050,336,8496
dummy,null_18051,384,8496
dummy,null_18052,432,8496
dummy,null_18053,480,8496
dummy,null_18054,528,8496
dummy,null_18055,624,8496
dummy,null_18056,672,8496
dummy,null_18057,768,8496
dummy,null_18058,864,8496
dummy,null_18059,1008,8496
dummy,null_18060,1056,8496
dummy,null_18061,1152,8496
dummy,null_18062,1248,8496
dummy,null_18063,1296,8496
dummy,null_18064,1440,8496
dummy,null_18065,1488,8496
dummy,null_18066,1584,8496
dummy,null_18067,1632,8496
dummy,null_18068,1776,8496
dummy,null_18069,1872,8496
dummy,null_18070,1920,8496
dummy,null_18071,1968,8496
dummy,null_18072,2112,8496
dummy,null_18073,2208,8496
dummy,null_18074,2256,8496
dummy,null_18075,2352,8496
dummy,null_18076,2640,8496
dummy,null_18077,2688,8496
dummy,null_18078,2880,8496
dummy,null_18079,3024,8496
dummy,null_18080,3168,8496
dummy,null_18081,3264,8496
dummy,null_18082,3408,8496
dummy,null_18083,3504,8496
dummy,null_18084,3552,8496
dummy,null_18085,3744,8496
dummy,null_18086,3840,8496
dummy,null_18087,3888,8496
dummy,null_18088,3984,8496
dummy,null_18089,4032,8496
dummy,null_18090,4176,8496
dummy,null_18091,4272,8496
dummy,null_18092,4416,8496
dummy,null_18093,4560,8496
dummy,null_18094,4704,8496
dummy,null_18095,4848,8496
dummy,null_18096,4992,8496
dummy,null_18097,5088,8496
dummy,null_18098,5136,8496
dummy,null_18099,5184,8496
dummy,null_18100,5280,8496
dummy,null_18101,5328,8496
dummy,null_18102,5472,8496
dummy,null_18103,5568,8496
dummy,null_18104,5616,8496
dummy,null_18105,5712,8496
dummy,null_18106,5760,8496
dummy,null_18107,5904,8496
dummy,null_18108,6096,8496
dummy,null_18109,6144,8496
dummy,null_18110,6240,8496
dummy,null_18111,6432,8496
dummy,null_18112,6480,8496
dummy,null_18113,6528,8496
dummy,null_18114,6576,8496
dummy,null_18115,6720,8496
dummy,null_18116,6816,8496
dummy,null_18117,6864,8496
dummy,null_18118,7104,8496
dummy,null_18119,7440,8496
dummy,null_18120,7536,8496
dummy,null_18121,7632,8496
dummy,null_18122,7680,8496
dummy,null_18123,7728,8496
dummy,null_18124,7824,8496
dummy,null_18125,7920,8496
dummy,null_18126,7968,8496
dummy,null_18127,8112,8496
dummy,null_18128,8160,8496
dummy,null_18129,8208,8496
dummy,null_18130,8256,8496
dummy,null_18131,8304,8496
dummy,null_18132,8448,8496
dummy,null_18133,8640,8496
dummy,null_18134,8688,8496
dummy,null_18135,8736,8496
dummy,null_18136,8784,8496
dummy,null_18137,8832,8496
dummy,null_18138,8880,8496
dummy,null_18139,8928,8496
dummy,null_18140,8976,8496
dummy,null_18141,9072,8496
dummy,null_18142,9120,8496
dummy,null_18143,9168,8496
dummy,null_18144,9216,8496
dummy,null_18145,9264,8496
dummy,null_18146,9408,8496
dummy,null_18147,9456,8496
dummy,null_18148,9504,8496
dummy,null_18149,9552,8496
dummy,null_18150,9648,8496
dummy,null_18151,9792,8496
dummy,null_18152,9984,8496
dummy,null_18153,192,8544
dummy,null_18154,240,8544
dummy,null_18155,336,8544
dummy,null_18156,432,8544
dummy,null_18157,480,8544
dummy,null_18158,576,8544
dummy,null_18159,624,8544
dummy,null_18160,672,8544
dummy,null_18161,768,8544
dummy,null_18162,816,8544
dummy,null_18163,864,8544
dummy,null_18164,960,8544
dummy,null_18165,1056,8544
dummy,null_18166,1152,8544
dummy,null_18167,1248,8544
dummy,null_18168,1344,8544
dummy,null_18169,1392,8544
dummy,null_18170,1680,8544
dummy,null_18171,1776,8544
dummy,null_18172,1920,8544
dummy,null_18173,2016,8544
dummy,null_18174,2064,8544
dummy,null_18175,2208,8544
dummy,null_18176,2400,8544
dummy,null_18177,2448,8544
dummy,null_18178,2496,8544
dummy,null_18179,2544,8544
dummy,null_18180,2784,8544
dummy,null_18181,2832,8544
dummy,null_18182,2976,8544
dummy,null_18183,3024,8544
dummy,null_18184,3120,8544
dummy,null_18185,3312,8544
dummy,null_18186,3408,8544
dummy,null_18187,3456,8544
dummy,null_18188,3600,8544
dummy,null_18189,3792,8544
dummy,null_18190,4032,8544
dummy,null_18191,4080,8544
dummy,null_18192,4128,8544
dummy,null_18193,4176,8544
dummy,null_18194,4272,8544
dummy,null_18195,4416,8544
dummy,null_18196,4512,8544
dummy,null_18197,4608,8544
dummy,null_18198,4752,8544
dummy,null_18199,4800,8544
dummy,null_18200,4848,8544
dummy,null_18201,4992,8544
dummy,null_18202,5040,8544
dummy,null_18203,5136,8544
dummy,null_18204,5232,8544
dummy,null_18205,5424,8544
dummy,null_18206,5520,8544
dummy,null_18207,5616,8544
dummy,null_18208,5664,8544
dummy,null_18209,5760,8544
dummy,null_18210,5808,8544
dummy,null_18211,5856,8544
dummy,null_18212,5952,8544
dummy,null_18213,6096,8544
dummy,null_18214,6144,8544
dummy,null_18215,6288,8544
dummy,null_18216,6384,8544
dummy,null_18217,6672,8544
dummy,null_18218,6768,8544
dummy,null_18219,6912,8544
dummy,null_18220,6960,8544
dummy,null_18221,7056,8544
dummy,null_18222,7200,8544
dummy,null_18223,7248,8544
dummy,null_18224,7296,8544
dummy,null_18225,7344,8544
dummy,null_18226,7392,8544
dummy,null_18227,7440,8544
dummy,null_18228,7536,8544
dummy,null_18229,7632,8544
dummy,null_18230,7728,8544
dummy,null_18231,7776,8544
dummy,null_18232,7824,8544
dummy,null_18233,8016,8544
dummy,null_18234,8160,8544
dummy,null_18235,8256,8544
dummy,null_18236,8304,8544
dummy,null_18237,8544,8544
dummy,null_18238,8592,8544
dummy,null_18239,8736,8544
dummy,null_18240,8832,8544
dummy,null_18241,8928,8544
dummy,null_18242,8976,8544
dummy,null_18243,9024,8544
dummy,null_18244,9120,8544
dummy,null_18245,9168,8544
dummy,null_18246,9264,8544
dummy,null_18247,9312,8544
dummy,null_18248,9360,8544
dummy,null_18249,9408,8544
dummy,null_18250,9504,8544
dummy,null_18251,9600,8544
dummy,null_18252,9648,8544
dummy,null_18253,9696,8544
dummy,null_18254,9744,8544
dummy,null_18255,9792,8544
dummy,null_18256,9936,8544
dummy,null_18257,9984,8544
dummy,null_18258,0,8592
dummy,null_18259,96,8592
dummy,null_18260,144,8592
dummy,null_18261,192,8592
dummy,null_18262,240,8592
dummy,null_18263,288,8592
dummy,null_18264,384,8592
dummy,null_18265,480,8592
dummy,null_18266,528,8592
dummy,null_18267,576,8592
dummy,null_18268,672,8592
dummy,null_18269,768,8592
dummy,null_18270,1008,8592
dummy,null_18271,1056,8592
dummy,null_18272,1152,8592
dummy,null_18273,1440,8592
dummy,null_18274,1488,8592
dummy,null_18275,1536,8592
dummy,null_18276,1584,8592
dummy,null_18277,1776,8592
dummy,null_18278,1824,8592
dummy,null_18279,1920,8592
dummy,null_18280,1968,8592
dummy,null_18281,2016,8592
dummy,null_18282,2112,8592
dummy,null_18283,2160,8592
dummy,null_18284,2208,8592
dummy,null_18285,2256,8592
dummy,null_18286,2448,8592
dummy,null_18287,2496,8592
dummy,null_18288,2592,8592
dummy,null_18289,2688,8592
dummy,null_18290,2736,8592
dummy,null_18291,2784,8592
dummy,null_18292,2832,8592
dummy,null_18293,2880,8592
dummy,null_18294,2976,8592
dummy,null_18295,3072,8592
dummy,null_18296,3264,8592
dummy,null_18297,3312,8592
dummy,null_18298,3456,8592
dummy,null_18299,3600,8592
dummy,null_18300,3648,8592
dummy,null_18301,3696,8592
dummy,null_18302,3840,8592
dummy,null_18303,3936,8592
dummy,null_18304,3984,8592
dummy,null_18305,4032,8592
dummy,null_18306,4080,8592
dummy,null_18307,4128,8592
dummy,null_18308,4320,8592
dummy,null_18309,4560,8592
dummy,null_18310,4608,8592
dummy,null_18311,4752,8592
dummy,null_18312,4800,8592
dummy,null_18313,4848,8592
dummy,null_18314,4944,8592
dummy,null_18315,4992,8592
dummy,null_18316,5088,8592
dummy,null_18317,5136,8592
dummy,null_18318,5280,8592
dummy,null_18319,5424,8592
dummy,null_18320,5472,8592
dummy,null_18321,5616,8592
dummy,null_18322,5712,8592
dummy,null_18323,5808,8592
dummy,null_18324,5952,8592
dummy,null_18325,6048,8592
dummy,null_18326,6096,8592
dummy,null_18327,6144,8592
dummy,null_18328,6240,8592
dummy,null_18329,6288,8592
dummy,null_18330,6528,8592
dummy,null_18331,6624,8592
dummy,null_18332,6672,8592
dummy,null_18333,6768,8592
dummy,null_18334,6864,8592
dummy,null_18335,7344,8592
dummy,null_18336,7392,8592
dummy,null_18337,7488,8592
dummy,null_18338,7536,8592
dummy,null_18339,7680,8592
dummy,null_18340,7920,8592
dummy,null_18341,7968,8592
dummy,null_18342,8016,8592
dummy,null_18343,8112,8592
dummy,null_18344,8160,8592
dummy,null_18345,8448,8592
dummy,null_18346,8544,8592
dummy,null_18347,8592,8592
dummy,null_18348,8688,8592
dummy,null_18349,8928,8592
dummy,null_18350,9024,8592
dummy,null_18351,9120,8592
dummy,null_18352,9216,8592
dummy,null_18353,9312,8592
dummy,null_18354,9456,8592
dummy,null_18355,9552,8592
dummy,null_18356,9600,8592
dummy,null_18357,9648,8592
dummy,null_18358,9696,8592
dummy,null_18359,9936,8592
dummy,null_18360,9984,8592
dummy,null_18361,0,8640
dummy,null_18362,48,8640
dummy,null_18363,144,8640
dummy,null_18364,192,8640
dummy,null_18365,240,8640
dummy,null_18366,336,8640
dummy,null_18367,576,8640
dummy,null_18368,624,8640
dummy,null_18369,720,8640
dummy,null_18370,768,8640
dummy,null_18371,816,8640
dummy,null_18372,864,8640
dummy,null_18373,960,8640
dummy,null_18374,1200,8640
dummy,null_18375,1344,8640
dummy,null_18376,1440,8640
dummy,null_18377,1488,8640
dummy,null_18378,1536,8640
dummy,null_18379,1584,8640
dummy,null_18380,1776,8640
dummy,null_18381,1872,8640
dummy,null_18382,1968,8640
dummy,null_18383,2112,8640
dummy,null_18384,2160,8640
dummy,null_18385,2208,8640
dummy,null_18386,2304,8640
dummy,null_18387,2400,8640
dummy,null_18388,2448,8640
dummy,null_18389,2592,8640
dummy,null_18390,2640,8640
dummy,null_18391,2784,8640
dummy,null_18392,2928,8640
dummy,null_18393,2976,8640
dummy,null_18394,3120,8640
dummy,null_18395,3216,8640
dummy,null_18396,3456,8640
dummy,null_18397,3552,8640
dummy,null_18398,3696,8640
dummy,null_18399,3792,8640
dummy,null_18400,3888,8640
dummy,null_18401,4032,8640
dummy,null_18402,4128,8640
dummy,null_18403,4224,8640
dummy,null_18404,4320,8640
dummy,null_18405,4368,8640
dummy,null_18406,4464,8640
dummy,null_18407,4560,8640
dummy,null_18408,4608,8640
dummy,null_18409,4704,8640
dummy,null_18410,4896,8640
dummy,null_18411,5040,8640
dummy,null_18412,5088,8640
dummy,null_18413,5232,8640
dummy,null_18414,5280,8640
dummy,null_18415,5328,8640
dummy,null_18416,5376,8640
dummy,null_18417,5424,8640
dummy,null_18418,5568,8640
dummy,null_18419,5616,8640
dummy,null_18420,5664,8640
dummy,null_18421,6048,8640
dummy,null_18422,6144,8640
dummy,null_18423,6240,8640
dummy,null_18424,6288,8640
dummy,null_18425,6336,8640
dummy,null_18426,6480,8640
dummy,null_18427,6528,8640
dummy,null_18428,6624,8640
dummy,null_18429,6720,8640
dummy,null_18430,6768,8640
dummy,null_18431,6864,8640
dummy,null_18432,6960,8640
dummy,null_18433,7008,8640
dummy,null_18434,7056,8640
dummy,null_18435,7344,8640
dummy,null_18436,7392,8640
dummy,null_18437,7584,8640
dummy,null_18438,7680,8640
dummy,null_18439,7728,8640
dummy,null_18440,7776,8640
dummy,null_18441,7824,8640
dummy,null_18442,7968,8640
dummy,null_18443,8064,8640
dummy,null_18444,8112,8640
dummy,null_18445,8160,8640
dummy,null_18446,8352,8640
dummy,null_18447,8496,8640
dummy,null_18448,8544,8640
dummy,null_18449,8832,8640
dummy,null_18450,8880,8640
dummy,null_18451,8928,8640
dummy,null_18452,8976,8640
dummy,null_18453,9120,8640
dummy,null_18454,9168,8640
dummy,null_18455,9312,8640
dummy,null_18456,9408,8640
dummy,null_18457,9504,8640
dummy,null_18458,9552,8640
dummy,null_18459,9744,8640
dummy,null_18460,9792,8640
dummy,null_18461,9936,8640
dummy,null_18462,9984,8640
dummy,null_18463,0,8688
dummy,null_18464,96,8688
dummy,null_18465,144,8688
dummy,null_18466,192,8688
dummy,null_18467,240,8688
dummy,null_18468,384,8688
dummy,null_18469,432,8688
dummy,null_18470,480,8688
dummy,null_18471,528,8688
dummy,null_18472,624,8688
dummy,null_18473,816,8688
dummy,null_18474,864,8688
dummy,null_18475,960,8688
dummy,null_18476,1008,8688
dummy,null_18477,1056,8688
dummy,null_18478,1104,8688
dummy,null_18479,1344,8688
dummy,null_18480,1440,8688
dummy,null_18481,1536,8688
dummy,null_18482,1584,8688
dummy,null_18483,1680,8688
dummy,null_18484,1728,8688
dummy,null_18485,1872,8688
dummy,null_18486,1920,8688
dummy,null_18487,1968,8688
dummy,null_18488,2208,8688
dummy,null_18489,2448,8688
dummy,null_18490,2544,8688
dummy,null_18491,2640,8688
dummy,null_18492,2736,8688
dummy,null_18493,2784,8688
dummy,null_18494,2832,8688
dummy,null_18495,2880,8688
dummy,null_18496,2976,8688
dummy,null_18497,3072,8688
dummy,null_18498,3168,8688
dummy,null_18499,3216,8688
dummy,null_18500,3360,8688
dummy,null_18501,3456,8688
dummy,null_18502,3504,8688
dummy,null_18503,3552,8688
dummy,null_18504,3696,8688
dummy,null_18505,3840,8688
dummy,null_18506,4080,8688
dummy,null_18507,4128,8688
dummy,null_18508,4224,8688
dummy,null_18509,4368,8688
dummy,null_18510,4512,8688
dummy,null_18511,4560,8688
dummy,null_18512,4800,8688
dummy,null_18513,4848,8688
dummy,null_18514,4944,8688
dummy,null_18515,5184,8688
dummy,null_18516,5232,8688
dummy,null_18517,5376,8688
dummy,null_18518,5424,8688
dummy,null_18519,5664,8688
dummy,null_18520,5904,8688
dummy,null_18521,5952,8688
dummy,null_18522,6000,8688
dummy,null_18523,6240,8688
dummy,null_18524,6288,8688
dummy,null_18525,6480,8688
dummy,null_18526,6576,8688
dummy,null_18527,6624,8688
dummy,null_18528,6672,8688
dummy,null_18529,6768,8688
dummy,null_18530,6864,8688
dummy,null_18531,6960,8688
dummy,null_18532,7008,8688
dummy,null_18533,7056,8688
dummy,null_18534,7344,8688
dummy,null_18535,7440,8688
dummy,null_18536,7488,8688
dummy,null_18537,7536,8688
dummy,null_18538,7680,8688
dummy,null_18539,7728,8688
dummy,null_18540,7872,8688
dummy,null_18541,8016,8688
dummy,null_18542,8064,8688
dummy,null_18543,8112,8688
dummy,null_18544,8208,8688
dummy,null_18545,8256,8688
dummy,null_18546,8352,8688
dummy,null_18547,8448,8688
dummy,null_18548,8496,8688
dummy,null_18549,8544,8688
dummy,null_18550,8592,8688
dummy,null_18551,8640,8688
dummy,null_18552,8784,8688
dummy,null_18553,8976,8688
dummy,null_18554,9120,8688
dummy,null_18555,9360,8688
dummy,null_18556,9456,8688
dummy,null_18557,9504,8688
dummy,null_18558,9552,8688
dummy,null_18559,9648,8688
dummy,null_18560,9696,8688
dummy,null_18561,9840,8688
dummy,null_18562,9888,8688
dummy,null_18563,9936,8688
dummy,null_18564,9984,8688
dummy,null_18565,0,8736
dummy,null_18566,48,8736
dummy,null_18567,336,8736
dummy,null_18568,432,8736
dummy,null_18569,576,8736
dummy,null_18570,720,8736
dummy,null_18571,768,8736
dummy,null_18572,912,8736
dummy,null_18573,1056,8736
dummy,null_18574,1104,8736
dummy,null_18575,1200,8736
dummy,null_18576,1584,8736
dummy,null_18577,1728,8736
dummy,null_18578,1824,8736
dummy,null_18579,1872,8736
dummy,null_18580,2016,8736
dummy,null_18581,2112,8736
dummy,null_18582,2160,8736
dummy,null_18583,2208,8736
dummy,null_18584,2256,8736
dummy,null_18585,2400,8736
dummy,null_18586,2496,8736
dummy,null_18587,2592,8736
dummy,null_18588,2736,8736
dummy,null_18589,3024,8736
dummy,null_18590,3072,8736
dummy,null_18591,3120,8736
dummy,null_18592,3216,8736
dummy,null_18593,3264,8736
dummy,null_18594,3360,8736
dummy,null_18595,3408,8736
dummy,null_18596,3456,8736
dummy,null_18597,3696,8736
dummy,null_18598,3744,8736
dummy,null_18599,3792,8736
dummy,null_18600,3840,8736
dummy,null_18601,4080,8736
dummy,null_18602,4128,8736
dummy,null_18603,4224,8736
dummy,null_18604,4272,8736
dummy,null_18605,4368,8736
dummy,null_18606,4512,8736
dummy,null_18607,4608,8736
dummy,null_18608,4704,8736
dummy,null_18609,4896,8736
dummy,null_18610,4944,8736
dummy,null_18611,5088,8736
dummy,null_18612,5184,8736
dummy,null_18613,5232,8736
dummy,null_18614,5328,8736
dummy,null_18615,5376,8736
dummy,null_18616,5472,8736
dummy,null_18617,5568,8736
dummy,null_18618,5712,8736
dummy,null_18619,5760,8736
dummy,null_18620,5904,8736
dummy,null_18621,6096,8736
dummy,null_18622,6240,8736
dummy,null_18623,6288,8736
dummy,null_18624,6336,8736
dummy,null_18625,6432,8736
dummy,null_18626,6480,8736
dummy,null_18627,6528,8736
dummy,null_18628,6672,8736
dummy,null_18629,6864,8736
dummy,null_18630,6960,8736
dummy,null_18631,7008,8736
dummy,null_18632,7056,8736
dummy,null_18633,7104,8736
dummy,null_18634,7152,8736
dummy,null_18635,7200,8736
dummy,null_18636,7248,8736
dummy,null_18637,7392,8736
dummy,null_18638,7440,8736
dummy,null_18639,7536,8736
dummy,null_18640,7584,8736
dummy,null_18641,7776,8736
dummy,null_18642,7824,8736
dummy,null_18643,7872,8736
dummy,null_18644,7968,8736
dummy,null_18645,8016,8736
dummy,null_18646,8064,8736
dummy,null_18647,8112,8736
dummy,null_18648,8160,8736
dummy,null_18649,8208,8736
dummy,null_18650,8400,8736
dummy,null_18651,8448,8736
dummy,null_18652,8880,8736
dummy,null_18653,8928,8736
dummy,null_18654,9024,8736
dummy,null_18655,9168,8736
dummy,null_18656,9216,8736
dummy,null_18657,9264,8736
dummy,null_18658,9312,8736
dummy,null_18659,9360,8736
dummy,null_18660,9408,8736
dummy,null_18661,9456,8736
dummy,null_18662,9504,8736
dummy,null_18663,9552,8736
dummy,null_18664,9792,8736
dummy,null_18665,9888,8736
dummy,null_18666,9936,8736
dummy,null_18667,9984,8736
dummy,null_18668,48,8784
dummy,null_18669,192,8784
dummy,null_18670,240,8784
dummy,null_18671,288,8784
dummy,null_18672,384,8784
dummy,null_18673,480,8784
dummy,null_18674,576,8784
dummy,null_18675,624,8784
dummy,null_18676,672,8784
dummy,null_18677,864,8784
dummy,null_18678,960,8784
dummy,null_18679,1008,8784
dummy,null_18680,1104,8784
dummy,null_18681,1152,8784
dummy,null_18682,1200,8784
dummy,null_18683,1296,8784
dummy,null_18684,1344,8784
dummy,null_18685,1440,8784
dummy,null_18686,1488,8784
dummy,null_18687,1536,8784
dummy,null_18688,1584,8784
dummy,null_18689,1632,8784
dummy,null_18690,1824,8784
dummy,null_18691,2016,8784
dummy,null_18692,2112,8784
dummy,null_18693,2208,8784
dummy,null_18694,2256,8784
dummy,null_18695,2400,8784
dummy,null_18696,2448,8784
dummy,null_18697,2496,8784
dummy,null_18698,2640,8784
dummy,null_18699,2736,8784
dummy,null_18700,2880,8784
dummy,null_18701,2976,8784
dummy,null_18702,3072,8784
dummy,null_18703,3216,8784
dummy,null_18704,3312,8784
dummy,null_18705,3600,8784
dummy,null_18706,3648,8784
dummy,null_18707,3696,8784
dummy,null_18708,3744,8784
dummy,null_18709,3792,8784
dummy,null_18710,3936,8784
dummy,null_18711,4032,8784
dummy,null_18712,4128,8784
dummy,null_18713,4176,8784
dummy,null_18714,4272,8784
dummy,null_18715,4464,8784
dummy,null_18716,4560,8784
dummy,null_18717,4608,8784
dummy,null_18718,4656,8784
dummy,null_18719,4800,8784
dummy,null_18720,4848,8784
dummy,null_18721,4896,8784
dummy,null_18722,4944,8784
dummy,null_18723,5184,8784
dummy,null_18724,5232,8784
dummy,null_18725,5328,8784
dummy,null_18726,5376,8784
dummy,null_18727,5520,8784
dummy,null_18728,5616,8784
dummy,null_18729,5712,8784
dummy,null_18730,5856,8784
dummy,null_18731,5904,8784
dummy,null_18732,5952,8784
dummy,null_18733,6096,8784
dummy,null_18734,6336,8784
dummy,null_18735,6384,8784
dummy,null_18736,6528,8784
dummy,null_18737,6576,8784
dummy,null_18738,6624,8784
dummy,null_18739,6672,8784
dummy,null_18740,6768,8784
dummy,null_18741,6912,8784
dummy,null_18742,6960,8784
dummy,null_18743,7008,8784
dummy,null_18744,7104,8784
dummy,null_18745,7200,8784
dummy,null_18746,7296,8784
dummy,null_18747,7392,8784
dummy,null_18748,7584,8784
dummy,null_18749,7680,8784
dummy,null_18750,7728,8784
dummy,null_18751,7776,8784
dummy,null_18752,7824,8784
dummy,null_18753,8016,8784
dummy,null_18754,8208,8784
dummy,null_18755,8304,8784
dummy,null_18756,8496,8784
dummy,null_18757,8592,8784
dummy,null_18758,8640,8784
dummy,null_18759,8880,8784
dummy,null_18760,9072,8784
dummy,null_18761,9120,8784
dummy,null_18762,9216,8784
dummy,null_18763,9264,8784
dummy,null_18764,9312,8784
dummy,null_18765,9360,8784
dummy,null_18766,9408,8784
dummy,null_18767,9456,8784
dummy,null_18768,9504,8784
dummy,null_18769,9648,8784
dummy,null_18770,9696,8784
dummy,null_18771,9744,8784
dummy,null_18772,9840,8784
dummy,null_18773,9936,8784
dummy,null_18774,144,8832
dummy,null_18775,336,8832
dummy,null_18776,432,8832
dummy,null_18777,672,8832
dummy,null_18778,720,8832
dummy,null_18779,768,8832
dummy,null_18780,816,8832
dummy,null_18781,864,8832
dummy,null_18782,1008,8832
dummy,null_18783,1152,8832
dummy,null_18784,1248,8832
dummy,null_18785,1296,8832
dummy,null_18786,1344,8832
dummy,null_18787,1440,8832
dummy,null_18788,1488,8832
dummy,null_18789,1632,8832
dummy,null_18790,1728,8832
dummy,null_18791,1824,8832
dummy,null_18792,1872,8832
dummy,null_18793,2160,8832
dummy,null_18794,2208,8832
dummy,null_18795,2256,8832
dummy,null_18796,2448,8832
dummy,null_18797,2496,8832
dummy,null_18798,2544,8832
dummy,null_18799,2640,8832
dummy,null_18800,2736,8832
dummy,null_18801,2880,8832
dummy,null_18802,2928,8832
dummy,null_18803,3024,8832
dummy,null_18804,3072,8832
dummy,null_18805,3120,8832
dummy,null_18806,3168,8832
dummy,null_18807,3264,8832
dummy,null_18808,3312,8832
dummy,null_18809,3360,8832
dummy,null_18810,3456,8832
dummy,null_18811,3504,8832
dummy,null_18812,3600,8832
dummy,null_18813,3648,8832
dummy,null_18814,3744,8832
dummy,null_18815,3792,8832
dummy,null_18816,3888,8832
dummy,null_18817,4128,8832
dummy,null_18818,4272,8832
dummy,null_18819,4368,8832
dummy,null_18820,4416,8832
dummy,null_18821,4512,8832
dummy,null_18822,4560,8832
dummy,null_18823,4608,8832
dummy,null_18824,4656,8832
dummy,null_18825,4704,8832
dummy,null_18826,4752,8832
dummy,null_18827,4848,8832
dummy,null_18828,4896,8832
dummy,null_18829,4944,8832
dummy,null_18830,5040,8832
dummy,null_18831,5088,8832
dummy,null_18832,5136,8832
dummy,null_18833,5328,8832
dummy,null_18834,5520,8832
dummy,null_18835,5568,8832
dummy,null_18836,5712,8832
dummy,null_18837,5760,8832
dummy,null_18838,5808,8832
dummy,null_18839,5856,8832
dummy,null_18840,5904,8832
dummy,null_18841,5952,8832
dummy,null_18842,6000,8832
dummy,null_18843,6192,8832
dummy,null_18844,6240,8832
dummy,null_18845,6384,8832
dummy,null_18846,6432,8832
dummy,null_18847,6480,8832
dummy,null_18848,6528,8832
dummy,null_18849,6576,8832
dummy,null_18850,6624,8832
dummy,null_18851,6672,8832
dummy,null_18852,6768,8832
dummy,null_18853,6816,8832
dummy,null_18854,6912,8832
dummy,null_18855,6960,8832
dummy,null_18856,7104,8832
dummy,null_18857,7488,8832
dummy,null_18858,7536,8832
dummy,null_18859,7632,8832
dummy,null_18860,7728,8832
dummy,null_18861,7824,8832
dummy,null_18862,7920,8832
dummy,null_18863,8064,8832
dummy,null_18864,8160,8832
dummy,null_18865,8208,8832
dummy,null_18866,8304,8832
dummy,null_18867,8448,8832
dummy,null_18868,8496,8832
dummy,null_18869,8544,8832
dummy,null_18870,8832,8832
dummy,null_18871,8976,8832
dummy,null_18872,9072,8832
dummy,null_18873,9216,8832
dummy,null_18874,9264,8832
dummy,null_18875,9552,8832
dummy,null_18876,9600,8832
dummy,null_18877,9648,8832
dummy,null_18878,9936,8832
dummy,null_18879,9984,8832
dummy,null_18880,0,8880
dummy,null_18881,144,8880
dummy,null_18882,288,8880
dummy,null_18883,384,8880
dummy,null_18884,432,8880
dummy,null_18885,480,8880
dummy,null_18886,528,8880
dummy,null_18887,576,8880
dummy,null_18888,624,8880
dummy,null_18889,672,8880
dummy,null_18890,720,8880
dummy,null_18891,768,8880
dummy,null_18892,864,8880
dummy,null_18893,960,8880
dummy,null_18894,1008,8880
dummy,null_18895,1104,8880
dummy,null_18896,1152,8880
dummy,null_18897,1296,8880
dummy,null_18898,1344,8880
dummy,null_18899,1488,8880
dummy,null_18900,1632,8880
dummy,null_18901,1680,8880
dummy,null_18902,1776,8880
dummy,null_18903,1824,8880
dummy,null_18904,1872,8880
dummy,null_18905,1968,8880
dummy,null_18906,2064,8880
dummy,null_18907,2112,8880
dummy,null_18908,2448,8880
dummy,null_18909,2544,8880
dummy,null_18910,2592,8880
dummy,null_18911,2688,8880
dummy,null_18912,2736,8880
dummy,null_18913,2784,8880
dummy,null_18914,2832,8880
dummy,null_18915,2880,8880
dummy,null_18916,2928,8880
dummy,null_18917,3024,8880
dummy,null_18918,3216,8880
dummy,null_18919,3264,8880
dummy,null_18920,3360,8880
dummy,null_18921,3504,8880
dummy,null_18922,3552,8880
dummy,null_18923,3696,8880
dummy,null_18924,3792,8880
dummy,null_18925,3840,8880
dummy,null_18926,3936,8880
dummy,null_18927,4032,8880
dummy,null_18928,4176,8880
dummy,null_18929,4224,8880
dummy,null_18930,4416,8880
dummy,null_18931,4464,8880
dummy,null_18932,4560,8880
dummy,null_18933,4704,8880
dummy,null_18934,4800,8880
dummy,null_18935,5040,8880
dummy,null_18936,5184,8880
dummy,null_18937,5376,8880
dummy,null_18938,5520,8880
dummy,null_18939,5664,8880
dummy,null_18940,5712,8880
dummy,null_18941,5760,8880
dummy,null_18942,5808,8880
dummy,null_18943,5904,8880
dummy,null_18944,5952,8880
dummy,null_18945,6048,8880
dummy,null_18946,6240,8880
dummy,null_18947,6288,8880
dummy,null_18948,6384,8880
dummy,null_18949,6432,8880
dummy,null_18950,6528,8880
dummy,null_18951,6672,8880
dummy,null_18952,6720,8880
dummy,null_18953,6960,8880
dummy,null_18954,7056,8880
dummy,null_18955,7248,8880
dummy,null_18956,7296,8880
dummy,null_18957,7392,8880
dummy,null_18958,7440,8880
dummy,null_18959,7488,8880
dummy,null_18960,7632,8880
dummy,null_18961,7680,8880
dummy,null_18962,7776,8880
dummy,null_18963,7872,8880
dummy,null_18964,8016,8880
dummy,null_18965,8064,8880
dummy,null_18966,8112,8880
dummy,null_18967,8160,8880
dummy,null_18968,8400,8880
dummy,null_18969,8448,8880
dummy,null_18970,8592,8880
dummy,null_18971,8736,8880
dummy,null_18972,8784,8880
dummy,null_18973,8832,8880
dummy,null_18974,8880,8880
dummy,null_18975,8976,8880
dummy,null_18976,9024,8880
dummy,null_18977,9072,8880
dummy,null_18978,9264,8880
dummy,null_18979,9408,8880
dummy,null_18980,9504,8880
dummy,null_18981,9552,8880
dummy,null_18982,9600,8880
dummy,null_18983,9696,8880
dummy,null_18984,9792,8880
dummy,null_18985,48,8928
dummy,null_18986,192,8928
dummy,null_18987,288,8928
dummy,null_18988,336,8928
dummy,null_18989,480,8928
dummy,null_18990,672,8928
dummy,null_18991,720,8928
dummy,null_18992,864,8928
dummy,null_18993,912,8928
dummy,null_18994,1152,8928
dummy,null_18995,1200,8928
dummy,null_18996,1296,8928
dummy,null_18997,1392,8928
dummy,null_18998,1488,8928
dummy,null_18999,1584,8928
dummy,null_19000,1728,8928
dummy,null_19001,1776,8928
dummy,null_19002,1824,8928
dummy,null_19003,1920,8928
dummy,null_19004,2112,8928
dummy,null_19005,2256,8928
dummy,null_19006,2304,8928
dummy,null_19007,2352,8928
dummy,null_19008,2400,8928
dummy,null_19009,2448,8928
dummy,null_19010,2544,8928
dummy,null_19011,2592,8928
dummy,null_19012,2640,8928
dummy,null_19013,2880,8928
dummy,null_19014,2928,8928
dummy,null_19015,3024,8928
dummy,null_19016,3072,8928
dummy,null_19017,3168,8928
dummy,null_19018,3216,8928
dummy,null_19019,3264,8928
dummy,null_19020,3312,8928
dummy,null_19021,3360,8928
dummy,null_19022,3408,8928
dummy,null_19023,3504,8928
dummy,null_19024,3648,8928
dummy,null_19025,3696,8928
dummy,null_19026,3744,8928
dummy,null_19027,3792,8928
dummy,null_19028,3840,8928
dummy,null_19029,3888,8928
dummy,null_19030,3936,8928
dummy,null_19031,4080,8928
dummy,null_19032,4224,8928
dummy,null_19033,4272,8928
dummy,null_19034,4416,8928
dummy,null_19035,4512,8928
dummy,null_19036,4560,8928
dummy,null_19037,4608,8928
dummy,null_19038,4752,8928
dummy,null_19039,4848,8928
dummy,null_19040,4896,8928
dummy,null_19041,4944,8928
dummy,null_19042,4992,8928
dummy,null_19043,5040,8928
dummy,null_19044,5088,8928
dummy,null_19045,5184,8928
dummy,null_19046,5232,8928
dummy,null_19047,5328,8928
dummy,null_19048,5472,8928
dummy,null_19049,5520,8928
dummy,null_19050,5568,8928
dummy,null_19051,5712,8928
dummy,null_19052,5760,8928
dummy,null_19053,5808,8928
dummy,null_19054,5856,8928
dummy,null_19055,5904,8928
dummy,null_19056,5952,8928
dummy,null_19057,6000,8928
dummy,null_19058,6048,8928
dummy,null_19059,6096,8928
dummy,null_19060,6240,8928
dummy,null_19061,6528,8928
dummy,null_19062,6720,8928
dummy,null_19063,6768,8928
dummy,null_19064,6816,8928
dummy,null_19065,7056,8928
dummy,null_19066,7248,8928
dummy,null_19067,7344,8928
dummy,null_19068,7440,8928
dummy,null_19069,7776,8928
dummy,null_19070,7920,8928
dummy,null_19071,8016,8928
dummy,null_19072,8112,8928
dummy,null_19073,8160,8928
dummy,null_19074,8256,8928
dummy,null_19075,8352,8928
dummy,null_19076,8400,8928
dummy,null_19077,8448,8928
dummy,null_19078,8496,8928
dummy,null_19079,8544,8928
dummy,null_19080,8592,8928
dummy,null_19081,8640,8928
dummy,null_19082,8736,8928
dummy,null_19083,8784,8928
dummy,null_19084,8832,8928
dummy,null_19085,8880,8928
dummy,null_19086,8976,8928
dummy,null_19087,9072,8928
dummy,null_19088,9216,8928
dummy,null_19089,9360,8928
dummy,null_19090,9504,8928
dummy,null_19091,9600,8928
dummy,null_19092,9648,8928
dummy,null_19093,9696,8928
dummy,null_19094,9792,8928
dummy,null_19095,9888,8928
dummy,null_19096,9936,8928
dummy,null_19097,9984,8928
dummy,null_19098,0,8976
dummy,null_19099,144,8976
dummy,null_19100,192,8976
dummy,null_19101,240,8976
dummy,null_19102,288,8976
dummy,null_19103,384,8976
dummy,null_19104,432,8976
dummy,null_19105,720,8976
dummy,null_19106,816,8976
dummy,null_19107,912,8976
dummy,null_19108,1008,8976
dummy,null_19109,1056,8976
dummy,null_19110,1248,8976
dummy,null_19111,1296,8976
dummy,null_19112,1440,8976
dummy,null_19113,1536,8976
dummy,null_19114,1680,8976
dummy,null_19115,1728,8976
dummy,null_19116,1776,8976
dummy,null_19117,1824,8976
dummy,null_19118,2208,8976
dummy,null_19119,2352,8976
dummy,null_19120,2448,8976
dummy,null_19121,2496,8976
dummy,null_19122,2544,8976
dummy,null_19123,2592,8976
dummy,null_19124,2736,8976
dummy,null_19125,2832,8976
dummy,null_19126,2928,8976
dummy,null_19127,2976,8976
dummy,null_19128,3168,8976
dummy,null_19129,3264,8976
dummy,null_19130,3408,8976
dummy,null_19131,3600,8976
dummy,null_19132,3648,8976
dummy,null_19133,3744,8976
dummy,null_19134,3936,8976
dummy,null_19135,3984,8976
dummy,null_19136,4032,8976
dummy,null_19137,4128,8976
dummy,null_19138,4224,8976
dummy,null_19139,4272,8976
dummy,null_19140,4320,8976
dummy,null_19141,4368,8976
dummy,null_19142,4512,8976
dummy,null_19143,4560,8976
dummy,null_19144,4608,8976
dummy,null_19145,4656,8976
dummy,null_19146,4704,8976
dummy,null_19147,4752,8976
dummy,null_19148,4896,8976
dummy,null_19149,5088,8976
dummy,null_19150,5328,8976
dummy,null_19151,5424,8976
dummy,null_19152,5664,8976
dummy,null_19153,5856,8976
dummy,null_19154,6096,8976
dummy,null_19155,6288,8976
dummy,null_19156,6336,8976
dummy,null_19157,6384,8976
dummy,null_19158,6528,8976
dummy,null_19159,6576,8976
dummy,null_19160,6720,8976
dummy,null_19161,6768,8976
dummy,null_19162,6864,8976
dummy,null_19163,7008,8976
dummy,null_19164,7104,8976
dummy,null_19165,7392,8976
dummy,null_19166,7440,8976
dummy,null_19167,7536,8976
dummy,null_19168,7632,8976
dummy,null_19169,7776,8976
dummy,null_19170,7824,8976
dummy,null_19171,7872,8976
dummy,null_19172,7920,8976
dummy,null_19173,7968,8976
dummy,null_19174,8304,8976
dummy,null_19175,8352,8976
dummy,null_19176,8736,8976
dummy,null_19177,8928,8976
dummy,null_19178,9024,8976
dummy,null_19179,9072,8976
dummy,null_19180,9120,8976
dummy,null_19181,9216,8976
dummy,null_19182,9312,8976
dummy,null_19183,9360,8976
dummy,null_19184,9408,8976
dummy,null_19185,9456,8976
dummy,null_19186,9504,8976
dummy,null_19187,9552,8976
dummy,null_19188,9600,8976
dummy,null_19189,9648,8976
dummy,null_19190,9744,8976
dummy,null_19191,9792,8976
dummy,null_19192,9840,8976
dummy,null_19193,9888,8976
dummy,null_19194,9936,8976
dummy,null_19195,96,9024
dummy,null_19196,144,9024
dummy,null_19197,192,9024
dummy,null_19198,288,9024
dummy,null_19199,336,9024
dummy,null_19200,432,9024
dummy,null_19201,528,9024
dummy,null_19202,624,9024
dummy,null_19203,720,9024
dummy,null_19204,1008,9024
dummy,null_19205,1056,9024
dummy,null_19206,1104,9024
dummy,null_19207,1248,9024
dummy,null_19208,1296,9024
dummy,null_19209,1392,9024
dummy,null_19210,1440,9024
dummy,null_19211,1488,9024
dummy,null_19212,1728,9024
dummy,null_19213,1920,9024
dummy,null_19214,2064,9024
dummy,null_19215,2112,9024
dummy,null_19216,2160,9024
dummy,null_19217,2208,9024
dummy,null_19218,2256,9024
dummy,null_19219,2304,9024
dummy,null_19220,2400,9024
dummy,null_19221,2448,9024
dummy,null_19222,2496,9024
dummy,null_19223,2544,9024
dummy,null_19224,2688,9024
dummy,null_19225,2736,9024
dummy,null_19226,2784,9024
dummy,null_19227,2832,9024
dummy,null_19228,2880,9024
dummy,null_19229,2928,9024
dummy,null_19230,3168,9024
dummy,null_19231,3312,9024
dummy,null_19232,3456,9024
dummy,null_19233,3600,9024
dummy,null_19234,3648,9024
dummy,null_19235,3696,9024
dummy,null_19236,3744,9024
dummy,null_19237,3792,9024
dummy,null_19238,3936,9024
dummy,null_19239,4032,9024
dummy,null_19240,4128,9024
dummy,null_19241,4176,9024
dummy,null_19242,4224,9024
dummy,null_19243,4272,9024
dummy,null_19244,4320,9024
dummy,null_19245,4560,9024
dummy,null_19246,4608,9024
dummy,null_19247,4752,9024
dummy,null_19248,4800,9024
dummy,null_19249,5088,9024
dummy,null_19250,5136,9024
dummy,null_19251,5184,9024
dummy,null_19252,5280,9024
dummy,null_19253,5328,9024
dummy,null_19254,5376,9024
dummy,null_19255,5472,9024
dummy,null_19256,5568,9024
dummy,null_19257,5664,9024
dummy,null_19258,5760,9024
dummy,null_19259,5856,9024
dummy,null_19260,5952,9024
dummy,null_19261,6240,9024
dummy,null_19262,6288,9024
dummy,null_19263,6336,9024
dummy,null_19264,6480,9024
dummy,null_19265,6528,9024
dummy,null_19266,6576,9024
dummy,null_19267,6624,9024
dummy,null_19268,6720,9024
dummy,null_19269,6768,9024
dummy,null_19270,6864,9024
dummy,null_19271,6912,9024
dummy,null_19272,6960,9024
dummy,null_19273,7056,9024
dummy,null_19274,7104,9024
dummy,null_19275,7392,9024
dummy,null_19276,7440,9024
dummy,null_19277,7536,9024
dummy,null_19278,7632,9024
dummy,null_19279,7680,9024
dummy,null_19280,7824,9024
dummy,null_19281,7872,9024
dummy,null_19282,7920,9024
dummy,null_19283,8160,9024
dummy,null_19284,8208,9024
dummy,null_19285,8352,9024
dummy,null_19286,8400,9024
dummy,null_19287,8448,9024
dummy,null_19288,8544,9024
dummy,null_19289,8592,9024
dummy,null_19290,8688,9024
dummy,null_19291,8880,9024
dummy,null_19292,8928,9024
dummy,null_19293,8976,9024
dummy,null_19294,9072,9024
dummy,null_19295,9216,9024
dummy,null_19296,9264,9024
dummy,null_19297,9312,9024
dummy,null_19298,9648,9024
dummy,null_19299,9696,9024
dummy,null_19300,9744,9024
dummy,null_19301,9792,9024
dummy,null_19302,9840,9024
dummy,null_19303,9936,9024
dummy,null_19304,9984,9024
dummy,null_19305,96,9072
dummy,null_19306,144,9072
dummy,null_19307,240,9072
dummy,null_19308,336,9072
dummy,null_19309,384,9072
dummy,null_19310,528,9072
dummy,null_19311,624,9072
dummy,null_19312,720,9072
dummy,null_19313,768,9072
dummy,null_19314,816,9072
dummy,null_19315,960,9072
dummy,null_19316,1104,9072
dummy,null_19317,1152,9072
dummy,null_19318,1200,9072
dummy,null_19319,1296,9072
dummy,null_19320,1344,9072
dummy,null_19321,1392,9072
dummy,null_19322,1440,9072
dummy,null_19323,1536,9072
dummy,null_19324,1680,9072
dummy,null_19325,1872,9072
dummy,null_19326,1968,9072
dummy,null_19327,2064,9072
dummy,null_19328,2208,9072
dummy,null_19329,2304,9072
dummy,null_19330,2400,9072
dummy,null_19331,2448,9072
dummy,null_19332,2736,9072
dummy,null_19333,2880,9072
dummy,null_19334,3120,9072
dummy,null_19335,3216,9072
dummy,null_19336,3264,9072
dummy,null_19337,3360,9072
dummy,null_19338,3456,9072
dummy,null_19339,3504,9072
dummy,null_19340,3552,9072
dummy,null_19341,3648,9072
dummy,null_19342,3792,9072
dummy,null_19343,4128,9072
dummy,null_19344,4176,9072
dummy,null_19345,4224,9072
dummy,null_19346,4272,9072
dummy,null_19347,4320,9072
dummy,null_19348,4368,9072
dummy,null_19349,4560,9072
dummy,null_19350,4752,9072
dummy,null_19351,4896,9072
dummy,null_19352,5040,9072
dummy,null_19353,5088,9072
dummy,null_19354,5136,9072
dummy,null_19355,5184,9072
dummy,null_19356,5232,9072
dummy,null_19357,5376,9072
dummy,null_19358,5424,9072
dummy,null_19359,5664,9072
dummy,null_19360,5712,9072
dummy,null_19361,5808,9072
dummy,null_19362,5904,9072
dummy,null_19363,6096,9072
dummy,null_19364,6336,9072
dummy,null_19365,6384,9072
dummy,null_19366,6432,9072
dummy,null_19367,6576,9072
dummy,null_19368,6672,9072
dummy,null_19369,6960,9072
dummy,null_19370,7104,9072
dummy,null_19371,7200,9072
dummy,null_19372,7344,9072
dummy,null_19373,7440,9072
dummy,null_19374,7536,9072
dummy,null_19375,7776,9072
dummy,null_19376,7824,9072
dummy,null_19377,7872,9072
dummy,null_19378,7920,9072
dummy,null_19379,7968,9072
dummy,null_19380,8112,9072
dummy,null_19381,8208,9072
dummy,null_19382,8256,9072
dummy,null_19383,8688,9072
dummy,null_19384,8736,9072
dummy,null_19385,8880,9072
dummy,null_19386,9072,9072
dummy,null_19387,9168,9072
dummy,null_19388,9216,9072
dummy,null_19389,9264,9072
dummy,null_19390,9312,9072
dummy,null_19391,9360,9072
dummy,null_19392,9504,9072
dummy,null_19393,9552,9072
dummy,null_19394,9696,9072
dummy,null_19395,9888,9072
dummy,null_19396,0,9120
dummy,null_19397,48,9120
dummy,null_19398,192,9120
dummy,null_19399,432,9120
dummy,null_19400,480,9120
dummy,null_19401,528,9120
dummy,null_19402,576,9120
dummy,null_19403,960,9120
dummy,null_19404,1008,9120
dummy,null_19405,1152,9120
dummy,null_19406,1200,9120
dummy,null_19407,1248,9120
dummy,null_19408,1296,9120
dummy,null_19409,1440,9120
dummy,null_19410,1584,9120
dummy,null_19411,1728,9120
dummy,null_19412,1776,9120
dummy,null_19413,1872,9120
dummy,null_19414,2208,9120
dummy,null_19415,2352,9120
dummy,null_19416,2400,9120
dummy,null_19417,2448,9120
dummy,null_19418,2496,9120
dummy,null_19419,2544,9120
dummy,null_19420,2592,9120
dummy,null_19421,2688,9120
dummy,null_19422,2736,9120
dummy,null_19423,2784,9120
dummy,null_19424,2832,9120
dummy,null_19425,3024,9120
dummy,null_19426,3072,9120
dummy,null_19427,3120,9120
dummy,null_19428,3216,9120
dummy,null_19429,3360,9120
dummy,null_19430,3456,9120
dummy,null_19431,3552,9120
dummy,null_19432,3648,9120
dummy,null_19433,3696,9120
dummy,null_19434,3744,9120
dummy,null_19435,4032,9120
dummy,null_19436,4080,9120
dummy,null_19437,4128,9120
dummy,null_19438,4176,9120
dummy,null_19439,4272,9120
dummy,null_19440,4320,9120
dummy,null_19441,4368,9120
dummy,null_19442,4416,9120
dummy,null_19443,4464,9120
dummy,null_19444,4512,9120
dummy,null_19445,4560,9120
dummy,null_19446,4752,9120
dummy,null_19447,4800,9120
dummy,null_19448,4896,9120
dummy,null_19449,5040,9120
dummy,null_19450,5280,9120
dummy,null_19451,5328,9120
dummy,null_19452,5424,9120
dummy,null_19453,5472,9120
dummy,null_19454,5568,9120
dummy,null_19455,5664,9120
dummy,null_19456,5856,9120
dummy,null_19457,5904,9120
dummy,null_19458,6000,9120
dummy,null_19459,6144,9120
dummy,null_19460,6240,9120
dummy,null_19461,6576,9120
dummy,null_19462,6672,9120
dummy,null_19463,6864,9120
dummy,null_19464,7008,9120
dummy,null_19465,7056,9120
dummy,null_19466,7344,9120
dummy,null_19467,7392,9120
dummy,null_19468,7488,9120
dummy,null_19469,7632,9120
dummy,null_19470,7680,9120
dummy,null_19471,7776,9120
dummy,null_19472,7824,9120
dummy,null_19473,7872,9120
dummy,null_19474,7920,9120
dummy,null_19475,7968,9120
dummy,null_19476,8016,9120
dummy,null_19477,8208,9120
dummy,null_19478,8256,9120
dummy,null_19479,8448,9120
dummy,null_19480,8640,9120
dummy,null_19481,8832,9120
dummy,null_19482,8880,9120
dummy,null_19483,8976,9120
dummy,null_19484,9024,9120
dummy,null_19485,9120,9120
dummy,null_19486,9168,9120
dummy,null_19487,9216,9120
dummy,null_19488,9264,9120
dummy,null_19489,9360,9120
dummy,null_19490,9408,9120
dummy,null_19491,9456,9120
dummy,null_19492,9504,9120
dummy,null_19493,9600,9120
dummy,null_19494,9648,9120
dummy,null_19495,9696,9120
dummy,null_19496,9744,9120
dummy,null_19497,9792,9120
dummy,null_19498,9840,9120
dummy,null_19499,9888,9120
dummy,null_19500,48,9168
dummy,null_19501,192,9168
dummy,null_19502,240,9168
dummy,null_19503,288,9168
dummy,null_19504,384,9168
dummy,null_19505,432,9168
dummy,null_19506,528,9168
dummy,null_19507,576,9168
dummy,null_19508,624,9168
dummy,null_19509,672,9168
dummy,null_19510,720,9168
dummy,null_19511,816,9168
dummy,null_19512,864,9168
dummy,null_19513,1008,9168
dummy,null_19514,1296,9168
dummy,null_19515,1440,9168
dummy,null_19516,1488,9168
dummy,null_19517,1536,9168
dummy,null_19518,1584,9168
dummy,null_19519,1680,9168
dummy,null_19520,1776,9168
dummy,null_19521,1872,9168
dummy,null_19522,1920,9168
dummy,null_19523,1968,9168
dummy,null_19524,2016,9168
dummy,null_19525,2208,9168
dummy,null_19526,2256,9168
dummy,null_19527,2304,9168
dummy,null_19528,2352,9168
dummy,null_19529,2400,9168
dummy,null_19530,2448,9168
dummy,null_19531,2496,9168
dummy,null_19532,2544,9168
dummy,null_19533,2592,9168
dummy,null_19534,2640,9168
dummy,null_19535,2688,9168
dummy,null_19536,2736,9168
dummy,null_19537,2928,9168
dummy,null_19538,3120,9168
dummy,null_19539,3408,9168
dummy,null_19540,3504,9168
dummy,null_19541,3696,9168
dummy,null_19542,3744,9168
dummy,null_19543,3840,9168
dummy,null_19544,3888,9168
dummy,null_19545,3936,9168
dummy,null_19546,4032,9168
dummy,null_19547,4128,9168
dummy,null_19548,4608,9168
dummy,null_19549,4752,9168
dummy,null_19550,4800,9168
dummy,null_19551,4944,9168
dummy,null_19552,4992,9168
dummy,null_19553,5088,9168
dummy,null_19554,5136,9168
dummy,null_19555,5232,9168
dummy,null_19556,5280,9168
dummy,null_19557,5376,9168
dummy,null_19558,5424,9168
dummy,null_19559,5472,9168
dummy,null_19560,5520,9168
dummy,null_19561,5760,9168
dummy,null_19562,5808,9168
dummy,null_19563,5856,9168
dummy,null_19564,5952,9168
dummy,null_19565,6000,9168
dummy,null_19566,6048,9168
dummy,null_19567,6096,9168
dummy,null_19568,6144,9168
dummy,null_19569,6240,9168
dummy,null_19570,6480,9168
dummy,null_19571,6576,9168
dummy,null_19572,6672,9168
dummy,null_19573,6768,9168
dummy,null_19574,6864,9168
dummy,null_19575,7056,9168
dummy,null_19576,7104,9168
dummy,null_19577,7152,9168
dummy,null_19578,7248,9168
dummy,null_19579,7296,9168
dummy,null_19580,7344,9168
dummy,null_19581,7392,9168
dummy,null_19582,7440,9168
dummy,null_19583,7584,9168
dummy,null_19584,7680,9168
dummy,null_19585,7776,9168
dummy,null_19586,8016,9168
dummy,null_19587,8064,9168
dummy,null_19588,8160,9168
dummy,null_19589,8208,9168
dummy,null_19590,8304,9168
dummy,null_19591,8352,9168
dummy,null_19592,8400,9168
dummy,null_19593,8448,9168
dummy,null_19594,8496,9168
dummy,null_19595,8544,9168
dummy,null_19596,8592,9168
dummy,null_19597,8736,9168
dummy,null_19598,8784,9168
dummy,null_19599,8832,9168
dummy,null_19600,8880,9168
dummy,null_19601,8976,9168
dummy,null_19602,9024,9168
dummy,null_19603,9264,9168
dummy,null_19604,9360,9168
dummy,null_19605,9504,9168
dummy,null_19606,9552,9168
dummy,null_19607,9600,9168
dummy,null_19608,9648,9168
dummy,null_19609,9888,9168
dummy,null_19610,9936,9168
dummy,null_19611,0,9216
dummy,null_19612,96,9216
dummy,null_19613,144,9216
dummy,null_19614,192,9216
dummy,null_19615,240,9216
dummy,null_19616,288,9216
dummy,null_19617,384,9216
dummy,null_19618,432,9216
dummy,null_19619,720,9216
dummy,null_19620,864,9216
dummy,null_19621,960,9216
dummy,null_19622,1056,9216
dummy,null_19623,1104,9216
dummy,null_19624,1152,9216
dummy,null_19625,1344,9216
dummy,null_19626,1536,9216
dummy,null_19627,1632,9216
dummy,null_19628,1680,9216
dummy,null_19629,1728,9216
dummy,null_19630,2016,9216
dummy,null_19631,2064,9216
dummy,null_19632,2112,9216
dummy,null_19633,2208,9216
dummy,null_19634,2256,9216
dummy,null_19635,2304,9216
dummy,null_19636,2544,9216
dummy,null_19637,2640,9216
dummy,null_19638,2736,9216
dummy,null_19639,2880,9216
dummy,null_19640,2928,9216
dummy,null_19641,3024,9216
dummy,null_19642,3072,9216
dummy,null_19643,3168,9216
dummy,null_19644,3264,9216
dummy,null_19645,3408,9216
dummy,null_19646,3456,9216
dummy,null_19647,3504,9216
dummy,null_19648,3648,9216
dummy,null_19649,3792,9216
dummy,null_19650,3840,9216
dummy,null_19651,3888,9216
dummy,null_19652,4032,9216
dummy,null_19653,4128,9216
dummy,null_19654,4176,9216
dummy,null_19655,4224,9216
dummy,null_19656,4320,9216
dummy,null_19657,4416,9216
dummy,null_19658,4464,9216
dummy,null_19659,4512,9216
dummy,null_19660,4656,9216
dummy,null_19661,4752,9216
dummy,null_19662,4800,9216
dummy,null_19663,4896,9216
dummy,null_19664,5040,9216
dummy,null_19665,5232,9216
dummy,null_19666,5328,9216
dummy,null_19667,5376,9216
dummy,null_19668,5424,9216
dummy,null_19669,5472,9216
dummy,null_19670,5520,9216
dummy,null_19671,5616,9216
dummy,null_19672,5664,9216
dummy,null_19673,5712,9216
dummy,null_19674,5760,9216
dummy,null_19675,5808,9216
dummy,null_19676,6048,9216
dummy,null_19677,6096,9216
dummy,null_19678,6192,9216
dummy,null_19679,6336,9216
dummy,null_19680,6384,9216
dummy,null_19681,6432,9216
dummy,null_19682,6672,9216
dummy,null_19683,6720,9216
dummy,null_19684,6768,9216
dummy,null_19685,6816,9216
dummy,null_19686,6960,9216
dummy,null_19687,7008,9216
dummy,null_19688,7056,9216
dummy,null_19689,7152,9216
dummy,null_19690,7200,9216
dummy,null_19691,7296,9216
dummy,null_19692,7392,9216
dummy,null_19693,7440,9216
dummy,null_19694,7488,9216
dummy,null_19695,7536,9216
dummy,null_19696,7584,9216
dummy,null_19697,7776,9216
dummy,null_19698,7920,9216
dummy,null_19699,7968,9216
dummy,null_19700,8016,9216
dummy,null_19701,8208,9216
dummy,null_19702,8304,9216
dummy,null_19703,8400,9216
dummy,null_19704,8448,9216
dummy,null_19705,8496,9216
dummy,null_19706,8544,9216
dummy,null_19707,8592,9216
dummy,null_19708,8640,9216
dummy,null_19709,9024,9216
dummy,null_19710,9072,9216
dummy,null_19711,9120,9216
dummy,null_19712,9168,9216
dummy,null_19713,9312,9216
dummy,null_19714,9360,9216
dummy,null_19715,9408,9216
dummy,null_19716,9456,9216
dummy,null_19717,9504,9216
dummy,null_19718,9648,9216
dummy,null_19719,9744,9216
dummy,null_19720,9888,9216
dummy,null_19721,9936,9216
dummy,null_19722,0,9264
dummy,null_19723,48,9264
dummy,null_19724,192,9264
dummy,null_19725,336,9264
dummy,null_19726,576,9264
dummy,null_19727,624,9264
dummy,null_19728,672,9264
dummy,null_19729,768,9264
dummy,null_19730,816,9264
dummy,null_19731,864,9264
dummy,null_19732,912,9264
dummy,null_19733,1008,9264
dummy,null_19734,1056,9264
dummy,null_19735,1152,9264
dummy,null_19736,1248,9264
dummy,null_19737,1296,9264
dummy,null_19738,1488,9264
dummy,null_19739,1536,9264
dummy,null_19740,1632,9264
dummy,null_19741,1680,9264
dummy,null_19742,1824,9264
dummy,null_19743,1920,9264
dummy,null_19744,1968,9264
dummy,null_19745,2016,9264
dummy,null_19746,2160,9264
dummy,null_19747,2304,9264
dummy,null_19748,2448,9264
dummy,null_19749,2496,9264
dummy,null_19750,2640,9264
dummy,null_19751,2736,9264
dummy,null_19752,2784,9264
dummy,null_19753,2832,9264
dummy,null_19754,2880,9264
dummy,null_19755,2928,9264
dummy,null_19756,3264,9264
dummy,null_19757,3312,9264
dummy,null_19758,3360,9264
dummy,null_19759,3456,9264
dummy,null_19760,3504,9264
dummy,null_19761,3552,9264
dummy,null_19762,3648,9264
dummy,null_19763,3696,9264
dummy,null_19764,3744,9264
dummy,null_19765,3792,9264
dummy,null_19766,3840,9264
dummy,null_19767,3888,9264
dummy,null_19768,4032,9264
dummy,null_19769,4080,9264
dummy,null_19770,4128,9264
dummy,null_19771,4224,9264
dummy,null_19772,4272,9264
dummy,null_19773,4560,9264
dummy,null_19774,4704,9264
dummy,null_19775,4752,9264
dummy,null_19776,4848,9264
dummy,null_19777,5472,9264
dummy,null_19778,5520,9264
dummy,null_19779,5616,9264
dummy,null_19780,5760,9264
dummy,null_19781,5808,9264
dummy,null_19782,6192,9264
dummy,null_19783,6240,9264
dummy,null_19784,6432,9264
dummy,null_19785,6480,9264
dummy,null_19786,6576,9264
dummy,null_19787,6624,9264
dummy,null_19788,6672,9264
dummy,null_19789,6816,9264
dummy,null_19790,7104,9264
dummy,null_19791,7152,9264
dummy,null_19792,7200,9264
dummy,null_19793,7344,9264
dummy,null_19794,7440,9264
dummy,null_19795,7536,9264
dummy,null_19796,7824,9264
dummy,null_19797,7872,9264
dummy,null_19798,8016,9264
dummy,null_19799,8064,9264
dummy,null_19800,8208,9264
dummy,null_19801,8256,9264
dummy,null_19802,8304,9264
dummy,null_19803,8352,9264
dummy,null_19804,8400,9264
dummy,null_19805,8448,9264
dummy,null_19806,8496,9264
dummy,null_19807,8544,9264
dummy,null_19808,8592,9264
dummy,null_19809,8688,9264
dummy,null_19810,8736,9264
dummy,null_19811,8784,9264
dummy,null_19812,8880,9264
dummy,null_19813,8976,9264
dummy,null_19814,9072,9264
dummy,null_19815,9120,9264
dummy,null_19816,9264,9264
dummy,null_19817,9456,9264
dummy,null_19818,9600,9264
dummy,null_19819,9792,9264
dummy,null_19820,9888,9264
dummy,null_19821,9984,9264
dummy,null_19822,0,9312
dummy,null_19823,48,9312
dummy,null_19824,96,9312
dummy,null_19825,192,9312
dummy,null_19826,240,9312
dummy,null_19827,288,9312
dummy,null_19828,336,9312
dummy,null_19829,384,9312
dummy,null_19830,480,9312
dummy,null_19831,528,9312
dummy,null_19832,624,9312
dummy,null_19833,672,9312
dummy,null_19834,816,9312
dummy,null_19835,960,9312
dummy,null_19836,1008,9312
dummy,null_19837,1104,9312
dummy,null_19838,1200,9312
dummy,null_19839,1344,9312
dummy,null_19840,1536,9312
dummy,null_19841,1728,9312
dummy,null_19842,1872,9312
dummy,null_19843,1920,9312
dummy,null_19844,2064,9312
dummy,null_19845,2160,9312
dummy,null_19846,2256,9312
dummy,null_19847,2304,9312
dummy,null_19848,2400,9312
dummy,null_19849,2448,9312
dummy,null_19850,2496,9312
dummy,null_19851,2544,9312
dummy,null_19852,2736,9312
dummy,null_19853,2784,9312
dummy,null_19854,2976,9312
dummy,null_19855,3024,9312
dummy,null_19856,3072,9312
dummy,null_19857,3120,9312
dummy,null_19858,3216,9312
dummy,null_19859,3312,9312
dummy,null_19860,3456,9312
dummy,null_19861,3600,9312
dummy,null_19862,3648,9312
dummy,null_19863,3840,9312
dummy,null_19864,3888,9312
dummy,null_19865,4032,9312
dummy,null_19866,4128,9312
dummy,null_19867,4224,9312
dummy,null_19868,4272,9312
dummy,null_19869,4416,9312
dummy,null_19870,4560,9312
dummy,null_19871,4608,9312
dummy,null_19872,4752,9312
dummy,null_19873,4800,9312
dummy,null_19874,4944,9312
dummy,null_19875,5040,9312
dummy,null_19876,5088,9312
dummy,null_19877,5184,9312
dummy,null_19878,5232,9312
dummy,null_19879,5376,9312
dummy,null_19880,5520,9312
dummy,null_19881,5568,9312
dummy,null_19882,5616,9312
dummy,null_19883,5760,9312
dummy,null_19884,5808,9312
dummy,null_19885,5856,9312
dummy,null_19886,5904,9312
dummy,null_19887,5952,9312
dummy,null_19888,6000,9312
dummy,null_19889,6096,9312
dummy,null_19890,6192,9312
dummy,null_19891,6240,9312
dummy,null_19892,6480,9312
dummy,null_19893,6528,9312
dummy,null_19894,6576,9312
dummy,null_19895,6768,9312
dummy,null_19896,6912,9312
dummy,null_19897,6960,9312
dummy,null_19898,7008,9312
dummy,null_19899,7056,9312
dummy,null_19900,7488,9312
dummy,null_19901,7536,9312
dummy,null_19902,7584,9312
dummy,null_19903,7680,9312
dummy,null_19904,7728,9312
dummy,null_19905,7776,9312
dummy,null_19906,7920,9312
dummy,null_19907,7968,9312
dummy,null_19908,8208,9312
dummy,null_19909,8256,9312
dummy,null_19910,8352,9312
dummy,null_19911,8544,9312
dummy,null_19912,8592,9312
dummy,null_19913,8640,9312
dummy,null_19914,8688,9312
dummy,null_19915,8784,9312
dummy,null_19916,8832,9312
dummy,null_19917,8880,9312
dummy,null_19918,8928,9312
dummy,null_19919,9120,9312
dummy,null_19920,9168,9312
dummy,null_19921,9264,9312
dummy,null_19922,9408,9312
dummy,null_19923,9456,9312
dummy,null_19924,9696,9312
dummy,null_19925,9840,9312
dummy,null_19926,9936,9312
dummy,null_19927,0,9360
dummy,null_19928,96,9360
dummy,null_19929,240,9360
dummy,null_19930,288,9360
dummy,null_19931,432,9360
dummy,null_19932,480,9360
dummy,null_19933,528,9360
dummy,null_19934,672,9360
dummy,null_19935,720,9360
dummy,null_19936,816,9360
dummy,null_19937,864,9360
dummy,null_19938,912,9360
dummy,null_19939,1008,9360
dummy,null_19940,1056,9360
dummy,null_19941,1104,9360
dummy,null_19942,1152,9360
dummy,null_19943,1200,9360
dummy,null_19944,1392,9360
dummy,null_19945,1440,9360
dummy,null_19946,1488,9360
dummy,null_19947,1728,9360
dummy,null_19948,1776,9360
dummy,null_19949,1968,9360
dummy,null_19950,2112,9360
dummy,null_19951,2208,9360
dummy,null_19952,2256,9360
dummy,null_19953,2304,9360
dummy,null_19954,2400,9360
dummy,null_19955,2448,9360
dummy,null_19956,2592,9360
dummy,null_19957,2640,9360
dummy,null_19958,2688,9360
dummy,null_19959,2784,9360
dummy,null_19960,2928,9360
dummy,null_19961,3024,9360
dummy,null_19962,3072,9360
dummy,null_19963,3216,9360
dummy,null_19964,3264,9360
dummy,null_19965,3360,9360
dummy,null_19966,3408,9360
dummy,null_19967,3456,9360
dummy,null_19968,3504,9360
dummy,null_19969,3552,9360
dummy,null_19970,3648,9360
dummy,null_19971,3696,9360
dummy,null_19972,3744,9360
dummy,null_19973,3792,9360
dummy,null_19974,3840,9360
dummy,null_19975,3984,9360
dummy,null_19976,4080,9360
dummy,null_19977,4224,9360
dummy,null_19978,4656,9360
dummy,null_19979,4704,9360
dummy,null_19980,4752,9360
dummy,null_19981,4800,9360
dummy,null_19982,4848,9360
dummy,null_19983,4896,9360
dummy,null_19984,4992,9360
dummy,null_19985,5088,9360
dummy,null_19986,5232,9360
dummy,null_19987,5328,9360
dummy,null_19988,5472,9360
dummy,null_19989,5616,9360
dummy,null_19990,5664,9360
dummy,null_19991,5856,9360
dummy,null_19992,5952,9360
dummy,null_19993,6000,9360
dummy,null_19994,6048,9360
dummy,null_19995,6096,9360
dummy,null_19996,6336,9360
dummy,null_19997,6384,9360
dummy,null_19998,6480,9360
dummy,null_19999,6624,9360
dummy,null_20000,6672,9360
dummy,null_20001,6864,9360
dummy,null_20002,7008,9360
dummy,null_20003,7056,9360
dummy,null_20004,7104,9360
dummy,null_20005,7152,9360
dummy,null_20006,7200,9360
dummy,null_20007,7248,9360
dummy,null_20008,7344,9360
dummy,null_20009,7440,9360
dummy,null_20010,7488,9360
dummy,null_20011,7536,9360
dummy,null_20012,7584,9360
dummy,null_20013,7680,9360
dummy,null_20014,7728,9360
dummy,null_20015,7824,9360
dummy,null_20016,7872,9360
dummy,null_20017,7920,9360
dummy,null_20018,7968,9360
dummy,null_20019,8160,9360
dummy,null_20020,8256,9360
dummy,null_20021,8496,9360
dummy,null_20022,8592,9360
dummy,null_20023,8640,9360
dummy,null_20024,8832,9360
dummy,null_20025,9072,9360
dummy,null_20026,9120,9360
dummy,null_20027,9168,9360
dummy,null_20028,9216,9360
dummy,null_20029,9264,9360
dummy,null_20030,9456,9360
dummy,null_20031,9504,9360
dummy,null_20032,9600,9360
dummy,null_20033,9648,9360
dummy,null_20034,9696,9360
dummy,null_20035,9936,9360
dummy,null_20036,9984,9360
dummy,null_20037,0,9408
dummy,null_20038,48,9408
dummy,null_20039,96,9408
dummy,null_20040,144,9408
dummy,null_20041,192,9408
dummy,null_20042,288,9408
dummy,null_20043,336,9408
dummy,null_20044,384,9408
dummy,null_20045,432,9408
dummy,null_20046,480,9408
dummy,null_20047,528,9408
dummy,null_20048,720,9408
dummy,null_20049,768,9408
dummy,null_20050,864,9408
dummy,null_20051,960,9408
dummy,null_20052,1200,9408
dummy,null_20053,1248,9408
dummy,null_20054,1344,9408
dummy,null_20055,1440,9408
dummy,null_20056,1488,9408
dummy,null_20057,1536,9408
dummy,null_20058,1680,9408
dummy,null_20059,1728,9408
dummy,null_20060,1824,9408
dummy,null_20061,1920,9408
dummy,null_20062,1968,9408
dummy,null_20063,2016,9408
dummy,null_20064,2112,9408
dummy,null_20065,2208,9408
dummy,null_20066,2256,9408
dummy,null_20067,2304,9408
dummy,null_20068,2352,9408
dummy,null_20069,2400,9408
dummy,null_20070,2448,9408
dummy,null_20071,2496,9408
dummy,null_20072,2544,9408
dummy,null_20073,2688,9408
dummy,null_20074,2736,9408
dummy,null_20075,2880,9408
dummy,null_20076,2976,9408
dummy,null_20077,3024,9408
dummy,null_20078,3216,9408
dummy,null_20079,3264,9408
dummy,null_20080,3360,9408
dummy,null_20081,3408,9408
dummy,null_20082,3504,9408
dummy,null_20083,3600,9408
dummy,null_20084,3648,9408
dummy,null_20085,3696,9408
dummy,null_20086,3792,9408
dummy,null_20087,3936,9408
dummy,null_20088,3984,9408
dummy,null_20089,4032,9408
dummy,null_20090,4128,9408
dummy,null_20091,4224,9408
dummy,null_20092,4272,9408
dummy,null_20093,4320,9408
dummy,null_20094,4560,9408
dummy,null_20095,4944,9408
dummy,null_20096,4992,9408
dummy,null_20097,5088,9408
dummy,null_20098,5232,9408
dummy,null_20099,5280,9408
dummy,null_20100,5424,9408
dummy,null_20101,5520,9408
dummy,null_20102,5616,9408
dummy,null_20103,5664,9408
dummy,null_20104,5904,9408
dummy,null_20105,5952,9408
dummy,null_20106,6144,9408
dummy,null_20107,6192,9408
dummy,null_20108,6240,9408
dummy,null_20109,6288,9408
dummy,null_20110,6336,9408
dummy,null_20111,6432,9408
dummy,null_20112,6480,9408
dummy,null_20113,6624,9408
dummy,null_20114,6672,9408
dummy,null_20115,6720,9408
dummy,null_20116,6768,9408
dummy,null_20117,6864,9408
dummy,null_20118,7008,9408
dummy,null_20119,7056,9408
dummy,null_20120,7104,9408
dummy,null_20121,7440,9408
dummy,null_20122,7536,9408
dummy,null_20123,7584,9408
dummy,null_20124,7632,9408
dummy,null_20125,7776,9408
dummy,null_20126,7872,9408
dummy,null_20127,8016,9408
dummy,null_20128,8064,9408
dummy,null_20129,8112,9408
dummy,null_20130,8160,9408
dummy,null_20131,8208,9408
dummy,null_20132,8256,9408
dummy,null_20133,8304,9408
dummy,null_20134,8496,9408
dummy,null_20135,8592,9408
dummy,null_20136,8688,9408
dummy,null_20137,8736,9408
dummy,null_20138,8784,9408
dummy,null_20139,8880,9408
dummy,null_20140,8928,9408
dummy,null_20141,9072,9408
dummy,null_20142,9120,9408
dummy,null_20143,9168,9408
dummy,null_20144,9216,9408
dummy,null_20145,9264,9408
dummy,null_20146,9360,9408
dummy,null_20147,9792,9408
dummy,null_20148,9888,9408
dummy,null_20149,9936,9408
dummy,null_20150,0,9456
dummy,null_20151,48,9456
dummy,null_20152,96,9456
dummy,null_20153,240,9456
dummy,null_20154,288,9456
dummy,null_20155,384,9456
dummy,null_20156,432,9456
dummy,null_20157,480,9456
dummy,null_20158,528,9456
dummy,null_20159,576,9456
dummy,null_20160,624,9456
dummy,null_20161,672,9456
dummy,null_20162,768,9456
dummy,null_20163,864,9456
dummy,null_20164,1008,9456
dummy,null_20165,1200,9456
dummy,null_20166,1488,9456
dummy,null_20167,1584,9456
dummy,null_20168,1632,9456
dummy,null_20169,1680,9456
dummy,null_20170,1824,9456
dummy,null_20171,1872,9456
dummy,null_20172,1968,9456
dummy,null_20173,2016,9456
dummy,null_20174,2064,9456
dummy,null_20175,2112,9456
dummy,null_20176,2160,9456
dummy,null_20177,2208,9456
dummy,null_20178,2304,9456
dummy,null_20179,2496,9456
dummy,null_20180,2544,9456
dummy,null_20181,2592,9456
dummy,null_20182,2640,9456
dummy,null_20183,2784,9456
dummy,null_20184,2928,9456
dummy,null_20185,3024,9456
dummy,null_20186,3120,9456
dummy,null_20187,3168,9456
dummy,null_20188,3216,9456
dummy,null_20189,3408,9456
dummy,null_20190,3456,9456
dummy,null_20191,3552,9456
dummy,null_20192,3600,9456
dummy,null_20193,3744,9456
dummy,null_20194,3792,9456
dummy,null_20195,3888,9456
dummy,null_20196,3936,9456
dummy,null_20197,4032,9456
dummy,null_20198,4080,9456
dummy,null_20199,4128,9456
dummy,null_20200,4224,9456
dummy,null_20201,4272,9456
dummy,null_20202,4320,9456
dummy,null_20203,4608,9456
dummy,null_20204,4656,9456
dummy,null_20205,4704,9456
dummy,null_20206,4752,9456
dummy,null_20207,4800,9456
dummy,null_20208,4848,9456
dummy,null_20209,4896,9456
dummy,null_20210,4944,9456
dummy,null_20211,5088,9456
dummy,null_20212,5184,9456
dummy,null_20213,5280,9456
dummy,null_20214,5376,9456
dummy,null_20215,5568,9456
dummy,null_20216,5616,9456
dummy,null_20217,5664,9456
dummy,null_20218,5712,9456
dummy,null_20219,5856,9456
dummy,null_20220,6144,9456
dummy,null_20221,6192,9456
dummy,null_20222,6240,9456
dummy,null_20223,6288,9456
dummy,null_20224,6432,9456
dummy,null_20225,6528,9456
dummy,null_20226,6672,9456
dummy,null_20227,6768,9456
dummy,null_20228,6912,9456
dummy,null_20229,7008,9456
dummy,null_20230,7056,9456
dummy,null_20231,7104,9456
dummy,null_20232,7344,9456
dummy,null_20233,7392,9456
dummy,null_20234,7440,9456
dummy,null_20235,7680,9456
dummy,null_20236,7728,9456
dummy,null_20237,7776,9456
dummy,null_20238,7824,9456
dummy,null_20239,7872,9456
dummy,null_20240,7920,9456
dummy,null_20241,8016,9456
dummy,null_20242,8064,9456
dummy,null_20243,8112,9456
dummy,null_20244,8160,9456
dummy,null_20245,8256,9456
dummy,null_20246,8640,9456
dummy,null_20247,8688,9456
dummy,null_20248,8736,9456
dummy,null_20249,8928,9456
dummy,null_20250,8976,9456
dummy,null_20251,9072,9456
dummy,null_20252,9312,9456
dummy,null_20253,9456,9456
dummy,null_20254,9744,9456
dummy,null_20255,9984,9456
dummy,null_20256,0,9504
dummy,null_20257,48,9504
dummy,null_20258,96,9504
dummy,null_20259,240,9504
dummy,null_20260,336,9504
dummy,null_20261,384,9504
dummy,null_20262,528,9504
dummy,null_20263,624,9504
dummy,null_20264,672,9504
dummy,null_20265,720,9504
dummy,null_20266,864,9504
dummy,null_20267,912,9504
dummy,null_20268,960,9504
dummy,null_20269,1200,9504
dummy,null_20270,1248,9504
dummy,null_20271,1440,9504
dummy,null_20272,1584,9504
dummy,null_20273,1728,9504
dummy,null_20274,1776,9504
dummy,null_20275,1872,9504
dummy,null_20276,1920,9504
dummy,null_20277,1968,9504
dummy,null_20278,2112,9504
dummy,null_20279,2256,9504
dummy,null_20280,2496,9504
dummy,null_20281,2544,9504
dummy,null_20282,2592,9504
dummy,null_20283,2976,9504
dummy,null_20284,3024,9504
dummy,null_20285,3072,9504
dummy,null_20286,3120,9504
dummy,null_20287,3168,9504
dummy,null_20288,3264,9504
dummy,null_20289,3312,9504
dummy,null_20290,3360,9504
dummy,null_20291,3456,9504
dummy,null_20292,3504,9504
dummy,null_20293,3696,9504
dummy,null_20294,3792,9504
dummy,null_20295,3936,9504
dummy,null_20296,4032,9504
dummy,null_20297,4080,9504
dummy,null_20298,4128,9504
dummy,null_20299,4224,9504
dummy,null_20300,4320,9504
dummy,null_20301,4368,9504
dummy,null_20302,4416,9504
dummy,null_20303,4656,9504
dummy,null_20304,4800,9504
dummy,null_20305,4896,9504
dummy,null_20306,4944,9504
dummy,null_20307,4992,9504
dummy,null_20308,5040,9504
dummy,null_20309,5232,9504
dummy,null_20310,5376,9504
dummy,null_20311,5520,9504
dummy,null_20312,5568,9504
dummy,null_20313,5664,9504
dummy,null_20314,5952,9504
dummy,null_20315,6000,9504
dummy,null_20316,6096,9504
dummy,null_20317,6240,9504
dummy,null_20318,6432,9504
dummy,null_20319,6528,9504
dummy,null_20320,6624,9504
dummy,null_20321,6768,9504
dummy,null_20322,7008,9504
dummy,null_20323,7104,9504
dummy,null_20324,7152,9504
dummy,null_20325,7200,9504
dummy,null_20326,7296,9504
dummy,null_20327,7344,9504
dummy,null_20328,7584,9504
dummy,null_20329,7680,9504
dummy,null_20330,7728,9504
dummy,null_20331,8016,9504
dummy,null_20332,8256,9504
dummy,null_20333,8304,9504
dummy,null_20334,8352,9504
dummy,null_20335,8496,9504
dummy,null_20336,8640,9504
dummy,null_20337,8784,9504
dummy,null_20338,8976,9504
dummy,null_20339,9024,9504
dummy,null_20340,9072,9504
dummy,null_20341,9120,9504
dummy,null_20342,9168,9504
dummy,null_20343,9456,9504
dummy,null_20344,9744,9504
dummy,null_20345,0,9552
dummy,null_20346,96,9552
dummy,null_20347,192,9552
dummy,null_20348,288,9552
dummy,null_20349,432,9552
dummy,null_20350,528,9552
dummy,null_20351,576,9552
dummy,null_20352,624,9552
dummy,null_20353,672,9552
dummy,null_20354,720,9552
dummy,null_20355,816,9552
dummy,null_20356,912,9552
dummy,null_20357,1104,9552
dummy,null_20358,1200,9552
dummy,null_20359,1248,9552
dummy,null_20360,1344,9552
dummy,null_20361,1392,9552
dummy,null_20362,1680,9552
dummy,null_20363,1776,9552
dummy,null_20364,1824,9552
dummy,null_20365,1920,9552
dummy,null_20366,1968,9552
dummy,null_20367,2064,9552
dummy,null_20368,2112,9552
dummy,null_20369,2208,9552
dummy,null_20370,2256,9552
dummy,null_20371,2304,9552
dummy,null_20372,2352,9552
dummy,null_20373,2592,9552
dummy,null_20374,2688,9552
dummy,null_20375,2784,9552
dummy,null_20376,2880,9552
dummy,null_20377,2928,9552
dummy,null_20378,3216,9552
dummy,null_20379,3264,9552
dummy,null_20380,3312,9552
dummy,null_20381,3360,9552
dummy,null_20382,3408,9552
dummy,null_20383,3600,9552
dummy,null_20384,3696,9552
dummy,null_20385,3744,9552
dummy,null_20386,3792,9552
dummy,null_20387,3840,9552
dummy,null_20388,4080,9552
dummy,null_20389,4128,9552
dummy,null_20390,4224,9552
dummy,null_20391,4272,9552
dummy,null_20392,4320,9552
dummy,null_20393,4416,9552
dummy,null_20394,4656,9552
dummy,null_20395,4704,9552
dummy,null_20396,4800,9552
dummy,null_20397,4848,9552
dummy,null_20398,4944,9552
dummy,null_20399,4992,9552
dummy,null_20400,5040,9552
dummy,null_20401,5088,9552
dummy,null_20402,5136,9552
dummy,null_20403,5232,9552
dummy,null_20404,5424,9552
dummy,null_20405,5472,9552
dummy,null_20406,5568,9552
dummy,null_20407,5616,9552
dummy,null_20408,5712,9552
dummy,null_20409,5856,9552
dummy,null_20410,5952,9552
dummy,null_20411,6096,9552
dummy,null_20412,6192,9552
dummy,null_20413,6240,9552
dummy,null_20414,6288,9552
dummy,null_20415,6384,9552
dummy,null_20416,6432,9552
dummy,null_20417,6480,9552
dummy,null_20418,6528,9552
dummy,null_20419,6576,9552
dummy,null_20420,6720,9552
dummy,null_20421,6816,9552
dummy,null_20422,6864,9552
dummy,null_20423,7008,9552
dummy,null_20424,7104,9552
dummy,null_20425,7152,9552
dummy,null_20426,7392,9552
dummy,null_20427,7488,9552
dummy,null_20428,7536,9552
dummy,null_20429,7632,9552
dummy,null_20430,7728,9552
dummy,null_20431,7968,9552
dummy,null_20432,8016,9552
dummy,null_20433,8112,9552
dummy,null_20434,8208,9552
dummy,null_20435,8304,9552
dummy,null_20436,8544,9552
dummy,null_20437,8592,9552
dummy,null_20438,8688,9552
dummy,null_20439,8736,9552
dummy,null_20440,8784,9552
dummy,null_20441,8832,9552
dummy,null_20442,8880,9552
dummy,null_20443,9072,9552
dummy,null_20444,9120,9552
dummy,null_20445,9312,9552
dummy,null_20446,9360,9552
dummy,null_20447,9456,9552
dummy,null_20448,9504,9552
dummy,null_20449,9552,9552
dummy,null_20450,9648,9552
dummy,null_20451,9744,9552
dummy,null_20452,9840,9552
dummy,null_20453,9936,9552
dummy,null_20454,0,9600
dummy,null_20455,48,9600
dummy,null_20456,96,9600
dummy,null_20457,240,9600
dummy,null_20458,336,9600
dummy,null_20459,432,9600
dummy,null_20460,528,9600
dummy,null_20461,576,9600
dummy,null_20462,672,9600
dummy,null_20463,816,9600
dummy,null_20464,864,9600
dummy,null_20465,912,9600
dummy,null_20466,960,9600
dummy,null_20467,1056,9600
dummy,null_20468,1104,9600
dummy,null_20469,1248,9600
dummy,null_20470,1296,9600
dummy,null_20471,1392,9600
dummy,null_20472,1488,9600
dummy,null_20473,1584,9600
dummy,null_20474,1680,9600
dummy,null_20475,1728,9600
dummy,null_20476,1824,9600
dummy,null_20477,2304,9600
dummy,null_20478,2400,9600
dummy,null_20479,2592,9600
dummy,null_20480,2736,9600
dummy,null_20481,2784,9600
dummy,null_20482,3024,9600
dummy,null_20483,3120,9600
dummy,null_20484,3360,9600
dummy,null_20485,3504,9600
dummy,null_20486,3552,9600
dummy,null_20487,3648,9600
dummy,null_20488,3744,9600
dummy,null_20489,3792,9600
dummy,null_20490,3840,9600
dummy,null_20491,3888,9600
dummy,null_20492,4080,9600
dummy,null_20493,4272,9600
dummy,null_20494,4320,9600
dummy,null_20495,4368,9600
dummy,null_20496,4560,9600
dummy,null_20497,4608,9600
dummy,null_20498,4656,9600
dummy,null_20499,4704,9600
dummy,null_20500,4800,9600
dummy,null_20501,4848,9600
dummy,null_20502,4896,9600
dummy,null_20503,4944,9600
dummy,null_20504,5088,9600
dummy,null_20505,5184,9600
dummy,null_20506,5520,9600
dummy,null_20507,5856,9600
dummy,null_20508,5904,9600
dummy,null_20509,5952,9600
dummy,null_20510,6288,9600
dummy,null_20511,6480,9600
dummy,null_20512,6672,9600
dummy,null_20513,6768,9600
dummy,null_20514,6864,9600
dummy,null_20515,6912,9600
dummy,null_20516,7008,9600
dummy,null_20517,7152,9600
dummy,null_20518,7296,9600
dummy,null_20519,7488,9600
dummy,null_20520,7536,9600
dummy,null_20521,7680,9600
dummy,null_20522,7776,9600
dummy,null_20523,7920,9600
dummy,null_20524,7968,9600
dummy,null_20525,8160,9600
dummy,null_20526,8256,9600
dummy,null_20527,8352,9600
dummy,null_20528,8400,9600
dummy,null_20529,8448,9600
dummy,null_20530,8592,9600
dummy,null_20531,8640,9600
dummy,null_20532,8784,9600
dummy,null_20533,8880,9600
dummy,null_20534,8928,9600
dummy,null_20535,8976,9600
dummy,null_20536,9024,9600
dummy,null_20537,9120,9600
dummy,null_20538,9168,9600
dummy,null_20539,9264,9600
dummy,null_20540,9504,9600
dummy,null_20541,9552,9600
dummy,null_20542,9648,9600
dummy,null_20543,9792,9600
dummy,null_20544,9840,9600
dummy,null_20545,9888,9600
dummy,null_20546,9984,9600
dummy,null_20547,48,9648
dummy,null_20548,96,9648
dummy,null_20549,240,9648
dummy,null_20550,288,9648
dummy,null_20551,336,9648
dummy,null_20552,432,9648
dummy,null_20553,480,9648
dummy,null_20554,528,9648
dummy,null_20555,672,9648
dummy,null_20556,720,9648
dummy,null_20557,768,9648
dummy,null_20558,864,9648
dummy,null_20559,1296,9648
dummy,null_20560,1344,9648
dummy,null_20561,1392,9648
dummy,null_20562,1440,9648
dummy,null_20563,1536,9648
dummy,null_20564,1680,9648
dummy,null_20565,1728,9648
dummy,null_20566,1920,9648
dummy,null_20567,2064,9648
dummy,null_20568,2112,9648
dummy,null_20569,2352,9648
dummy,null_20570,2400,9648
dummy,null_20571,2448,9648
dummy,null_20572,2496,9648
dummy,null_20573,2544,9648
dummy,null_20574,2832,9648
dummy,null_20575,3024,9648
dummy,null_20576,3072,9648
dummy,null_20577,3120,9648
dummy,null_20578,3216,9648
dummy,null_20579,3264,9648
dummy,null_20580,3360,9648
dummy,null_20581,3456,9648
dummy,null_20582,3504,9648
dummy,null_20583,3600,9648
dummy,null_20584,3696,9648
dummy,null_20585,3744,9648
dummy,null_20586,3792,9648
dummy,null_20587,3888,9648
dummy,null_20588,4128,9648
dummy,null_20589,4176,9648
dummy,null_20590,4272,9648
dummy,null_20591,4320,9648
dummy,null_20592,4464,9648
dummy,null_20593,4752,9648
dummy,null_20594,4848,9648
dummy,null_20595,4992,9648
dummy,null_20596,5040,9648
dummy,null_20597,5136,9648
dummy,null_20598,5232,9648
dummy,null_20599,5280,9648
dummy,null_20600,5520,9648
dummy,null_20601,5760,9648
dummy,null_20602,5808,9648
dummy,null_20603,5952,9648
dummy,null_20604,6000,9648
dummy,null_20605,6048,9648
dummy,null_20606,6096,9648
dummy,null_20607,6432,9648
dummy,null_20608,6720,9648
dummy,null_20609,6816,9648
dummy,null_20610,6864,9648
dummy,null_20611,6960,9648
dummy,null_20612,7008,9648
dummy,null_20613,7152,9648
dummy,null_20614,7200,9648
dummy,null_20615,7296,9648
dummy,null_20616,7344,9648
dummy,null_20617,7488,9648
dummy,null_20618,7728,9648
dummy,null_20619,7824,9648
dummy,null_20620,7872,9648
dummy,null_20621,7920,9648
dummy,null_20622,7968,9648
dummy,null_20623,8352,9648
dummy,null_20624,8496,9648
dummy,null_20625,8544,9648
dummy,null_20626,8592,9648
dummy,null_20627,8640,9648
dummy,null_20628,8688,9648
dummy,null_20629,8736,9648
dummy,null_20630,8784,9648
dummy,null_20631,8880,9648
dummy,null_20632,8928,9648
dummy,null_20633,8976,9648
dummy,null_20634,9024,9648
dummy,null_20635,9168,9648
dummy,null_20636,9216,9648
dummy,null_20637,9312,9648
dummy,null_20638,9360,9648
dummy,null_20639,9456,9648
dummy,null_20640,9552,9648
dummy,null_20641,9600,9648
dummy,null_20642,9696,9648
dummy,null_20643,9840,9648
dummy,null_20644,9888,9648
dummy,null_20645,9936,9648
dummy,null_20646,9984,9648
dummy,null_20647,0,9696
dummy,null_20648,48,9696
dummy,null_20649,144,9696
dummy,null_20650,240,9696
dummy,null_20651,288,9696
dummy,null_20652,336,9696
dummy,null_20653,384,9696
dummy,null_20654,576,9696
dummy,null_20655,720,9696
dummy,null_20656,864,9696
dummy,null_20657,912,9696
dummy,null_20658,960,9696
dummy,null_20659,1152,9696
dummy,null_20660,1344,9696
dummy,null_20661,1488,9696
dummy,null_20662,1536,9696
dummy,null_20663,1584,9696
dummy,null_20664,1680,9696
dummy,null_20665,1824,9696
dummy,null_20666,1872,9696
dummy,null_20667,1920,9696
dummy,null_20668,2064,9696
dummy,null_20669,2112,9696
dummy,null_20670,2208,9696
dummy,null_20671,2256,9696
dummy,null_20672,2352,9696
dummy,null_20673,2496,9696
dummy,null_20674,2544,9696
dummy,null_20675,2592,9696
dummy,null_20676,2736,9696
dummy,null_20677,2784,9696
dummy,null_20678,2832,9696
dummy,null_20679,2928,9696
dummy,null_20680,2976,9696
dummy,null_20681,3264,9696
dummy,null_20682,3360,9696
dummy,null_20683,3648,9696
dummy,null_20684,3696,9696
dummy,null_20685,3744,9696
dummy,null_20686,3792,9696
dummy,null_20687,3840,9696
dummy,null_20688,3888,9696
dummy,null_20689,3936,9696
dummy,null_20690,3984,9696
dummy,null_20691,4032,9696
dummy,null_20692,4080,9696
dummy,null_20693,4128,9696
dummy,null_20694,4224,9696
dummy,null_20695,4416,9696
dummy,null_20696,4512,9696
dummy,null_20697,4560,9696
dummy,null_20698,4656,9696
dummy,null_20699,4704,9696
dummy,null_20700,4752,9696
dummy,null_20701,4992,9696
dummy,null_20702,5040,9696
dummy,null_20703,5088,9696
dummy,null_20704,5184,9696
dummy,null_20705,5232,9696
dummy,null_20706,5280,9696
dummy,null_20707,5328,9696
dummy,null_20708,5376,9696
dummy,null_20709,5424,9696
dummy,null_20710,5472,9696
dummy,null_20711,5568,9696
dummy,null_20712,5664,9696
dummy,null_20713,5712,9696
dummy,null_20714,5760,9696
dummy,null_20715,5808,9696
dummy,null_20716,5904,9696
dummy,null_20717,6000,9696
dummy,null_20718,6144,9696
dummy,null_20719,6288,9696
dummy,null_20720,6336,9696
dummy,null_20721,6384,9696
dummy,null_20722,6480,9696
dummy,null_20723,6528,9696
dummy,null_20724,6624,9696
dummy,null_20725,6816,9696
dummy,null_20726,7008,9696
dummy,null_20727,7056,9696
dummy,null_20728,7536,9696
dummy,null_20729,7584,9696
dummy,null_20730,7728,9696
dummy,null_20731,7776,9696
dummy,null_20732,7872,9696
dummy,null_20733,7920,9696
dummy,null_20734,8064,9696
dummy,null_20735,8160,9696
dummy,null_20736,8208,9696
dummy,null_20737,8304,9696
dummy,null_20738,8400,9696
dummy,null_20739,8592,9696
dummy,null_20740,8784,9696
dummy,null_20741,9024,9696
dummy,null_20742,9264,9696
dummy,null_20743,9312,9696
dummy,null_20744,9408,9696
dummy,null_20745,9456,9696
dummy,null_20746,9504,9696
dummy,null_20747,9552,9696
dummy,null_20748,9696,9696
dummy,null_20749,9744,9696
dummy,null_20750,9792,9696
dummy,null_20751,9840,9696
dummy,null_20752,192,9744
dummy,null_20753,240,9744
dummy,null_20754,336,9744
dummy,null_20755,480,9744
dummy,null_20756,528,9744
dummy,null_20757,576,9744
dummy,null_20758,624,9744
dummy,null_20759,720,9744
dummy,null_20760,864,9744
dummy,null_20761,912,9744
dummy,null_20762,1056,9744
dummy,null_20763,1104,9744
dummy,null_20764,1200,9744
dummy,null_20765,1392,9744
dummy,null_20766,1488,9744
dummy,null_20767,1584,9744
dummy,null_20768,1776,9744
dummy,null_20769,1824,9744
dummy,null_20770,1968,9744
dummy,null_20771,2016,9744
dummy,null_20772,2064,9744
dummy,null_20773,2112,9744
dummy,null_20774,2208,9744
dummy,null_20775,2352,9744
dummy,null_20776,2400,9744
dummy,null_20777,2592,9744
dummy,null_20778,2784,9744
dummy,null_20779,2832,9744
dummy,null_20780,2928,9744
dummy,null_20781,2976,9744
dummy,null_20782,3024,9744
dummy,null_20783,3120,9744
dummy,null_20784,3168,9744
dummy,null_20785,3216,9744
dummy,null_20786,3264,9744
dummy,null_20787,3312,9744
dummy,null_20788,3408,9744
dummy,null_20789,3504,9744
dummy,null_20790,3552,9744
dummy,null_20791,3696,9744
dummy,null_20792,3744,9744
dummy,null_20793,3792,9744
dummy,null_20794,3888,9744
dummy,null_20795,3936,9744
dummy,null_20796,3984,9744
dummy,null_20797,4032,9744
dummy,null_20798,4080,9744
dummy,null_20799,4128,9744
dummy,null_20800,4272,9744
dummy,null_20801,4464,9744
dummy,null_20802,4512,9744
dummy,null_20803,4560,9744
dummy,null_20804,4704,9744
dummy,null_20805,4800,9744
dummy,null_20806,4848,9744
dummy,null_20807,4944,9744
dummy,null_20808,5136,9744
dummy,null_20809,5232,9744
dummy,null_20810,5424,9744
dummy,null_20811,5472,9744
dummy,null_20812,5712,9744
dummy,null_20813,5808,9744
dummy,null_20814,5856,9744
dummy,null_20815,5904,9744
dummy,null_20816,6144,9744
dummy,null_20817,6192,9744
dummy,null_20818,6384,9744
dummy,null_20819,6480,9744
dummy,null_20820,6576,9744
dummy,null_20821,6624,9744
dummy,null_20822,6672,9744
dummy,null_20823,6768,9744
dummy,null_20824,6864,9744
dummy,null_20825,6960,9744
dummy,null_20826,7056,9744
dummy,null_20827,7440,9744
dummy,null_20828,7488,9744
dummy,null_20829,7536,9744
dummy,null_20830,7584,9744
dummy,null_20831,7776,9744
dummy,null_20832,7824,9744
dummy,null_20833,7872,9744
dummy,null_20834,7968,9744
dummy,null_20835,8064,9744
dummy,null_20836,8304,9744
dummy,null_20837,8496,9744
dummy,null_20838,8592,9744
dummy,null_20839,8784,9744
dummy,null_20840,8880,9744
dummy,null_20841,9024,9744
dummy,null_20842,9072,9744
dummy,null_20843,9120,9744
dummy,null_20844,9168,9744
dummy,null_20845,9216,9744
dummy,null_20846,9264,9744
dummy,null_20847,9360,9744
dummy,null_20848,9456,9744
dummy,null_20849,9504,9744
dummy,null_20850,9552,9744
dummy,null_20851,9792,9744
dummy,null_20852,9840,9744
dummy,null_20853,0,9792
dummy,null_20854,144,9792
dummy,null_20855,192,9792
dummy,null_20856,384,9792
dummy,null_20857,432,9792
dummy,null_20858,528,9792
dummy,null_20859,576,9792
dummy,null_20860,672,9792
dummy,null_20861,720,9792
dummy,null_20862,768,9792
dummy,null_20863,816,9792
dummy,null_20864,912,9792
dummy,null_20865,1008,9792
dummy,null_20866,1104,9792
dummy,null_20867,1152,9792
dummy,null_20868,1200,9792
dummy,null_20869,1296,9792
dummy,null_20870,1344,9792
dummy,null_20871,1392,9792
dummy,null_20872,1440,9792
dummy,null_20873,1488,9792
dummy,null_20874,1632,9792
dummy,null_20875,1776,9792
dummy,null_20876,1824,9792
dummy,null_20877,1920,9792
dummy,null_20878,1968,9792
dummy,null_20879,2016,9792
dummy,null_20880,2160,9792
dummy,null_20881,2208,9792
dummy,null_20882,2256,9792
dummy,null_20883,2400,9792
dummy,null_20884,2496,9792
dummy,null_20885,2544,9792
dummy,null_20886,2592,9792
dummy,null_20887,2688,9792
dummy,null_20888,2832,9792
dummy,null_20889,2928,9792
dummy,null_20890,3072,9792
dummy,null_20891,3120,9792
dummy,null_20892,3216,9792
dummy,null_20893,3312,9792
dummy,null_20894,3408,9792
dummy,null_20895,3552,9792
dummy,null_20896,3696,9792
dummy,null_20897,4032,9792
dummy,null_20898,4080,9792
dummy,null_20899,4128,9792
dummy,null_20900,4224,9792
dummy,null_20901,4368,9792
dummy,null_20902,4416,9792
dummy,null_20903,4560,9792
dummy,null_20904,4656,9792
dummy,null_20905,4704,9792
dummy,null_20906,4752,9792
dummy,null_20907,4800,9792
dummy,null_20908,4848,9792
dummy,null_20909,4992,9792
dummy,null_20910,5040,9792
dummy,null_20911,5280,9792
dummy,null_20912,5568,9792
dummy,null_20913,5616,9792
dummy,null_20914,5760,9792
dummy,null_20915,5952,9792
dummy,null_20916,6000,9792
dummy,null_20917,6096,9792
dummy,null_20918,6144,9792
dummy,null_20919,6192,9792
dummy,null_20920,6240,9792
dummy,null_20921,6336,9792
dummy,null_20922,6384,9792
dummy,null_20923,6720,9792
dummy,null_20924,6816,9792
dummy,null_20925,6864,9792
dummy,null_20926,6912,9792
dummy,null_20927,6960,9792
dummy,null_20928,7008,9792
dummy,null_20929,7056,9792
dummy,null_20930,7200,9792
dummy,null_20931,7344,9792
dummy,null_20932,7392,9792
dummy,null_20933,7440,9792
dummy,null_20934,7488,9792
dummy,null_20935,7632,9792
dummy,null_20936,7824,9792
dummy,null_20937,7920,9792
dummy,null_20938,7968,9792
dummy,null_20939,8064,9792
dummy,null_20940,8160,9792
dummy,null_20941,8256,9792
dummy,null_20942,8592,9792
dummy,null_20943,8688,9792
dummy,null_20944,8736,9792
dummy,null_20945,8832,9792
dummy,null_20946,8928,9792
dummy,null_20947,8976,9792
dummy,null_20948,9024,9792
dummy,null_20949,9072,9792
dummy,null_20950,9120,9792
dummy,null_20951,9168,9792
dummy,null_20952,9360,9792
dummy,null_20953,9408,9792
dummy,null_20954,9504,9792
dummy,null_20955,9552,9792
dummy,null_20956,9600,9792
dummy,null_20957,9648,9792
dummy,null_20958,9696,9792
dummy,null_20959,9744,9792
dummy,null_20960,9792,9792
dummy,null_20961,9888,9792
dummy,null_20962,9936,9792
dummy,null_20963,48,9840
dummy,null_20964,480,9840
dummy,null_20965,624,9840
dummy,null_20966,672,9840
dummy,null_20967,720,9840
dummy,null_20968,768,9840
dummy,null_20969,864,9840
dummy,null_20970,1200,9840
dummy,null_20971,1296,9840
dummy,null_20972,1440,9840
dummy,null_20973,1632,9840
dummy,null_20974,1728,9840
dummy,null_20975,1920,9840
dummy,null_20976,2016,9840
dummy,null_20977,2064,9840
dummy,null_20978,2160,9840
dummy,null_20979,2208,9840
dummy,null_20980,2304,9840
dummy,null_20981,2400,9840
dummy,null_20982,2496,9840
dummy,null_20983,2544,9840
dummy,null_20984,2640,9840
dummy,null_20985,2736,9840
dummy,null_20986,2880,9840
dummy,null_20987,2976,9840
dummy,null_20988,3072,9840
dummy,null_20989,3120,9840
dummy,null_20990,3168,9840
dummy,null_20991,3216,9840
dummy,null_20992,3360,9840
dummy,null_20993,3504,9840
dummy,null_20994,3552,9840
dummy,null_20995,3648,9840
dummy,null_20996,3696,9840
dummy,null_20997,3792,9840
dummy,null_20998,4080,9840
dummy,null_20999,4224,9840
dummy,null_21000,4368,9840
dummy,null_21001,4416,9840
dummy,null_21002,4464,9840
dummy,null_21003,4896,9840
dummy,null_21004,5040,9840
dummy,null_21005,5232,9840
dummy,null_21006,5520,9840
dummy,null_21007,5568,9840
dummy,null_21008,5616,9840
dummy,null_21009,5712,9840
dummy,null_21010,5760,9840
dummy,null_21011,5808,9840
dummy,null_21012,5952,9840
dummy,null_21013,6000,9840
dummy,null_21014,6048,9840
dummy,null_21015,6096,9840
dummy,null_21016,6336,9840
dummy,null_21017,6384,9840
dummy,null_21018,6528,9840
dummy,null_21019,6672,9840
dummy,null_21020,6720,9840
dummy,null_21021,6768,9840
dummy,null_21022,6816,9840
dummy,null_21023,7008,9840
dummy,null_21024,7056,9840
dummy,null_21025,7104,9840
dummy,null_21026,7152,9840
dummy,null_21027,7248,9840
dummy,null_21028,7392,9840
dummy,null_21029,7488,9840
dummy,null_21030,7536,9840
dummy,null_21031,7584,9840
dummy,null_21032,7680,9840
dummy,null_21033,7824,9840
dummy,null_21034,7968,9840
dummy,null_21035,8016,9840
dummy,null_21036,8064,9840
dummy,null_21037,8112,9840
dummy,null_21038,8160,9840
dummy,null_21039,8304,9840
dummy,null_21040,8352,9840
dummy,null_21041,8448,9840
dummy,null_21042,8544,9840
dummy,null_21043,8592,9840
dummy,null_21044,8688,9840
dummy,null_21045,8784,9840
dummy,null_21046,8928,9840
dummy,null_21047,9024,9840
dummy,null_21048,9168,9840
dummy,null_21049,9264,9840
dummy,null_21050,9408,9840
dummy,null_21051,9456,9840
dummy,null_21052,9504,9840
dummy,null_21053,9552,9840
dummy,null_21054,9888,9840
dummy,null_21055,9936,9840
dummy,null_21056,48,9888
dummy,null_21057,192,9888
dummy,null_21058,240,9888
dummy,null_21059,336,9888
dummy,null_21060,384,9888
dummy,null_21061,480,9888
dummy,null_21062,528,9888
dummy,null_21063,624,9888
dummy,null_21064,720,9888
dummy,null_21065,768,9888
dummy,null_21066,816,9888
dummy,null_21067,960,9888
dummy,null_21068,1008,9888
dummy,null_21069,1200,9888
dummy,null_21070,1248,9888
dummy,null_21071,1344,9888
dummy,null_21072,1392,9888
dummy,null_21073,1440,9888
dummy,null_21074,1584,9888
dummy,null_21075,1680,9888
dummy,null_21076,1872,9888
dummy,null_21077,1968,9888
dummy,null_21078,2016,9888
dummy,null_21079,2160,9888
dummy,null_21080,2208,9888
dummy,null_21081,2256,9888
dummy,null_21082,2304,9888
dummy,null_21083,2448,9888
dummy,null_21084,2496,9888
dummy,null_21085,2544,9888
dummy,null_21086,2640,9888
dummy,null_21087,2736,9888
dummy,null_21088,2832,9888
dummy,null_21089,2880,9888
dummy,null_21090,3024,9888
dummy,null_21091,3072,9888
dummy,null_21092,3120,9888
dummy,null_21093,3168,9888
dummy,null_21094,3216,9888
dummy,null_21095,3312,9888
dummy,null_21096,3360,9888
dummy,null_21097,3600,9888
dummy,null_21098,3648,9888
dummy,null_21099,3696,9888
dummy,null_21100,3744,9888
dummy,null_21101,3792,9888
dummy,null_21102,3840,9888
dummy,null_21103,3888,9888
dummy,null_21104,3936,9888
dummy,null_21105,4032,9888
dummy,null_21106,4080,9888
dummy,null_21107,4128,9888
dummy,null_21108,4320,9888
dummy,null_21109,4368,9888
dummy,null_21110,4464,9888
dummy,null_21111,4512,9888
dummy,null_21112,4704,9888
dummy,null_21113,4752,9888
dummy,null_21114,4800,9888
dummy,null_21115,4944,9888
dummy,null_21116,4992,9888
dummy,null_21117,5136,9888
dummy,null_21118,5184,9888
dummy,null_21119,5376,9888
dummy,null_21120,5424,9888
dummy,null_21121,5472,9888
dummy,null_21122,5568,9888
dummy,null_21123,5760,9888
dummy,null_21124,5808,9888
dummy,null_21125,5856,9888
dummy,null_21126,5904,9888
dummy,null_21127,5952,9888
dummy,null_21128,6000,9888
dummy,null_21129,6048,9888
dummy,null_21130,6096,9888
dummy,null_21131,6240,9888
dummy,null_21132,6480,9888
dummy,null_21133,6528,9888
dummy,null_21134,6576,9888
dummy,null_21135,6624,9888
dummy,null_21136,6672,9888
dummy,null_21137,6720,9888
dummy,null_21138,6816,9888
dummy,null_21139,6912,9888
dummy,null_21140,7056,9888
dummy,null_21141,7200,9888
dummy,null_21142,7344,9888
dummy,null_21143,7488,9888
dummy,null_21144,7584,9888
dummy,null_21145,7680,9888
dummy,null_21146,7776,9888
dummy,null_21147,7824,9888
dummy,null_21148,7872,9888
dummy,null_21149,8016,9888
dummy,null_21150,8064,9888
dummy,null_21151,8112,9888
dummy,null_21152,8160,9888
dummy,null_21153,8208,9888
dummy,null_21154,8304,9888
dummy,null_21155,8352,9888
dummy,null_21156,8640,9888
dummy,null_21157,8736,9888
dummy,null_21158,8928,9888
dummy,null_21159,9024,9888
dummy,null_21160,9120,9888
dummy,null_21161,9264,9888
dummy,null_21162,9360,9888
dummy,null_21163,9408,9888
dummy,null_21164,9456,9888
dummy,null_21165,9552,9888
dummy,null_21166,9600,9888
dummy,null_21167,9696,9888
dummy,null_21168,9744,9888
dummy,null_21169,9792,9888
dummy,null_21170,9840,9888
dummy,null_21171,9936,9888
dummy,null_21172,48,9936
dummy,null_21173,96,9936
dummy,null_21174,240,9936
dummy,null_21175,336,9936
dummy,null_21176,384,9936
dummy,null_21177,528,9936
dummy,null_21178,624,9936
dummy,null_21179,720,9936
dummy,null_21180,768,9936
dummy,null_21181,816,9936
dummy,null_21182,960,9936
dummy,null_21183,1056,9936
dummy,null_21184,1152,9936
dummy,null_21185,1200,9936
dummy,null_21186,1296,9936
dummy,null_21187,1536,9936
dummy,null_21188,1584,9936
dummy,null_21189,1632,9936
dummy,null_21190,1680,9936
dummy,null_21191,1728,9936
dummy,null_21192,1776,9936
dummy,null_21193,1968,9936
dummy,null_21194,2016,9936
dummy,null_21195,2256,9936
dummy,null_21196,2304,9936
dummy,null_21197,2352,9936
dummy,null_21198,2400,9936
dummy,null_21199,2544,9936
dummy,null_21200,2592,9936
dummy,null_21201,2640,9936
dummy,null_21202,2736,9936
dummy,null_21203,2784,9936
dummy,null_21204,2928,9936
dummy,null_21205,2976,9936
dummy,null_21206,3120,9936
dummy,null_21207,3312,9936
dummy,null_21208,3360,9936
dummy,null_21209,3504,9936
dummy,null_21210,3552,9936
dummy,null_21211,3648,9936
dummy,null_21212,3696,9936
dummy,null_21213,3792,9936
dummy,null_21214,3936,9936
dummy,null_21215,3984,9936
dummy,null_21216,4272,9936
dummy,null_21217,4320,9936
dummy,null_21218,4416,9936
dummy,null_21219,4512,9936
dummy,null_21220,4560,9936
dummy,null_21221,4608,9936
dummy,null_21222,4704,9936
dummy,null_21223,4752,9936
dummy,null_21224,4848,9936
dummy,null_21225,4896,9936
dummy,null_21226,4992,9936
dummy,null_21227,5088,9936
dummy,null_21228,5136,9936
dummy,null_21229,5184,9936
dummy,null_21230,5232,9936
dummy,null_21231,5280,9936
dummy,null_21232,5328,9936
dummy,null_21233,5424,9936
dummy,null_21234,5472,9936
dummy,null_21235,5520,9936
dummy,null_21236,5568,9936
dummy,null_21237,5664,9936
dummy,null_21238,6000,9936
dummy,null_21239,6048,9936
dummy,null_21240,6096,9936
dummy,null_21241,6192,9936
dummy,null_21242,6288,9936
dummy,null_21243,6384,9936
dummy,null_21244,6432,9936
dummy,null_21245,6576,9936
dummy,null_21246,6624,9936
dummy,null_21247,6768,9936
dummy,null_21248,6864,9936
dummy,null_21249,6912,9936
dummy,null_21250,7008,9936
dummy,null_21251,7104,9936
dummy,null_21252,7152,9936
dummy,null_21253,7248,9936
dummy,null_21254,7296,9936
dummy,null_21255,7392,9936
dummy,null_21256,7488,9936
dummy,null_21257,7536,9936
dummy,null_21258,7728,9936
dummy,null_21259,7776,9936
dummy,null_21260,7872,9936
dummy,null_21261,7920,9936
dummy,null_21262,7968,9936
dummy,null_21263,8112,9936
dummy,null_21264,8304,9936
dummy,null_21265,8352,9936
dummy,null_21266,8400,9936
dummy,null_21267,8448,9936
dummy,null_21268,8688,9936
dummy,null_21269,8736,9936
dummy,null_21270,8784,9936
dummy,null_21271,8832,9936
dummy,null_21272,8928,9936
dummy,null_21273,9072,9936
dummy,null_21274,9168,9936
dummy,null_21275,9312,9936
dummy,null_21276,9360,9936
dummy,null_21277,9504,9936
dummy,null_21278,9552,9936
dummy,null_21279,9600,9936
dummy,null_21280,9792,9936
dummy,null_21281,9840,9936
dummy,null_21282,9888,9936
dummy,null_21283,9936,9936
dummy,null_21284,9984,9936
dummy,null_21285,0,9984
dummy,null_21286,192,9984
dummy,null_21287,288,9984
dummy,null_21288,384,9984
dummy,null_21289,432,9984
dummy,null_21290,480,9984
dummy,null_21291,576,9984
dummy,null_21292,624,9984
dummy,null_21293,672,9984
dummy,null_21294,768,9984
dummy,null_21295,864,9984
dummy,null_21296,960,9984
dummy,null_21297,1008,9984
dummy,null_21298,1104,9984
dummy,null_21299,1152,9984
dummy,null_21300,1200,9984
dummy,null_21301,1248,9984
dummy,null_21302,1440,9984
dummy,null_21303,1488,9984
dummy,null_21304,1584,9984
dummy,null_21305,1632,9984
dummy,null_21306,1824,9984
dummy,null_21307,2208,9984
dummy,null_21308,2304,9984
dummy,null_21309,2352,9984
dummy,null_21310,2496,9984
dummy,null_21311,2640,9984
dummy,null_21312,2688,9984
dummy,null_21313,2832,9984
dummy,null_21314,2880,9984
dummy,null_21315,3024,9984
dummy,null_21316,3264,9984
dummy,null_21317,3408,9984
dummy,null_21318,3504,9984
dummy,null_21319,3600,9984
dummy,null_21320,3696,9984
dummy,null_21321,3744,9984
dummy,null_21322,3984,9984
dummy,null_21323,4032,9984
dummy,null_21324,4080,9984
dummy,null_21325,4128,9984
dummy,null_21326,4176,9984
dummy,null_21327,4368,9984
dummy,null_21328,4416,9984
dummy,null_21329,4464,9984
dummy,null_21330,4512,9984
dummy,null_21331,4704,9984
dummy,null_21332,4752,9984
dummy,null_21333,4800,9984
dummy,null_21334,4896,9984
dummy,null_21335,4944,9984
dummy,null_21336,5136,9984
dummy,null_21337,5184,9984
dummy,null_21338,5328,9984
dummy,null_21339,5424,9984
dummy,null_21340,5472,9984
dummy,null_21341,5664,9984
dummy,null_21342,5712,9984
dummy,null_21343,5808,9984
dummy,null_21344,5856,9984
dummy,null_21345,6000,9984
dummy,null_21346,6048,9984
dummy,null_21347,6192,9984
dummy,null_21348,6240,9984
dummy,null_21349,6288,9984
dummy,null_21350,6336,9984
dummy,null_21351,6480,9984
dummy,null_21352,6576,9984
dummy,null_21353,6672,9984
dummy,null_21354,6768,9984
dummy,null_21355,6816,9984
dummy,null_21356,6912,9984
dummy,null_21357,6960,9984
dummy,null_21358,7008,9984
dummy,null_21359,7056,9984
dummy,null_21360,7200,9984
dummy,null_21361,7296,9984
dummy,null_21362,7392,9984
dummy,null_21363,7536,9984
dummy,null_21364,7632,9984
dummy,null_21365,7824,9984
dummy,null_21366,7872,9984
dummy,null_21367,7920,9984
dummy,null_21368,8016,9984
dummy,null_21369,8160,9984
dummy,null_21370,8256,9984
dummy,null_21371,8304,9984
dummy,null_21372,8352,9984
dummy,null_21373,8400,9984
dummy,null_21374,8448,9984
dummy,null_21375,8496,9984
dummy,null_21376,8640,9984
dummy,null_21377,8688,9984
dummy,null_21378,8736,9984
dummy,null_21379,8880,9984
dummy,null_21380,8976,9984
dummy,null_21381,9024,9984
dummy,null_21382,9072,9984
dummy,null_21383,9120,9984
dummy,null_21384,9264,9984
dummy,null_21385,9360,9984
dummy,null_21386,9504,9984
dummy,null_21387,9600,9984
dummy,null_21388,9648,9984
dummy,null_21389,9792,9984
dummy,null_21390,9888,9984
